model,group,player_id,playername,teamname,estimate,posterior_sd,hdi_prob,hdi_lower,hdi_upper,p_gt_zero,p_lt_zero,r_hat,ess_bulk,ess_tail,tempo_ratio,tempo_ratio_hdi_lower,tempo_ratio_hdi_upper,tempo_pct_difference,tempo_pct_difference_lower,tempo_pct_difference_upper,expected_tempo_pct_change,rank
mu,player,240,Rúben Neves,Portugal,0.14510929606773412,0.027959685284195363,0.95,0.0927819983856104,0.20031488965554486,1.0,0.0,1.0018213726647682,7497.8357635940665,3404.096342911702,1.1561659277522593,1.0972225129144397,1.2217874258147225,15.616592775225936,9.722251291443973,22.178742581472257,15.616592775225936,1
mu,player,1960,Timothy Castagne,Belgium,0.13190581097493817,0.030991524239170988,0.95,0.07023193266501107,0.19134410871780985,1.0,0.0,1.0014663665650787,6618.5296436664175,3120.517778559922,1.141000844448707,1.0727569597837594,1.210876053405279,14.100084444870697,7.27569597837594,21.087605340527894,14.100084444870697,2
mu,player,4602,Manuel Neuer,Germany,0.12340629899753067,0.03991083057153257,0.95,0.04530475173156329,0.20302188274111999,0.999,0.001,1.0010193227198247,6829.013071969468,2964.144327156655,1.1313439915092505,1.0463466872894183,1.2250992764844928,13.134399150925047,4.6346687289418265,22.509927648449278,13.134399150925047,3
mu,player,265,Declan Rice,England,0.12278028405562415,0.02356185550683214,0.95,0.07700272859708886,0.16923641177455942,1.0,0.0,1.000211155383804,7312.97733705798,3407.4856315779807,1.130635974903739,1.0800450233962864,1.1844001119604612,13.06359749037389,8.004502339628639,18.440011196046125,13.06359749037389,4
mu,player,8033,Davy Klaassen,Netherlands,0.11081782102992335,0.04469982040728232,0.95,0.02668271703869381,0.2011724245210231,0.996,0.004,1.0028961095237556,6347.216953997029,3260.390047556914,1.1171913595427414,1.0270418881709855,1.2228356004894934,11.71913595427414,2.7041888170985517,22.283560048949337,11.71913595427414,5
mu,player,1519,Sergio Busquets,Spain,0.10709942272741216,0.026127838952092614,0.95,0.05557884784417932,0.15886769865868236,1.0,0.0,0.9999453154636696,6703.887925246001,3149.3108417096696,1.1130449109391287,1.057152367971544,1.1721828550575353,11.304491093912873,5.715236797154399,17.218285505753528,11.304491093912873,6
mu,player,13920,Jun-ho Son,South Korea,0.095065848437496,0.043548314403314595,0.95,0.01233534076848908,0.1809138509528451,0.9885,0.0115,1.000707441547525,6340.9098935555085,3184.9455677962014,1.0997312683276135,1.0124117348770547,1.198311941414394,9.973126832761348,1.2411734877054714,19.83119414143939,9.973126832761348,7
mu,player,7419,Krystian Bielik,Poland,0.09106416120001348,0.03894527143395141,0.95,0.015966360980416486,0.1663222331439195,0.99425,0.00575,1.0049915386785797,7604.61880875573,3051.9707036586587,1.0953392812866534,1.0160945044082579,1.1809535828039863,9.533928128665337,1.6094504408257881,18.09535828039863,9.533928128665337,8
mu,player,13848,Kamil Glik,Poland,0.09013983116671584,0.03386229966792652,0.95,0.02330137644440911,0.15744649843161776,0.99625,0.00375,1.001154516594438,7673.564463945528,3016.3837311939774,1.0943272940694508,1.0235749744537623,1.1705181317505393,9.432729406945084,2.357497445376233,17.05181317505393,9.432729406945084,9
mu,player,241,Leander Dendoncker,Belgium,0.08994205438859149,0.03223243452965729,0.95,0.02526385667207696,0.15154268649195216,0.99775,0.00225,1.0002539670192978,7503.377972372058,3049.2363053237377,1.0941108829442692,1.0255856924544953,1.1636279719456057,9.411088294426918,2.558569245449527,16.362797194560574,9.411088294426918,10
mu,player,1876,William Carvalho,Portugal,0.08944279700305,0.03255523413592272,0.95,0.026172101407556263,0.15333270096079185,0.996,0.004,1.0018901070280348,8255.053067532408,2984.7375701162578,1.0935647763405791,1.026517598395721,1.1657127481848897,9.356477634057914,2.65175983957211,16.571274818488966,9.356477634057914,11
mu,player,13983,Mehdi Torabi,Iran,0.08630734704584364,0.051092672271824194,0.95,-0.01044470855748557,0.18777602814165903,0.956,0.044,1.0009916492525308,7185.530697650095,2983.6842168780954,1.090141328538704,0.9896096480002018,1.2065632488716367,9.014132853870404,-1.0390351999798209,20.65632488716367,9.014132853870404,12
mu,player,13797,Shogo Taniguchi,Japan,0.08063308560253911,0.04088529564647148,0.95,0.0017600971731746655,0.15995910354140983,0.97675,0.02325,1.0000185146855944,8075.940730668939,3060.1156503373463,1.083973098256049,1.001761647053384,1.1734628795344166,8.397309825604893,0.17616470533841078,17.346287953441664,8.397309825604893,13
mu,player,1672,Thibaut Courtois,Belgium,0.07996477449145221,0.04145100767628734,0.95,-0.0007410402975412286,0.16093065797099437,0.97325,0.02675,0.999922455851331,8235.214239752911,2962.496898733692,1.0832489090091797,0.9992592342050101,1.1746035165987552,8.32489090091797,-0.07407657949899393,17.460351659875517,8.32489090091797,14
mu,player,1534,Antoine Griezmann,France,0.07909146587597132,0.0264148445623441,0.95,0.027652044435941443,0.1305801490984373,0.99875,0.00125,1.0006560936040902,7179.564360524109,3007.341551354966,1.0823033113636151,1.0280379106692703,1.139489265270979,8.230331136361514,2.8037910669270305,13.948926527097893,8.230331136361514,15
mu,player,8026,Daley Blind,Netherlands,0.07883904612929371,0.0340628744097475,0.95,0.014290867828020163,0.14391534622538568,0.99025,0.00975,1.0011701256753451,6636.942015972256,2694.3091608330815,1.0820301511129033,1.0143934704572424,1.1547863473638689,8.203015111290334,1.4393470457242374,15.478634736386887,8.203015111290334,16
mu,player,668,Przemyslaw Frankowski,Poland,0.0760743042648279,0.04584213880908385,0.95,-0.01268916099294633,0.16720075640546395,0.94725,0.05275,1.001437383698077,7119.124810293901,2886.42652186857,1.0790427486567502,0.98739100696411,1.1819915338626006,7.904274865675021,-1.2608993035890026,18.199153386260058,7.904274865675021,17
mu,player,1368,Jose Gimenez,Uruguay,0.07489967097595203,0.03522796481757148,0.95,0.008244011758764512,0.1434755780349532,0.98725,0.01275,1.0014835539840632,8239.33215815671,3079.8172356385303,1.0777760132444991,1.0082780871987809,1.154278620710751,7.777601324449912,0.827808719878087,15.427862071075094,7.777601324449912,18
mu,player,1676,Eder Militao,Brazil,0.07456362905184664,0.030707820243034922,0.95,0.012145727279109491,0.13624756737662955,0.99125,0.00875,1.0018532778778093,7882.909257142119,3232.7799211476267,1.0774138961659214,1.0122197861539246,1.1459655621678044,7.7413896165921425,1.2219786153924606,14.596556216780442,7.7413896165921425,19
mu,player,4691,Yann Sommer,Switzerland,0.0739791393099033,0.041812681525757685,0.95,-0.008589134717477706,0.15640988151008292,0.96,0.04,1.0004335816431071,6729.385376870607,2816.5044764020663,1.0767843427974508,0.9914476465184586,1.1693053815355,7.678434279745083,-0.8552353481541375,16.93053815354999,7.678434279745083,20
mu,player,13788,Yeltsin Tejeda,Costa Rica,0.07370416258457818,0.03932126661638823,0.95,-0.003188518533402804,0.15216477060243827,0.97025,0.02975,1.0007054081401465,6838.1273459287795,2771.383072410218,1.0764882928702724,0.9968165593933612,1.1643520716195697,7.648829287027237,-0.31834406066387766,16.435207161956967,7.648829287027237,21
mu,player,4758,Ellyes Skhiri,Tunisia,0.07365957367760953,0.03427431937600514,0.95,0.005114176406510892,0.14307616249724084,0.98225,0.01775,1.0003318213505747,7312.707938887844,2990.019503372489,1.076440294504034,1.0051272761285788,1.1538176759551666,7.644029450403389,0.5127276128578773,15.38176759551666,7.644029450403389,22
mu,player,13953,Karim Boudiaf,Qatar,0.07322323400219512,0.0350227023926008,0.95,0.005640930165223748,0.1417934504088361,0.98375,0.01625,1.0025635433559745,7371.9979380555205,2997.510082995364,1.0759707033534027,1.0056568701698447,1.1523386088858072,7.597070335340272,0.565687016984473,15.233860888580718,7.597070335340272,23
mu,player,214,Nampalys Mendy,Senegal,0.07293376113349456,0.035503754669227,0.95,0.004619446101821707,0.14350693111643953,0.9825,0.0175,1.0033663504018158,7649.352639089026,3107.341930297951,1.0756592841031518,1.004630132191234,1.154314811469747,7.565928410315181,0.4630132191234093,15.4314811469747,7.565928410315181,24
mu,player,96,César Azpilicueta,Spain,0.06885188451959326,0.030925262788079867,0.95,0.008033491924395756,0.12790972956245822,0.9875,0.0125,1.0020189148770906,7846.548857742564,3048.038677988849,1.0712775246116113,1.0080658470040353,1.1364504101908224,7.12775246116113,0.8065847004035342,13.645041019082239,7.12775246116113,25
mu,player,2073,Joachim Andersen,Denmark,0.06869079410264613,0.02765884552101406,0.95,0.017208610148556017,0.1228203333607013,0.99425,0.00575,1.0003854857700154,8093.238720128154,3629.5416417009865,1.0711049659676506,1.017357531295737,1.130681256995581,7.110496596765059,1.7357531295737028,13.06812569955811,7.110496596765059,26
mu,player,4897,Lukas Klostermann,Germany,0.06819123222169585,0.044235742012449446,0.95,-0.017552772072422267,0.15635795039424885,0.939,0.061,1.002829031438505,7869.032677368888,2842.6134114447436,1.0705700163874912,0.9826003804383927,1.1692446597789738,7.057001638749116,-1.7399619561607294,16.924465977897384,7.057001638749116,27
mu,player,1683,Casemiro,Brazil,0.06398776020638812,0.030194245661867236,0.95,0.005192449190129854,0.12488462369278944,0.98275,0.01725,1.0014340385141651,7197.0272835933,3082.4706168878724,1.06607935009043,1.0052059533174738,1.1330177221245619,6.607935009042998,0.5205953317473755,13.301772212456186,6.607935009042998,28
mu,player,42,Trent Alexander-Arnold,England,0.06390446507378107,0.05190882404500685,0.95,-0.03607313057241234,0.16800461822662532,0.8965,0.1035,1.0009300809265738,9170.129548316918,2968.4633753814246,1.0659905545677633,0.9645697513657128,1.182942073729777,6.599055456776326,-3.543024863428723,18.29420737297771,6.599055456776326,29
mu,player,3994,Arkadiusz Milik,Poland,0.06325880657642952,0.049459544729877875,0.95,-0.033145642836662825,0.1609199967966911,0.89775,0.10225,1.00173535915574,6734.994753424462,2717.6280602053344,1.065302510852648,0.9673976547897692,1.1745909940126804,6.530251085264793,-3.2602345210230754,17.45909940126804,6.530251085264793,30
mu,player,113,Olivier Giroud,France,0.06277700348296748,0.047040266902489025,0.95,-0.02931249319189797,0.15290139468375383,0.909,0.091,1.0017749242815068,9481.154486771715,2911.0162355082575,1.0647893684341752,0.9711129508603991,1.1652100773697058,6.478936843417515,-2.888704913960094,16.52100773697058,6.478936843417515,31
mu,player,8045,Matthijs De Ligt,Netherlands,0.06050072031876104,0.044304416476977075,0.95,-0.026673411869508026,0.1480828561686691,0.917,0.083,1.0006802051006574,8496.623393914166,3131.2788732095237,1.0623683628139122,0.9736791816674121,1.1596089731393109,6.236836281391223,-2.6320818332587925,15.960897313931088,6.236836281391223,32
mu,player,13118,Eray Comert,Switzerland,0.060035474874429964,0.04625792146781125,0.95,-0.030285179950921223,0.1511401801586527,0.907,0.093,1.0023859083170925,7372.362175515551,3057.0670571860637,1.0618742157316643,0.9701688213971333,1.163159698565116,6.1874215731664295,-2.983117860286666,16.315969856511604,6.1874215731664295,33
mu,player,7443,Christian Eriksen,Denmark,0.05899844800574219,0.033144395281091,0.95,-0.004817712382697366,0.1254017725827515,0.963,0.037,1.002024588240307,7036.3672358226395,2764.2585679519048,1.0607735944243541,0.9951938741792283,1.1336038125168015,6.077359442435415,-0.48061258207716673,13.360381251680153,6.077359442435415,34
mu,player,16,Kyle Walker,England,0.05880261467742518,0.03576312368751776,0.95,-0.011228640445252923,0.1294658025082238,0.95125,0.04875,1.0012545127132342,6749.68063661125,3149.128285605281,1.0605658799401405,0.988834165443159,1.1382201865217527,6.056587994014051,-1.1165834556840948,13.822018652175272,6.056587994014051,35
mu,player,84,Steven Bergwijn,Netherlands,0.05879968060378013,0.04309688098924576,0.95,-0.02302380774904641,0.14346518189371948,0.91575,0.08425,1.0003957972766866,7896.2082920343455,3002.082981441087,1.0605627681663083,0.9772392176302693,1.154266620729564,6.0562768166308345,-2.276078236973067,15.426662072956399,6.0562768166308345,36
mu,player,13824,Kye Rowles,Australia,0.05675001069415505,0.03125001045393784,0.95,-0.003168364186257673,0.11936795317231469,0.96825,0.03175,1.0002162302317492,6207.177640643851,3136.2533937360745,1.058391190841738,0.9968366497827928,1.1267844459316907,5.839119084173805,-0.31633502172071504,12.678444593169068,5.839119084173805,37
mu,player,2083,Joe Rodon,Wales,0.05650788654904695,0.030880415399727645,0.95,-0.004035461295126407,0.11677606574563126,0.96625,0.03375,1.002482003860072,8295.049583535767,3350.11516302622,1.0581349598005783,0.9959726702369675,1.1238677290274797,5.813495980057826,-0.402732976303255,12.386772902747968,5.813495980057826,38
mu,player,1532,Ousmane Dembele,France,0.05581402167526466,0.033972782722194256,0.95,-0.010759833475831803,0.12171886062743757,0.9525,0.0475,1.0005560252205197,8205.167504388712,2964.210785426639,1.0574010117800734,0.989297846471477,1.1294365280643237,5.74010117800734,-1.0702153528522995,12.943652806432372,5.74010117800734,39
mu,player,12315,Sam Adekugbe,Canada,0.05536946491785693,0.04361577548527864,0.95,-0.02923525524133243,0.13993927924499622,0.89625,0.10375,1.002716332368988,7348.5482954752715,3143.3095670042544,1.0569310414869715,0.9711879605312506,1.1502039554841923,5.693104148697148,-2.881203946874944,15.02039554841923,5.693104148697148,40
mu,player,74,Eric Dier,England,0.05512358688544081,0.04485809959408306,0.95,-0.031628244435908344,0.1421834672730265,0.894,0.106,1.0041953604609128,7142.659988270252,2770.8309601055894,1.056671197308388,0.9688666967231089,1.1527881280308558,5.667119730838799,-3.113330327689112,15.278812803085584,5.667119730838799,41
mu,player,4926,Borna Sosa,Croatia,0.05416024923913695,0.03426569093571935,0.95,-0.009957902686698638,0.12217398607654564,0.949,0.051,1.0022344975371766,7970.220982290783,3215.09801265666,1.0556537563125468,0.9900915130644908,1.1299506803644213,5.5653756312546765,-0.9908486935509164,12.995068036442126,5.5653756312546765,42
mu,player,1289,Mark-Anthony Kaye,Canada,0.05398403063998529,0.04732239859387105,0.95,-0.03802020516510743,0.14698948543840817,0.87525,0.12475,1.0004079638334453,8986.821518199733,2855.7086582286106,1.0554677468760627,0.9626934893137896,1.158341783509797,5.546774687606271,-3.730651068621038,15.83417835097971,5.546774687606271,43
mu,player,9330,Dani Alves,Brazil,0.05267608022181977,0.04101102590430556,0.95,-0.02615839572534721,0.1341527371363661,0.90175,0.09825,1.0020414335518406,7726.782275359283,2937.9032529592087,1.05408814981413,0.974180771317501,1.1435674715272357,5.40881498141299,-2.5819228682498974,14.356747152723571,5.40881498141299,44
mu,player,233,Romain Saïss,Morocco,0.05139939829123141,0.03563051639550832,0.95,-0.019505188857891063,0.12210068802252055,0.92425,0.07575,1.000861423893994,7356.898132232019,3124.3548319663437,1.0527432731925255,0.9806838065465558,1.129867860213721,5.2743273192525475,-1.9316193453444153,12.98678602137211,5.2743273192525475,45
mu,player,11856,Enzo Fernandez,Argentina,0.050754435435056845,0.024584568802851738,0.95,0.003210309903015711,0.10030691830902247,0.9835,0.0165,0.9997985238122284,7621.25454169164,3215.3673351740113,1.0520645117957024,1.0032154684665713,1.105510167323244,5.206451179570237,0.32154684665712807,10.551016732324392,5.206451179570237,46
mu,player,395,Pierre-Emile Höjbjerg,Denmark,0.04936297471242047,0.030742517105837513,0.95,-0.008651672024863147,0.11096260941513443,0.949,0.051,1.0027818682561827,7830.212025338564,2967.745405331217,1.05060162336179,0.9913856459909249,1.1173531275864457,5.060162336179008,-0.8614354009075065,11.735312758644568,5.060162336179008,47
mu,player,453,Alexis Mac Allister,Argentina,0.0487974453781284,0.030140550274308828,0.95,-0.009753563686876625,0.10812756149455094,0.944,0.056,1.0013089919910239,7673.451383422419,2888.6247305172446,1.0500076452969647,0.9902938480457625,1.1141898640461119,5.0007645296964665,-0.9706151954237519,11.418986404611186,5.0007645296964665,48
mu,player,8627,Atiba Hutchinson,Canada,0.047506795689930936,0.03724786732904105,0.95,-0.024611384062010473,0.11838933751207403,0.8935,0.1065,1.0011782721943912,6597.57404317423,2969.029516486892,1.0486533274199292,0.9756890066609631,1.125682296405539,4.865332741992923,-2.4310993339036857,12.568229640553907,4.865332741992923,49
mu,player,13977,Morteza Pouraliganji,Iran,0.04742592740568547,0.03979094941447902,0.95,-0.02895750536413825,0.1251368179786255,0.879,0.121,1.001865181537932,8181.213826766129,2835.642289324157,1.0485685280534085,0.971457745332634,1.1333034987539343,4.85685280534085,-2.854225466736604,13.330349875393432,4.85685280534085,50
mu,player,13222,Nahuel Molina,Argentina,0.047407974990826225,0.03207760775022681,0.95,-0.013953366552263874,0.11110093389022963,0.932,0.068,1.0002407890859106,8533.620364452529,3277.231953980868,1.0485497038851546,0.9861435304633942,1.1175076955613357,4.854970388515456,-1.3856469536605798,11.750769556133566,4.854970388515456,51
mu,player,1785,Bono,Morocco,0.04614576182089248,0.04082329359825186,0.95,-0.03222063943625075,0.1261875083764432,0.87725,0.12275,0.9998698336191892,8764.698105915817,3218.841931408831,1.0472270455535664,0.9682929149054916,1.1344948756324098,4.722704555356638,-3.170708509450837,13.44948756324098,4.722704555356638,52
mu,player,3857,Danilo Pereira,Portugal,0.04609349060228648,0.04348011077264035,0.95,-0.0365745216693495,0.13194948835316578,0.858,0.142,1.0042577997234599,8067.674360451172,2722.614669697297,1.047172307150372,0.9640862459027995,1.1410506814625152,4.717230715037202,-3.5913754097200545,14.10506814625152,4.717230715037202,53
mu,player,1593,Óscar Duarte,Costa Rica,0.046051242760368746,0.04482524659165606,0.95,-0.039210203946590055,0.13680241286766356,0.84575,0.15425,1.0046911056701724,8424.767840851835,3125.872686238324,1.0471280673148042,0.9615485665979934,1.1466015724202474,4.712806731480423,-3.845143340200663,14.660157242024741,4.712806731480423,54
mu,player,2005,Kalvin Phillips,England,0.04538854151811043,0.04920089293326577,0.95,-0.04948986778718179,0.1429299861567324,0.818,0.182,1.00068677229106,10638.8272293371,3274.741210973752,1.046434364128161,0.9517148010645167,1.1536490274361935,4.643436412816104,-4.828519893548333,15.364902743619346,4.643436412816104,55
mu,player,8419,Gonzalo Montiel,Argentina,0.04496070545387823,0.04768391780102396,0.95,-0.048043547067410854,0.13822297332369274,0.82875,0.17125,1.003007547764867,7760.9950744566495,2875.607647945239,1.0459867575262862,0.9530922817999504,1.148231546737272,4.598675752628623,-4.690771820004958,14.82315467372719,4.598675752628623,56
mu,player,1789,Jules Kounde,France,0.044356667335344484,0.030268464789650035,0.95,-0.015567478349461577,0.10379671517808127,0.93225,0.06775,1.001390424969639,8127.1313587788845,2955.550660933581,1.0453551324352792,0.9845530684941669,1.109374912910114,4.535513243527922,-1.5446931505833095,10.937491291011403,4.535513243527922,57
mu,player,8136,Ivan Perisic,Croatia,0.04407874690037066,0.033052869741693074,0.95,-0.023874777319524566,0.11160094343707694,0.9105,0.0895,1.00088567765256,9045.54672370941,3003.759197549661,1.045064647249925,0.9764079705261458,1.1180665997948736,4.506464724992498,-2.3592029473854192,11.806659979487355,4.506464724992498,58
mu,player,12502,Min Jae Kim,South Korea,0.043543280115962396,0.03240052272704199,0.95,-0.02010241537131855,0.10772692146377723,0.90625,0.09375,1.002397609453011,7013.256686253848,3134.342954059228,1.044505199639937,0.9800982910360941,1.1137435643934157,4.450519963993704,-1.9901708963905862,11.374356439341572,4.450519963993704,59
mu,player,133,Bruno Fernandes,Portugal,0.043405068347793604,0.036291993528100405,0.95,-0.027609624335589823,0.11429041340862371,0.8875,0.1125,1.0009293004712412,8818.028054280652,3083.8609600768305,1.0443608467053003,0.9727680376583115,1.1210776535956264,4.436084670530027,-2.7231962341688454,12.107765359562638,4.436084670530027,60
mu,player,1380,Thomas Partey,Ghana,0.04314294630554546,0.033861055241904664,0.95,-0.02224121285780036,0.10904714399003132,0.89425,0.10575,1.000514362231621,7926.4931775000405,3214.603690226764,1.0440871325821375,0.9780042993850002,1.1152149247834504,4.408713258213748,-2.199570061499978,11.521492478345042,4.408713258213748,61
mu,player,9947,Milos Veljkovic,Serbia,0.042945476725487514,0.03597901309232843,0.95,-0.026404522168461245,0.11541827379550326,0.886,0.114,1.0000351521300972,7808.328437522762,3017.1843215950653,1.0438809774898723,0.9739410291739573,1.1223427859839739,4.38809774898723,-2.6058970826042693,12.234278598397385,4.38809774898723,62
mu,player,9820,Achraf Dari,Morocco,0.04245418137959628,0.037070680258266264,0.95,-0.03239473876358669,0.11473475118311084,0.8765,0.1235,1.0009784459198263,8069.757379783206,2827.3326486159517,1.043368249584697,0.9681243504342487,1.121575901432222,4.336824958469698,-3.1875649565751285,12.157590143222198,4.336824958469698,63
mu,player,1025,Kamal Miller,Canada,0.04231297773765806,0.033469905325730596,0.95,-0.02416803601051782,0.10787742523191246,0.89725,0.10275,1.0020607024495238,7765.926349038178,2997.4557359096975,1.0432209325890658,0.9761216723845949,1.1139111996111428,4.322093258906579,-2.3878327615405093,11.391119961114281,4.322093258906579,64
mu,player,13947,Ismaeel Mohammed,Qatar,0.04226964213544334,0.04771431266244208,0.95,-0.05026513023319906,0.13594300205919976,0.80575,0.19425,1.0006995165486288,9181.557921986114,3146.5815276902586,1.043175724961266,0.9509772582514957,1.1456165939471052,4.317572496126609,-4.9022741748504295,14.561659394710524,4.317572496126609,65
mu,player,13823,Craig Goodwin,Australia,0.04198433345668465,0.04445618331816118,0.95,-0.044927352101020494,0.13090576657838637,0.8275,0.1725,1.0015262439543249,8191.109653470591,2831.9991427508457,1.0428781403272223,0.956066935564388,1.1398603633086906,4.287814032722226,-4.393306443561196,13.986036330869055,4.287814032722226,66
mu,player,1513,Jordi Alba,Spain,0.041698833941722774,0.027210235518590243,0.95,-0.01311027694611542,0.09363197717095517,0.93575,0.06425,1.0040630591386424,7476.097001037845,3105.2156288151928,1.0425804416224345,0.9869752883980654,1.098155525237388,4.258044162243446,-1.3024711601934635,9.815552523738802,4.258044162243446,67
mu,player,2088,Maya Yoshida,Japan,0.04135263699636585,0.02777948456230191,0.95,-0.013733793010350461,0.09690409647222649,0.931,0.069,1.0004579242359581,6662.98743429797,3000.1811705669857,1.0422195659288915,0.9863600852651955,1.1017547063910775,4.221956592889153,-1.3639914734804526,10.175470639107754,4.221956592889153,68
mu,player,12561,Sergej Milinković-Savić,Serbia,0.04126439833303023,0.039908042735316646,0.95,-0.036947071217563715,0.1200703736036506,0.85125,0.14875,1.0005007057401294,9361.991343533982,2935.287035829843,1.0421276059247653,0.9637271429034323,1.1275762003879242,4.212760592476528,-3.627285709656769,12.757620038792417,4.212760592476528,69
mu,player,13785,Gerson Torres,Costa Rica,0.0412225336582639,0.05338228019699045,0.95,-0.06544801394929277,0.1431806616690669,0.7735,0.2265,1.003210667212943,10343.647839015917,2641.6050361141506,1.0420839785047087,0.9366477381107896,1.1539382552468505,4.208397850470869,-6.335226188921039,15.393825524685045,4.208397850470869,70
mu,player,11241,Andries Noppert,Netherlands,0.041217171442996726,0.0399153029373737,0.95,-0.03647078334333413,0.11967866514727442,0.84625,0.15375,1.002834832807744,9324.103424900439,3135.6208434239934,1.042078390641071,0.964186263783838,1.1271346057488472,4.207839064107111,-3.5813736216162018,12.713460574884717,4.207839064107111,71
mu,player,132,Fred,Brazil,0.041197268609761105,0.043888489192897576,0.95,-0.04553939368251254,0.1288085611493564,0.82825,0.17175,1.0014842535862363,7047.4174194007255,2832.254059173644,1.0420576505350378,0.9554819618775039,1.1374723469221504,4.205765053503785,-4.451803812249611,13.747234692215038,4.205765053503785,72
mu,player,1377,Kieran Trippier,England,0.041046561774191664,0.03655152689448986,0.95,-0.030523692723487057,0.11262969763527476,0.87425,0.12575,1.0000490982839185,7385.295997931184,3174.0370656413847,1.0419006171573437,0.9699374513351393,1.1192174073508345,4.190061715734372,-3.006254866486069,11.921740735083453,4.190061715734372,73
mu,player,1799,Nemanja Gudelj,Serbia,0.040827032825498995,0.04113459692990263,0.95,-0.03927942635739427,0.12074396572606412,0.836,0.164,1.002075001355581,8376.362663704602,3295.5686659895982,1.0416719149145168,0.9614820081918014,1.1283359826968875,4.167191491451683,-3.8517991808198593,12.83359826968875,4.167191491451683,74
mu,player,13796,Miki Yamane,Japan,0.04000455785287434,0.04934692283421752,0.95,-0.05463956416313536,0.1345653281000677,0.78375,0.21625,1.0007679441297517,8010.954355068007,3075.796964209938,1.040815518065578,0.9468263566080859,1.1440393944812495,4.081551806557804,-5.3173643391914105,14.403939448124948,4.081551806557804,75
mu,player,4618,Leon Goretzka,Germany,0.03993905590011076,0.04404996291667781,0.95,-0.0430295140102057,0.1258931046685803,0.812,0.188,1.0006221145892549,8258.725054923389,2956.7128251927597,1.0407473448494418,0.9578831186776912,1.1341609252949931,4.074734484944176,-4.211688132230885,13.416092529499313,4.074734484944176,76
mu,player,3930,Lucas Paquetá,Brazil,0.039530272346364186,0.03210753643704245,0.95,-0.022688792938985427,0.10433383095469856,0.897,0.103,1.0001266584532729,7881.689327564879,3113.387462241177,1.0403219913959332,0.9775666620874566,1.1099709357303225,4.032199139593318,-2.2433337912543427,10.997093573032245,4.032199139593318,77
mu,player,754,Kendall Waston,Costa Rica,0.039275290848022094,0.043809104395957095,0.95,-0.046041483736969945,0.12571637786938974,0.814,0.186,1.0028017596767373,8065.9592845238285,2979.5477097805765,1.0400567623514956,0.9550023443029145,1.1339605063751175,4.005676235149558,-4.499765569708547,13.396050637511747,4.005676235149558,78
mu,player,4624,Thomas Müller,Germany,0.03912606590984728,0.04551559467661122,0.95,-0.04898650735280115,0.13032497248526093,0.80875,0.19125,1.0007252752148117,6908.895474604103,2956.113055464239,1.039901571524894,0.9521939772292307,1.1391985313553417,3.990157152489404,-4.7806022770769285,13.919853135534165,3.990157152489404,79
mu,player,13922,Woo-young Jung,South Korea,0.03878724170726665,0.03304054264951526,0.95,-0.02572517217155673,0.1040388241715178,0.88275,0.11725,1.000664359713327,7499.227227783627,3245.292209213977,1.0395492873887258,0.9746029008049016,1.1096435350702307,3.9549287388725762,-2.539709919509836,10.964353507023073,3.9549287388725762,80
mu,player,8551,Stephen Eustaquio,Canada,0.03834670386978598,0.040256473573337045,0.95,-0.03956287451312992,0.11820028849899399,0.829,0.171,1.0006157031094831,8622.33365133054,3088.842556096884,1.0390914274534226,0.9612095165102631,1.1254695073927723,3.9091427453422645,-3.8790483489736904,12.546950739277229,3.9091427453422645,81
mu,player,7441,Sardar Azmoun,Iran,0.03831350756989462,0.049902107240218756,0.95,-0.05700312913891618,0.13568323546729597,0.77575,0.22425,1.0017759412272742,8421.7877570689,3242.393655839282,1.0390569340353126,0.9445911136050854,1.1453190396778696,3.905693403531263,-5.54088863949146,14.531903967786963,3.905693403531263,82
mu,player,12222,Majid Hosseini,Iran,0.037144462407646836,0.041893399483455156,0.95,-0.04454078377477381,0.11879690777694274,0.815,0.185,1.0016148164323977,8324.595584180914,2810.4447250226845,1.037842939298876,0.9564365922036199,1.1261411845454712,3.7842939298875944,-4.356340779638012,12.614118454547118,3.7842939298875944,83
mu,player,8025,Nicolas Tagliafico,Argentina,0.0366419100442471,0.036666922726543226,0.95,-0.033963837001070446,0.10961572081004675,0.838,0.162,1.0013757169439041,7701.52380506572,3069.471786042881,1.037321499913166,0.9666064593938248,1.1158491904363044,3.732149991316591,-3.3393540606175165,11.584919043630437,3.732149991316591,84
mu,player,3299,César Montes,Mexico,0.03640155472060639,0.03101649117751057,0.95,-0.023242719836256632,0.09631456570381308,0.87825,0.12175,0.9997876033106824,7701.861416091192,2726.212780511446,1.0370722041293192,0.9770253115675998,1.1011053795103092,3.707220412931922,-2.2974688432400248,10.110537951030917,3.707220412931922,85
mu,player,4316,Enzo Ebosse,Cameroon,0.03616340850882509,0.05019486570583231,0.95,-0.06169055043122346,0.13288885170016376,0.77,0.23,1.000660564785389,7663.730816086218,3023.7721923486174,1.0368252587182865,0.9401737781508885,1.142123046240977,3.6825258718286458,-5.982622184911146,14.212304624097705,3.6825258718286458,86
mu,player,12779,Mikkel Damsgaard,Denmark,0.03549237463784224,0.04403021891189649,0.95,-0.050723127841525835,0.12196573356355753,0.794,0.206,1.0028506612628982,8563.44540628382,2965.107481561922,1.0361297472333761,0.9505418126657734,1.1297153897964591,3.612974723337614,-4.945818733422658,12.971538979645914,3.612974723337614,87
mu,player,14004,Abdulelah Al-Malki,Saudi Arabia,0.03489297608658939,0.04193474991711636,0.95,-0.04761975514723923,0.11906095946717307,0.8015,0.1985,1.0025050101330366,7309.880132737655,2546.707305246675,1.035508878656426,0.9534962802077392,1.1264385832912813,3.5508878656425935,-4.650371979226076,12.643858329128133,3.5508878656425935,88
mu,player,13923,Gue-sung Cho,South Korea,0.03434532874148837,0.046483154306199446,0.95,-0.05353922796564476,0.12442490898105486,0.771,0.229,1.000414877761879,7673.531247652815,2829.5343338674807,1.0349419402235347,0.94786875731144,1.132496976915333,3.4941940223534695,-5.213124268855996,13.249697691533303,3.4941940223534695,89
mu,player,215,Youri Tielemans,Belgium,0.03419570209504601,0.0441525729543928,0.95,-0.050497130749282124,0.12170055151630214,0.77275,0.22725,1.002379946374467,9372.380172251535,2857.241906711349,1.0347870969163877,0.9507566566276329,1.1294158492747166,3.4787096916387705,-4.924334337236713,12.941584927471661,3.4787096916387705,90
mu,player,1535,Luis Suarez,Uruguay,0.03402070552106785,0.050167094497945326,0.95,-0.06528520754488208,0.13329887265488763,0.751,0.249,1.0003347721818054,7863.598531270849,2987.3303890644765,1.0346060285632634,0.936800242775262,1.1425914366411862,3.4606028563263447,-6.319975722473803,14.259143664118623,3.4606028563263447,91
mu,player,1684,Federico Valverde,Uruguay,0.03340998526219255,0.03154527196392672,0.95,-0.028613939762512617,0.0942062064298201,0.8505,0.1495,1.000379854401791,7281.275553280241,3301.5735235603493,1.0339743666056755,0.9717915621380653,1.0987862993579087,3.3974366605675543,-2.820843786193472,9.878629935790872,3.3974366605675543,92
mu,player,4623,Serge Gnabry,Germany,0.03336957430401994,0.03925444575801058,0.95,-0.04281859433573364,0.11012253808043455,0.80425,0.19575,1.0020855091893595,7788.544089082544,2937.78160328025,1.0339325835550472,0.9580851763814884,1.1164148654119808,3.3932583555047247,-4.191482361851162,11.641486541198077,3.3932583555047247,93
mu,player,44,Fabinho,Brazil,0.03322602703367915,0.04410670313799467,0.95,-0.05291363705626758,0.11796625615271997,0.773,0.227,1.0031957979103254,9989.015156323356,3251.9289376892925,1.0337841760069655,0.9484619209088286,1.1252061419425163,3.3784176006965483,-5.153807909117136,12.520614194251634,3.3784176006965483,94
mu,player,1977,André Zambo Anguissa,Cameroon,0.03315165123859242,0.03757282535395269,0.95,-0.04216796073397554,0.10925292900329546,0.82,0.18,1.0012488372888404,7729.297519024559,3158.984149051622,1.0337072903461784,0.9587087416248411,1.1154444429164254,3.3707290346178365,-4.12912583751589,11.544444291642542,3.3707290346178365,95
mu,player,13971,Ehsan Hajsafi,Iran,0.03314074762190974,0.04493223330997215,0.95,-0.05593038952434776,0.12066951560992346,0.7765,0.2235,1.0010333418461606,9461.997309520535,2899.7115977750536,1.0336960192595703,0.9456049576103075,1.128251981078934,3.369601925957033,-5.439504238969251,12.8251981078934,3.369601925957033,96
mu,player,8257,Harry Souttar,Australia,0.03302750631564981,0.03616795177465204,0.95,-0.03508242157105118,0.10466599060769796,0.811,0.189,1.0018123737930087,8482.735356410814,2987.8886867013307,1.0335789687996724,0.965525832821884,1.1103396845295201,3.357896879967237,-3.447416717811602,11.033968452952013,3.357896879967237,97
mu,player,1336,Timothy Weah,United States,0.03293801136854547,0.0384076580039405,0.95,-0.04344963618865208,0.10779189245751854,0.80425,0.19575,1.0001119971894596,8866.0049224431,3396.1049935890765,1.0334864728435535,0.9574807752577902,1.1138159277703021,3.348647284355355,-4.251922474220981,11.381592777030214,3.348647284355355,98
mu,player,1522,Frenkie de Jong,Netherlands,0.03272689018010519,0.02851681621149121,0.95,-0.021492509954249072,0.09017086586758011,0.874,0.126,1.0017191452120477,8083.450835219467,3035.6736130885474,1.0332683049819094,0.9787368082251654,1.0943612567166776,3.326830498190936,-2.12631917748346,9.43612567166776,3.326830498190936,99
mu,player,14018,Nader Ghandri,Tunisia,0.031658690169350856,0.045884303884827865,0.95,-0.05667148558550732,0.12262732210556762,0.75175,0.24825,1.0007037746624572,7575.732948880898,2763.206128160081,1.0321651570636203,0.9449044331108452,1.1304630438464867,3.216515706362033,-5.509556688915485,13.046304384648666,3.216515706362033,100
mu,player,67,Jan Vertonghen,Belgium,0.031522744324127105,0.02822925806583237,0.95,-0.025066649857723475,0.0871469356349389,0.8735,0.1265,1.0042801466776936,8811.432199053806,3173.7481459516957,1.0320248480363634,0.9752449099276741,1.0910569830914154,3.2024848036363407,-2.4755090072325903,9.105698309141541,3.2024848036363407,101
mu,player,14031,Milan Borjan,Canada,0.03133429941415676,0.047189176801532125,0.95,-0.05860677230976113,0.1238685738474853,0.74375,0.25625,0.9998184672728234,8627.561026387577,3132.097605545116,1.031830386530004,0.9430775404565012,1.1318671042847968,3.183038653000403,-5.692245954349884,13.186710428479675,3.183038653000403,102
mu,player,8008,Goncalo Ramos,Portugal,0.031215965726988735,0.05032750622433927,0.95,-0.06501528473200813,0.12913048507447045,0.73525,0.26475,1.00015180661521,9010.09443739315,3139.406544818619,1.031708293459838,0.9370531406618119,1.1378385854320867,3.1708293459838055,-6.294685933818811,13.783858543208671,3.1708293459838055,103
mu,player,13928,Agustin Canobbio,Uruguay,0.031171441662781105,0.054708482422997244,0.95,-0.07438289239843948,0.13724143998901925,0.71675,0.28325,1.0009810983317118,8196.245794623394,2928.673502661532,1.0316623586361466,0.9283161805750764,1.1471050721248548,3.1662358636146637,-7.168381942492363,14.71050721248548,3.1662358636146637,104
mu,player,8330,Mario Pasalic,Croatia,0.031169755288158584,0.040089887555085836,0.95,-0.04803844848424988,0.1102920617480718,0.7905,0.2095,1.001794094363705,9109.811391280611,2981.668340201503,1.031660618868393,0.9530971412325974,1.1166041401973947,3.1660618868393,-4.690285876740264,11.660414019739473,3.1660618868393,105
mu,player,9824,Montassar Talbi,Tunisia,0.031090487587173605,0.03883320405443585,0.95,-0.0437549286333666,0.10906151923152857,0.78725,0.21275,1.0006837798777695,8741.79396264132,3455.0923736556824,1.0315788447440049,0.9571885082268728,1.1152309563825442,3.1578844744004853,-4.281149177312715,11.523095638254421,3.1578844744004853,106
mu,player,1698,Gareth Bale,Wales,0.03092407854666366,0.04626149405423074,0.95,-0.05917017431681155,0.12034375340920513,0.74775,0.25225,1.0002327160136495,8192.512335823221,2874.093700177447,1.031407194980673,0.9425463583259938,1.1278844990897334,3.1407194980672903,-5.7453641674006235,12.788449908973343,3.1407194980672903,107
mu,player,3856,Leandro Paredes,Argentina,0.030879375967360786,0.03148353241585404,0.95,-0.03110866848431396,0.09408580240561293,0.83525,0.16475,1.0015589769894608,7320.658552935301,3106.2982933614608,1.0313610894492715,0.9693702273589038,1.098654009030026,3.1361089449271518,-3.062977264109623,9.865400903002609,3.1361089449271518,108
mu,player,1383,Koke,Spain,0.030775678988485034,0.04048324750562167,0.95,-0.04735587951893776,0.11094849070154847,0.7775,0.2225,1.0025415785693343,8710.498366862379,2490.915747758217,1.0312541459651194,0.9537479178368208,1.117337352109028,3.125414596511944,-4.6252082163179224,11.733735210902797,3.125414596511944,109
mu,player,6020,Cristiano Ronaldo,Portugal,0.03055385911107428,0.04404838894171001,0.95,-0.05356482402282645,0.11878751662835181,0.75575,0.24425,0.9999731650911834,7125.95896307698,2779.6469042858926,1.0310254186659509,0.9478444959190265,1.126130608835932,3.1025418665950877,-5.2155504080973465,12.613060883593196,3.1025418665950877,110
mu,player,5038,Jae-sung Lee,South Korea,0.029362639613080867,0.037749592832643244,0.95,-0.04300381676234687,0.1027586708733307,0.781,0.219,1.0030389191510867,7994.900219649002,3224.13146646481,1.0297979723084718,0.9579077339538827,1.1082239300888679,2.979797230847181,-4.209226604611727,10.822393008886788,2.979797230847181,111
mu,player,3303,Jesús Gallardo,Mexico,0.029152260442398003,0.0401899040613442,0.95,-0.05061457940536874,0.10661787492435731,0.76525,0.23475,1.0044958445011696,7349.659619710339,2908.744514152167,1.0295813470526065,0.9506449980932473,1.112509055637891,2.958134705260651,-4.935500190675269,11.250905563789093,2.958134705260651,112
mu,player,8071,Sebastian Coates,Uruguay,0.029124416143187563,0.04180265026581569,0.95,-0.05475286235097593,0.1119785266239089,0.75825,0.24175,1.0005468478967672,8717.839113641196,2974.3927336686097,1.0295526794806338,0.9467190889744116,1.1184888426556003,2.955267948063378,-5.32809110255884,11.848884265560034,2.955267948063378,113
mu,player,12022,Andreas Cornelius,Denmark,0.029001207695537903,0.050839768090683524,0.95,-0.06779279920579669,0.13048120498958407,0.70425,0.29575,1.0001983754956398,7730.216733874955,3147.9840919641165,1.0294258377073708,0.934454073145631,1.1393765250986587,2.942583770737084,-6.5545926854369,13.937652509865872,2.942583770737084,114
mu,player,5065,Christian Nörgaard,Denmark,0.02868790311032278,0.051875101063112675,0.95,-0.07258683471491839,0.1274069267102381,0.70525,0.29475,1.0007572705041856,10872.254397067109,3259.9200134355124,1.0291033643911003,0.9299849881726827,1.1358791433125148,2.9103364391100284,-7.001501182731729,13.587914331251483,2.9103364391100284,115
mu,player,13926,Diego Godin,Uruguay,0.02843697737493281,0.03855642613001757,0.95,-0.046568737265278354,0.10175516044988518,0.7665,0.2335,1.002420430632023,8617.115861782884,3245.0714707299576,1.0288451682679791,0.9544989486675624,1.1071123736460313,2.8845168267979115,-4.550105133243765,10.711237364603132,2.8845168267979115,116
mu,player,13462,Martín Cáceres,Uruguay,0.028352206292542665,0.04167943883915787,0.95,-0.05405776516912274,0.11017251279890564,0.75175,0.24825,1.0001512033460382,8011.13852835534,2706.457193371699,1.0287579556460595,0.9473773795066062,1.1164706593247076,2.875795564605954,-5.262262049339384,11.647065932470756,2.875795564605954,117
mu,player,13901,Pape Abou Cissé,Senegal,0.02778171811315472,0.048942504269833036,0.95,-0.06881898421145435,0.12338871832680529,0.71175,0.28825,1.000485915230265,8122.794501352213,2755.7564542069645,1.0281712287691989,0.9334956422351147,1.1313241018978955,2.8171228769198864,-6.6504357764885285,13.132410189789546,2.8171228769198864,118
mu,player,26,Leroy Sané,Germany,0.02769159603351155,0.0436540547404171,0.95,-0.06051737235717774,0.11272682399359275,0.745,0.255,1.0010298332918508,7445.901600969548,3257.1497010698517,1.0280785720151053,0.9412774166688809,1.1193261181410328,2.807857201510533,-5.872258333111913,11.932611814103279,2.807857201510533,119
mu,player,12235,Ali Karimi,Iran,0.0274298047656972,0.04761255813246866,0.95,-0.06500625444800637,0.12113701341872866,0.71775,0.28225,1.001495802170609,10862.035558007596,3135.3898757708166,1.0278094652487624,0.9370616025560033,1.128779559719189,2.7809465248762377,-6.293839744399666,12.877955971918897,2.7809465248762377,120
mu,player,1384,Hector Herrera,Mexico,0.027113121523761257,0.04161917002342369,0.95,-0.05545747146610514,0.10614468818448106,0.7395,0.2605,1.0012165401576276,7350.440246226619,2846.727462099629,1.0274840267483945,0.9460522570303751,1.1119827556336825,2.7484026748394452,-5.39477429696249,11.198275563368254,2.7484026748394452,121
mu,player,8061,Danilo,Brazil,0.026874236223784112,0.03261002691669901,0.95,-0.037285222724571146,0.09293269071871305,0.797,0.203,1.0028999211158278,7981.213500902771,2603.7935158650757,1.0272386052334062,0.9634013122108902,1.0973878683934322,2.7238605233406155,-3.6598687789109796,9.738786839343216,2.7238605233406155,122
mu,player,7478,Milos Degenek,Australia,0.026771274969683907,0.042908777721979485,0.95,-0.05507793289225181,0.10893069372491573,0.719,0.281,0.9996718859825067,9920.791317336085,3265.8160790085085,1.0271328449030528,0.9464113885026115,1.1150850652710325,2.713284490305279,-5.358861149738847,11.508506527103247,2.713284490305279,123
mu,player,8138,Lautaro Martinez,Argentina,0.02672787119098598,0.046389180929096586,0.95,-0.06286314434800656,0.11773416662819207,0.71025,0.28975,1.0037704916320231,8127.85289571213,2749.4014953705396,1.0270882644238468,0.9390719822037676,1.1249450236866152,2.708826442384682,-6.092801779623236,12.49450236866152,2.708826442384682,124
mu,player,4684,Thorgan Hazard,Belgium,0.026708013225469528,0.046893557248055585,0.95,-0.06228015784298409,0.1194043487348743,0.706,0.294,1.0010588612773401,9307.967912691862,3007.444361970487,1.0270678687430186,0.9396196081103836,1.126825456631783,2.7067868743018586,-6.038039188961641,12.682545663178303,2.7067868743018586,125
mu,player,8342,Memphis Depay,Netherlands,0.026299604369276246,0.041069582486631825,0.95,-0.05143664618788578,0.10788709676802052,0.7295,0.2705,1.0003122920865206,8392.669734667104,3082.7402514848573,1.02664849077418,0.949863825550341,1.113921972895628,2.6648490774179967,-5.013617444965901,11.3921972895628,2.6648490774179967,126
mu,player,157,Granit Xhaka,Switzerland,0.025839330174831355,0.02896658904085955,0.95,-0.029754481694114498,0.08264919491069138,0.81025,0.18975,0.9999849759723237,8088.1653141375145,2866.8768989697874,1.0261760596993674,0.9706838249431119,1.0861607110014404,2.6176059699367427,-2.9316175056888105,8.61607110014404,2.6176059699367427,127
mu,player,10756,Jordan Veretout,France,0.025671459921557276,0.047530644679459735,0.95,-0.06695826310961621,0.11759148720475456,0.7015,0.2985,1.001352491682223,8410.329337700594,3074.153771432606,1.0260038097225501,0.9352342342909336,1.12478452862918,2.600380972255012,-6.476576570906644,12.478452862918,2.600380972255012,128
mu,player,8023,Lisandro Martinez,Argentina,0.025500951145094642,0.037923071407511715,0.95,-0.0486180882436736,0.09959789790429849,0.74575,0.25425,1.0016391992789155,7804.419171217953,3055.723233975286,1.0258288819820895,0.9525448483158759,1.104726615866792,2.5828881982089547,-4.745515168412407,10.47266158667921,2.5828881982089547,129
mu,player,13859,Mislav Orsic,Croatia,0.02500205488162935,0.04611167427846215,0.95,-0.06528442446524886,0.11511785028779428,0.704,0.296,1.0016514888543568,8263.266472845102,2772.355266832049,1.025317227427799,0.9368009763647398,1.1220056584704075,2.531722742779907,-6.31990236352602,12.200565847040746,2.531722742779907,130
mu,player,13984,Karim Ansarifard,Iran,0.024837726440155066,0.05317890158195781,0.95,-0.0779372793809578,0.12760617795235144,0.6755,0.3245,1.0020768440045038,8667.739422018036,3284.4291673698763,1.0251487524887903,0.9250224427043499,1.1361054911920097,2.514875248879034,-7.497755729565014,13.610549119200964,2.514875248879034,131
mu,player,4606,Dayot Upamecano,France,0.02423011390758441,0.025420206624346204,0.95,-0.02673669998105519,0.07444941925590667,0.83425,0.16575,1.0015372316429896,8277.503683596196,2943.0991069943084,1.0245260484595733,0.9736175613006904,1.0772908519712574,2.452604845957329,-2.6382438699309563,7.72908519712574,2.452604845957329,132
mu,player,11853,Antonio Silva,Portugal,0.023954421467447962,0.04085700824282306,0.95,-0.05777849068869402,0.10493218269921545,0.733,0.267,1.000518043387362,8439.945154091842,2896.5005829625084,1.0242436333049403,0.9438589978392197,1.1106352875142829,2.424363330494028,-5.6141002160780324,11.063528751428287,2.424363330494028,133
mu,player,13226,German Pezzella,Argentina,0.023859271592115577,0.04855740639432854,0.95,-0.07225412217651078,0.12040202210155238,0.69425,0.30575,1.001603052996319,8740.631991224984,3013.011010328663,1.0241461812872685,0.9302944573180563,1.127950221359371,2.414618128726853,-6.970554268194373,12.795022135937106,2.414618128726853,134
mu,player,4590,Exequiel Palacios,Argentina,0.02376972506978713,0.05062470379443895,0.95,-0.07559358193708723,0.12463071293682292,0.68625,0.31375,1.0018852570988366,8948.154592970075,2967.932266438739,1.0240544766643547,0.9271929579608298,1.1327300732583296,2.4054476664354674,-7.280704203917021,13.273007325832964,2.4054476664354674,135
mu,player,12643,Darko Lazović,Serbia,0.02278812631969277,0.05318774079449282,0.95,-0.08074589953174227,0.12889890168971851,0.66775,0.33225,0.9998062506888249,7474.018836386006,2688.6422751080945,1.0230497592653773,0.9224280510676125,1.137575111430449,2.3049759265377334,-7.757194893238751,13.757511143044908,2.3049759265377334,136
mu,player,13786,Carlos Martinez,Costa Rica,0.02253007628419511,0.05381701220265826,0.95,-0.08178902346145013,0.12800725451800654,0.66775,0.33225,1.0019508558280505,9251.919492590067,2943.9543487614537,1.0227857952981034,0.9214663459701136,1.136561247871191,2.278579529810343,-7.8533654029886435,13.656124787119106,2.278579529810343,137
mu,player,13962,Almoez Ali,Qatar,0.02210632109128344,0.048793135014205076,0.95,-0.07051953741430385,0.11695670036071909,0.6685,0.3315,1.0002716989207674,7755.779511352394,3228.194419780419,1.0223524763231766,0.9319095322453141,1.12407075677849,2.2352476323176607,-6.809046775468586,12.407075677849,2.2352476323176607,138
mu,player,1530,Pedri,Spain,0.021954402069954703,0.022614329848716957,0.95,-0.020861858994044927,0.0667131961508307,0.82825,0.17175,1.0032018143906833,6636.81477548296,3396.25651654249,1.0221971733325586,0.9793542442058929,1.0689888440895803,2.219717333255855,-2.06457557941071,6.898884408958028,2.219717333255855,139
mu,player,4626,Eric Maxim Choupo-Moting,Cameroon,0.021781204111339974,0.04689913408384314,0.95,-0.07001962939186103,0.11420573169048892,0.67475,0.32525,1.001427740584295,9855.236334367204,2679.052646800264,1.0220201461996472,0.9323755177619191,1.120982722833264,2.2020146199647206,-6.762448223808093,12.098272283326406,2.2020146199647206,140
mu,player,13852,Damian Szymanski,Poland,0.021615256640208125,0.054055449149640444,0.95,-0.08315063511177039,0.12809067826237872,0.65475,0.34525,1.0032366113698645,7945.6626488173415,2481.041933609268,1.0218505586126443,0.9202125204634858,1.1366560680212678,2.185055861264429,-7.978747953651421,13.665606802126785,2.185055861264429,141
mu,player,6967,Riley McGree,Australia,0.021517229340719663,0.04211074904462526,0.95,-0.061368787407720386,0.10493995225816409,0.693,0.307,1.0014052977374477,9541.20830155936,2779.926423765651,1.0217503942714028,0.9404763399823591,1.1106439166941422,2.1750394271402795,-5.952366001764087,11.06439166941422,2.1750394271402795,142
mu,player,940,Matt Turner,United States,0.02149101940275343,0.04400840971459845,0.95,-0.06637713635979567,0.10943950516314824,0.6945,0.3055,1.0013920072869995,8112.993505153804,3149.344664169972,1.0217236146079003,0.935777881870604,1.1156525776730017,2.172361460790029,-6.422211812939604,11.565257767300174,2.172361460790029,143
mu,player,4231,Alexander Djiku,Ghana,0.020872711406146317,0.04932160313642064,0.95,-0.07788064943570572,0.1163633683882393,0.6645,0.3355,1.0006636466980317,7515.16038256354,2584.151410786532,1.0210920699913293,0.9250748281579159,1.123404007480562,2.1092069991329288,-7.492517184208413,12.3404007480562,2.1092069991329288,144
mu,player,11854,Alexander Bah,Denmark,0.02065036866264108,0.048861751431120766,0.95,-0.075609578430866,0.11779087375664093,0.66275,0.33725,0.9996497022182461,9354.503274542196,2646.438926153866,1.0208650628167502,0.9271781262430742,1.1250088178973474,2.0865062816750157,-7.282187375692583,12.500881789734741,2.0865062816750157,145
mu,player,13961,Akram Afif,Qatar,0.020502109989244958,0.03435498668591873,0.95,-0.04702110497331546,0.09007766724966648,0.72525,0.27475,1.001348797257368,7562.231820368198,3112.581686446126,1.0207137219358968,0.9540672618137876,1.094259268512707,2.0713721935896823,-4.593273818621235,9.425926851270706,2.0713721935896823,146
mu,player,8631,Georges-Kevin N'Koudou,Cameroon,0.020475780361480667,0.0540840220407689,0.95,-0.08400786878467509,0.12642294875355256,0.6515,0.3485,1.0012114614526773,8908.884334259174,2686.0915806365474,1.0206868472773458,0.9194240213170114,1.1347620129799822,2.068684727734582,-8.05759786829886,13.476201297998225,2.068684727734582,147
mu,player,2095,Daichi Kamada,Japan,0.02042435211090674,0.03983739908280439,0.95,-0.06042367320418073,0.0988365303992323,0.69625,0.30375,1.0049495876676051,10944.22253862431,2832.778643240835,1.0206343564881728,0.9413656176976744,1.1038858330324692,2.06343564881728,-5.863438230232565,10.388583303246923,2.06343564881728,148
mu,player,13951,Homam Ahmed,Qatar,0.02031516004157999,0.04377706799902639,0.95,-0.06637105719292927,0.10881409854415611,0.69125,0.30875,1.0003665748340353,7923.151738294654,2722.775944594569,1.0205229173950052,0.9357835706377892,1.1149550593054667,2.0522917395005225,-6.421642936221083,11.495505930546667,2.0522917395005225,149
mu,player,6895,Rodrigo de Paul,Argentina,0.02002889040566597,0.02281536882768466,0.95,-0.02482332605713913,0.06439621485896081,0.8155,0.1845,1.0006135056242818,6758.833658468793,3385.0098301017724,1.0202308144830925,0.9754822390984053,1.0665148841028778,2.0230814483092496,-2.4517760901594743,6.651488410287776,2.0230814483092496,150
mu,player,5074,Bryan Mbeumo,Cameroon,0.01995770986651867,0.044071543671328546,0.95,-0.06779623839314429,0.1059113945566093,0.67475,0.32525,1.0001271955047428,8073.260728621084,2941.472311856585,1.0201581964881876,0.9344508593885321,1.1117233674004774,2.015819648818762,-6.554914061146788,11.17233674004774,2.015819648818762,151
mu,player,1682,Daniel Carvajal,Spain,0.019800180865465783,0.037120214201928,0.95,-0.05246283226035236,0.09428328169508934,0.70225,0.29775,1.0021258946132763,7990.636265213653,3221.586745639351,1.0199975046437242,0.948889588481571,1.0988709918672128,1.9997504643724184,-5.111041151842899,9.887099186721283,1.9997504643724184,152
mu,player,11488,Ricardo Horta,Portugal,0.01959268041425192,0.04854783356474742,0.95,-0.07575762119583702,0.11565154432542113,0.6575,0.3425,1.0013703417709319,8749.307375545979,3156.591880629205,1.0197858766584842,0.927040874389467,1.1226046260190043,1.9785876658484192,-7.2959125610532976,12.260462601900436,1.9785876658484192,153
mu,player,4666,Raphaël Guerreiro,Portugal,0.019559754186791116,0.037524473787742346,0.95,-0.05426585717519744,0.09584930329523905,0.69125,0.30875,1.0006922077472054,6818.410951314318,2595.4662632004433,1.0197522995095354,0.9471802583575739,1.1005931957285138,1.9752299509535387,-5.281974164242609,10.059319572851377,1.9752299509535387,154
mu,player,474,Cheikhou Kouyaté,Senegal,0.019501924412651948,0.051477232236851994,0.95,-0.07791998236105907,0.11867074439945882,0.65,0.35,1.0008168152380816,8784.382906627037,2734.530326955859,1.019693329169514,0.9250384429743261,1.1259991157322344,1.969332916951405,-7.496155702567386,12.599911573223444,1.969332916951405,155
mu,player,8538,Diogo Costa,Portugal,0.019213572428814683,0.0451827036920159,0.95,-0.06911255654397162,0.10887767119813219,0.6705,0.3295,1.0057582424208333,7654.793969670419,2706.203295563892,1.0193993409632207,0.9332216339646205,1.1150259422107343,1.9399340963220713,-6.677836603537946,11.502594221073426,1.9399340963220713,156
mu,player,8077,Joao Palhinha,Portugal,0.019164516700129048,0.04903316409712645,0.95,-0.07467888489347346,0.11436178981632895,0.65425,0.34575,1.0039454842317908,8980.647802990152,2722.715685736655,1.0193493348122822,0.9280414466142086,1.1211576749470828,1.9349334812282182,-7.195855338579138,12.115767494708285,1.9349334812282182,157
mu,player,457,Alireza Jahanbakhsh,Iran,0.019127846434006595,0.05135720077994645,0.95,-0.0825174306523305,0.11857762146880564,0.64725,0.35275,1.0022497455324066,9332.902082402095,2779.7410526082813,1.0193119556862582,0.9207953876526525,1.1258942642767777,1.9311955686258209,-7.920461234734755,12.589426427677775,1.9311955686258209,158
mu,player,13994,Saud Abdulhamid,Saudi Arabia,0.018991479154274366,0.04210798141658927,0.95,-0.062313474425732526,0.10311820716305609,0.675,0.325,1.0017550457316864,8307.705995530298,2929.425397774505,1.0191729643648124,0.9395883037174385,1.1086224484454896,1.9172964364812417,-6.041169628256149,10.862244844548963,1.9172964364812417,159
mu,player,13781,Celso Borges,Costa Rica,0.018842785514644744,0.04105637678926342,0.95,-0.05978224710973706,0.09686202790115762,0.6725,0.3275,1.001797665780054,8521.39689366789,2867.9073411618324,1.019021431093625,0.9419696278625094,1.1017083581198208,1.9021431093624974,-5.803037213749063,10.170835811982082,1.9021431093624974,160
mu,player,13978,Ramin Rezaeian,Iran,0.01877849640584881,0.04224155123633297,0.95,-0.0659363217018099,0.1025576839590403,0.6735,0.3265,1.000965910714094,9406.67785075186,3027.8293425019915,1.0189559212197843,0.936190477409951,1.1080012139630797,1.8955921219784289,-6.380952259004902,10.800121396307972,1.8955921219784289,161
mu,player,8400,Christian Fassnacht,Switzerland,0.018188275511725454,0.05504302672221819,0.95,-0.09134547891311932,0.12757090429632317,0.63225,0.36775,1.00232680066683,8133.256358584575,2950.2387873116318,1.0183546895920779,0.9127023370134961,1.136065417304482,1.8354689592077866,-8.729766298650388,13.606541730448196,1.8354689592077866,162
mu,player,12576,Nikola Milenkovic,Serbia,0.01808365974626728,0.03456915938902129,0.95,-0.04981702932604118,0.08426498881060249,0.691,0.309,1.0002552285596076,6783.532470820535,3085.5450988186226,1.018248159209194,0.9514034875133321,1.0879171414852913,1.8248159209194093,-4.859651248666785,8.791714148529127,1.8248159209194093,163
mu,player,308,Harry Wilson,Wales,0.017997944236860852,0.04463611510119736,0.95,-0.07145422996747615,0.10630505072963567,0.659,0.341,1.0012974092282199,9512.598807808421,2836.2130090420465,1.0181608832900286,0.9310388902999519,1.1121610903172638,1.8160883290028629,-6.896110970004809,11.216109031726385,1.8160883290028629,164
mu,player,3315,Vincent Janssen,Netherlands,0.017896779438845142,0.05280091691569108,0.95,-0.08308575367356964,0.11913776805015208,0.629,0.371,1.0011661514663148,8961.016852473487,2875.038657773795,1.0180578864598377,0.9202722271121695,1.1265251067655069,1.8057886459837746,-7.972777288783051,12.652510676550687,1.8057886459837746,165
mu,player,9963,Niclas Fullkrug,Germany,0.017779527474124663,0.05166509209457226,0.95,-0.08386851880868115,0.11717065139662405,0.6445,0.3555,1.0016082822757055,9979.609052430978,2981.196786149631,1.0179385241703194,0.9195521519596038,1.1243112786103633,1.793852417031938,-8.044784804039617,12.431127861036328,1.793852417031938,166
mu,player,12640,Martin Hongla,Cameroon,0.01757064589836148,0.04393814798513258,0.95,-0.07104121606816498,0.10368372279680597,0.65475,0.34525,1.001273376102475,8970.231689266691,2810.063629069924,1.0177259177729134,0.9314235017219094,1.1092495690785595,1.7725917772913435,-6.857649827809064,10.924956907855954,1.7725917772913435,167
mu,player,11841,Hidemasa Morita,Japan,0.01742899209313105,0.034513505858365316,0.95,-0.048124538638111794,0.08522534570732909,0.69875,0.30125,1.0010466362956938,8580.759090699954,3118.6173711900824,1.0175817632342397,0.9530150924849087,1.0889624320608524,1.7581763234239656,-4.698490751509132,8.896243206085241,1.7581763234239656,168
mu,player,1341,Unai Simon,Spain,0.017372621585256938,0.03783652105290287,0.95,-0.05534818064583243,0.09155664439246347,0.68225,0.31775,1.0027151439991693,7603.775357314256,2938.7696095297647,1.0175244032501636,0.9461556575078254,1.0958788503261534,1.7524403250163578,-5.384434249217462,9.58788503261534,1.7524403250163578,169
mu,player,10704,Kaoru Mitoma,Japan,0.017354056035153876,0.04545122813874741,0.95,-0.07260813958928247,0.1074160904484086,0.64425,0.35575,1.0014433682763382,7620.514411456048,2814.6622657330768,1.017505512525233,0.9299651751704068,1.1133974321475404,1.7505512525233025,-7.003482482959322,11.339743214754039,1.7505512525233025,170
mu,player,4560,Carlos Gruezo,Ecuador,0.01734531507766289,0.052188360295496845,0.95,-0.08698539480164273,0.11946084618137079,0.6265,0.3735,1.0006529471072239,8441.74416935548,3028.4318638493473,1.0174966185916718,0.9166904839817331,1.1268891211911556,1.7496618591671842,-8.330951601826687,12.688912119115558,1.7496618591671842,171
mu,player,8561,Mehdi Taremi,Iran,0.01731995326108373,0.04133406799643338,0.95,-0.0626238306305935,0.09940577651363044,0.6665,0.3335,1.0016262494101296,7452.923847427205,3000.6900699498033,1.0174708133562964,0.9392967419037143,1.1045143946398153,1.747081335629641,-6.070325809628574,10.451439463981526,1.747081335629641,172
mu,player,13817,Jamie Maclaren,Australia,0.017220766861499228,0.0549851697653167,0.95,-0.09165690250596856,0.12468264179735826,0.6275,0.3725,0.999410178520552,8418.227533302974,2996.231964405689,1.0173698990943811,0.9124181442269677,1.1327888961676182,1.7369899094381136,-8.758185577303234,13.278889616761823,1.7369899094381136,173
mu,player,13904,Filip Mladenovic,Serbia,0.017185631949027613,0.05127045565376329,0.95,-0.08086094028339265,0.11426018905649335,0.633,0.367,1.0003664116355733,8434.45628761924,3029.656192985859,1.0173341545199703,0.9223219403549193,1.121043770261912,1.7334154519970335,-7.767805964508067,12.104377026191205,1.7334154519970335,174
mu,player,4012,Eduardo Camavinga,France,0.01680193452445976,0.0419988029518855,0.95,-0.06589827542986072,0.09876808225465507,0.6565,0.3435,0.9995396883230083,8350.852950782153,2979.5649950501083,1.016943880903235,0.936226096645036,1.1038102766812488,1.6943880903234954,-6.377390335496402,10.381027668124876,1.6943880903234954,175
mu,player,8583,Theo Hernandez,France,0.016593114113225945,0.026634970855119722,0.95,-0.033166235241127155,0.06966537062832871,0.7295,0.2705,1.0003973156199155,7909.387876584223,3180.8676926294816,1.016731544434689,0.9673777339510936,1.0721493485567395,1.6731544434688939,-3.262226604890639,7.214934855673949,1.6731544434688939,176
mu,player,12514,Piotr Zielinski,Poland,0.016582196585464535,0.037535037481956975,0.95,-0.0573387936051415,0.09046481699146823,0.6715,0.3285,1.0043431525637225,7501.763498162747,2931.6889929749177,1.0167204443004199,0.9442741011410223,1.0946829927230426,1.6720444300419857,-5.572589885897772,9.46829927230426,1.6720444300419857,177
mu,player,8564,Pepe,Portugal,0.016502828220970153,0.030779876050443855,0.95,-0.041824578632743345,0.07755174932837446,0.70075,0.29925,0.9998568526479742,8100.674989885497,2847.3221732902525,1.0166397520638555,0.9590380015747614,1.0806381533102638,1.6639752063855484,-4.096199842523863,8.06381533102638,1.6639752063855484,178
mu,player,7757,Thiago Almada,Argentina,0.016319312050893094,0.054185338928421194,0.95,-0.09202305165876737,0.12493506924254366,0.624,0.376,1.0018561280856821,9732.054877472185,2485.8642136509134,1.016453199348452,0.912084124250758,1.1330748792680854,1.645319934845202,-8.791587574924197,13.307487926808538,1.645319934845202,179
mu,player,13822,Jason Cummings,Australia,0.016093058906489925,0.05556008145831666,0.95,-0.09006237909028617,0.12665533322838043,0.617,0.383,0.9994945470594795,10141.401485400835,3028.9307845371945,1.0162232496303651,0.9138741768533919,1.1350257446968146,1.6223249630365144,-8.612582314660811,13.502574469681461,1.6223249630365144,180
mu,player,14017,Ali Maaloul,Tunisia,0.015899414687597445,0.04942792499638551,0.95,-0.08241356021788787,0.11234655419599104,0.62975,0.37025,1.0007571536852469,8302.398096235163,3087.2454496058226,1.0160264829249526,0.9208910360370344,1.1189005531445229,1.6026482924952568,-7.910896396296563,11.890055314452287,1.6026482924952568,181
mu,player,4194,Randal Kolo Muani,France,0.01587166361236519,0.04990922694839075,0.95,-0.08220705539386912,0.11475769835515096,0.62225,0.37775,1.000405292376602,8489.000934686128,3021.5560978479575,1.0159982874888156,0.9210812241150735,1.1216016387226861,1.59982874888156,-7.891877588492646,12.160163872268615,1.59982874888156,182
mu,player,4795,Woo-yeong Jeong,South Korea,0.01571818615698005,0.05265144224149358,0.95,-0.08568136237260708,0.1219795801779328,0.61475,0.38525,1.000620980170531,7965.079868620413,3136.0256974704876,1.015842366622451,0.9178866578554868,1.1297310326381154,1.5842366622450976,-8.211334214451316,12.973103263811536,1.5842366622450976,183
mu,player,5173,Ismael Kone,Canada,0.015611944308111607,0.038490015952143214,0.95,-0.059856292925926896,0.09246576873589794,0.6615,0.3385,1.0009023708292313,8004.335146313132,2977.8594616000883,1.0157344473841334,0.941899881534832,1.096875593479521,1.5734447384133432,-5.8100118465168045,9.68755934795209,1.5734447384133432,184
mu,player,3867,Pablo Sarabia,Spain,0.015528846790507205,0.056771390382894374,0.95,-0.09518314030420968,0.1266460884687161,0.60775,0.39225,1.0014538506631019,8295.629375108225,2809.0919989917525,1.0156500458798368,0.9092064068817948,1.1350152517050949,1.565004587983676,-9.079359311820523,13.501525170509488,1.565004587983676,185
mu,player,8032,Kenneth Taylor,Netherlands,0.015454534786455157,0.05244801027544347,0.95,-0.08943452093384781,0.11813076393079916,0.61925,0.38075,1.0016097580661958,8116.970516550593,2197.7986191383156,1.0155745736937913,0.9144481403742718,1.125391262331263,1.5574573693791338,-8.55518596257282,12.539126233126296,1.5574573693791338,186
mu,player,13802,Daizen Maeda,Japan,0.015386083130956902,0.05319652829193076,0.95,-0.08912274607399247,0.123831169727856,0.61675,0.38325,0.9993937804954975,10440.150982591229,2938.7248366145727,1.0155050583121887,0.91473328676351,1.1318247685839933,1.5505058312188735,-8.526671323649005,13.182476858399328,1.5505058312188735,187
mu,player,4713,Jonas Hofmann,Germany,0.015367737899347877,0.05019979146348989,0.95,-0.08310207483372703,0.1155079319358305,0.62125,0.37875,1.003387111988723,9587.321326127174,2847.82530450403,1.0154864288075756,0.9202572073243329,1.122443417662132,1.5486428807575559,-7.9742792675667085,12.244341766213207,1.5486428807575559,188
mu,player,13865,Badr Benoun,Morocco,0.015333726703301107,0.04880161446080637,0.95,-0.07964028616284603,0.11271574105387919,0.62625,0.37375,1.0015993190496466,7841.990588521089,2802.101993770877,1.0154518914868937,0.9234484638397746,1.1193137127858896,1.5451891486893743,-7.655153616022536,11.931371278588966,1.5451891486893743,189
mu,player,127,Diogo Dalot,Portugal,0.015177902108918314,0.03898321671521286,0.95,-0.06157181490722948,0.08966080386221414,0.6495,0.3505,1.0028936393113326,7821.004733709673,2791.701842450082,1.0152936714353953,0.9402854168046886,1.0938032069515715,1.5293671435395284,-5.971458319531142,9.380320695157152,1.5293671435395284,190
mu,player,13948,Bassam Al-Rawi,Qatar,0.014982797229530899,0.04532701020857946,0.95,-0.07346055449869054,0.10417117691814021,0.62225,0.37775,1.0034136428858835,7885.149600695213,3017.967280095576,1.0150956020088713,0.9291727967554279,1.1097904091592492,1.5095602008871278,-7.082720324457215,10.97904091592492,1.5095602008871278,191
mu,player,455,Leandro Trossard,Belgium,0.014875045136591606,0.04515801705545105,0.95,-0.073940342408266,0.10467585527814903,0.63175,0.36825,1.000631147935668,9169.783200199292,2670.6729831425846,1.0149862292259002,0.9287270978106705,1.1103506377186216,1.4986229225900205,-7.127290218932947,11.035063771862163,1.4986229225900205,192
mu,player,13973,Hossein Kanaani,Iran,0.014143109098786872,0.053548297778060736,0.95,-0.09327570789306468,0.11842427987046082,0.61475,0.38525,1.0023971823381717,8940.774528815893,2739.0880583728126,1.0142435960400045,0.9109423116849322,1.125721631086989,1.424359604000447,-8.905768831506776,12.57216310869891,1.424359604000447,193
mu,player,1931,Ethan Ampadu,Wales,0.014022551137881823,0.03657301943874628,0.95,-0.05796603832221738,0.08671305199952907,0.6515,0.3485,0.9999719004230921,8839.65881389877,3054.256776378819,1.0141213282705295,0.94368199591646,1.0905836940047722,1.4121328270529476,-5.631800408354004,9.058369400477218,1.4121328270529476,194
mu,player,7584,Rodrigo Bentancur,Uruguay,0.013960730048693274,0.03487590975490446,0.95,-0.053298477885599445,0.08305226220038013,0.65975,0.34025,1.0006257620113799,9139.923588120868,3006.1294234033476,1.0140586361233148,0.9480969842623612,1.0865985950978398,1.4058636123314816,-5.190301573763878,8.659859509783985,1.4058636123314816,195
mu,player,4868,David Raum,Germany,0.01395610276615453,0.03632529361633346,0.95,-0.05688664162698515,0.08530575252147392,0.6515,0.3485,1.0014686672165098,10198.243028226354,3276.002062523421,1.014053943798351,0.9447011530826894,1.0890499955810424,1.4053943798350899,-5.529884691731057,8.904999558104244,1.4053943798350899,196
mu,player,8050,Alex Sandro,Brazil,0.013873435893779542,0.03715044953153259,0.95,-0.057160285323453915,0.08518514718312054,0.6395,0.3605,1.0017371321634585,8651.16596191545,3131.6933108770963,1.013970118595229,0.9444426769338989,1.088918658257992,1.3970118595229009,-5.555732306610106,8.891865825799194,1.3970118595229009,197
mu,player,4851,Krzysztof Piatek,Poland,0.013870180532382108,0.05444220220009623,0.95,-0.09295322762478231,0.12247893375900162,0.60575,0.39425,1.005733643903895,8466.894631441539,3015.5260990896254,1.0139668177614194,0.9112361199771364,1.1302953087498309,1.3966817761419392,-8.876388002286362,13.029530874983086,1.3966817761419392,198
mu,player,7988,Boulaye Dia,Senegal,0.0135987246525927,0.047512669080092204,0.95,-0.07862003582168665,0.10833579455071725,0.6075,0.3925,1.0000929732963837,7772.268544961244,2270.5596485432616,1.0136916078621894,0.9243910932272612,1.114421899364525,1.369160786218937,-7.560890677273879,11.442189936452497,1.369160786218937,199
mu,player,100,Mateo Kovacic,Croatia,0.013495466254714272,0.023448880922737593,0.95,-0.032724599557440955,0.06072545878272868,0.71925,0.28075,1.0001596774398849,7153.273715068734,3046.7075475880174,1.013586941094773,0.9678050568315807,1.0626071446786687,1.3586941094773097,-3.219494316841931,6.260714467866868,1.3586941094773097,200
mu,player,2042,Kamil Grosicki,Poland,0.01306978667626696,0.05491727559400565,0.95,-0.09379429520500701,0.12130505811208485,0.593,0.407,1.000108045044906,9789.898902918056,2744.1786547608203,1.0131555696524888,0.9104700310301429,1.1289692610728752,1.3155569652488763,-8.95299689698571,12.89692610728752,1.3155569652488763,201
mu,player,1339,Tyler Adams,United States,0.01293504349075631,0.02744158648139024,0.95,-0.039892334401829356,0.06538016409981419,0.67875,0.32125,1.0034409487414253,6922.59008915819,2747.3276954446724,1.0130190630404905,0.9608928886908839,1.067564797059271,1.3019063040490497,-3.910711130911615,6.756479705927099,1.3019063040490497,202
mu,player,13787,Youstin Salas,Costa Rica,0.012821600235439252,0.05282047427097323,0.95,-0.09162046339431354,0.11459722818444247,0.596,0.404,1.000121619647912,9630.285354125677,2931.696951550133,1.012904149378494,0.912451392539367,1.121421669556481,1.2904149378494045,-8.754860746063297,12.142166955648094,1.2904149378494045,203
mu,player,8402,Nicolas Ngamaleu,Cameroon,0.012498403544332575,0.04981825615107606,0.95,-0.0841647814412644,0.11181115199905187,0.59875,0.40125,1.0008439323383196,7857.574237755733,2736.9692094586617,1.012576835005317,0.9192797633695394,1.1183016516711015,1.2576835005317033,-8.072023663046057,11.830165167110152,1.2576835005317033,204
mu,player,12820,Jakub Kiwior,Poland,0.01247020620285202,0.0337308229842774,0.95,-0.053667528674420054,0.07749166852386438,0.6445,0.3555,1.001046525159098,8158.638383340733,3124.3967726526425,1.0125482834330661,0.9477471528791853,1.080573229650981,1.2548283433066132,-5.225284712081468,8.057322965098091,1.2548283433066132,205
mu,player,1696,Marco Asensio,Spain,0.012130560574659728,0.03933126858865798,0.95,-0.06257683801212273,0.08795832374849746,0.62125,0.37875,1.002992959689841,7580.217408061283,2683.9581128230357,1.0122044342320091,0.9393408829542811,1.0919426130049155,1.220443423200912,-6.065911704571891,9.194261300491547,1.220443423200912,206
mu,player,4616,Joshua Kimmich,Germany,0.012106094055138262,0.03102035143209077,0.95,-0.04976985598411296,0.07384015340937654,0.6515,0.3485,1.0015544559687342,7686.858040412028,2817.666466611541,1.0121796694154148,0.9514483694539675,1.0766346953555772,1.2179669415414818,-4.855163054603251,7.663469535557721,1.2179669415414818,207
mu,player,4915,Hee-chan Hwang,South Korea,0.012089165947202194,0.04308105388323853,0.95,-0.07270300651598272,0.09505907809324922,0.603,0.397,1.0023752482662358,7841.701985697243,3076.9528183934217,1.0121625352737451,0.9298769564168873,1.0997238227935524,1.2162535273745112,-7.0123043583112725,9.97238227935524,1.2162535273745112,208
mu,player,4677,Jude Bellingham,England,0.012035884632924255,0.02757109797270853,0.95,-0.041892006473336865,0.0672697725537686,0.672,0.328,1.0004955634071846,8379.86553535745,2933.875135715318,1.0121086073602905,0.9589733378933588,1.0695839836601617,1.2108607360290513,-4.102666210664118,6.958398366016172,1.2108607360290513,209
mu,player,4002,Nayef Aguerd,Morocco,0.011989760484331131,0.03341819698636382,0.95,-0.054084700666274715,0.07803669672695597,0.64025,0.35975,1.0004538889528647,7351.069907763554,2755.0148374386754,1.0120619257890744,0.9473518617695666,1.08116233306105,1.206192578907439,-5.264813823043335,8.116233306105002,1.206192578907439,210
mu,player,13778,Daniel Chacon,Costa Rica,0.011898275152826201,0.05493596607476196,0.95,-0.09320252700431828,0.12183988137653506,0.58925,0.41075,1.00049698089653,7601.013493217686,2676.15286465013,1.0119693412034205,0.9110089776922071,1.1295732215902177,1.1969341203420525,-8.899102230779288,12.957322159021768,1.1969341203420525,211
mu,player,8927,Ao Tanaka,Japan,0.011896333424033123,0.045850990387065055,0.95,-0.07536603308785499,0.1019605183038428,0.597,0.403,0.9998061953245582,8452.480385021463,2982.719231087168,1.0119673762353205,0.9274039636575713,1.1073397512132588,1.1967376235320515,-7.259603634242873,10.733975121325878,1.1967376235320515,212
mu,player,4673,Thomas Delaney,Denmark,0.011880045028859804,0.04838442059354771,0.95,-0.08362389118521446,0.11118374963861274,0.602,0.398,1.0014680448795297,9078.033704826892,2908.622258731347,1.0119508930450367,0.919777127333665,1.1176002466297574,1.1950893045036715,-8.022287266633498,11.760024662975743,1.1950893045036715,213
mu,player,13371,Bryan Oviedo,Costa Rica,0.011413574188939455,0.04610897298905964,0.95,-0.07828573575068733,0.10111427828720362,0.59475,0.40525,1.0009003831258005,7264.366593542596,2832.1612104868614,1.0114789575426324,0.9247001688944886,1.1064030723872176,1.1478957542632395,-7.529983110551141,10.640307238721757,1.1478957542632395,214
mu,player,47,Jordan Henderson,England,0.011306451757621374,0.03601862596127937,0.95,-0.05964535136322798,0.08338199673241194,0.62,0.38,1.000996067725636,7133.437980780372,3085.8279032198325,1.0113706112607357,0.9420985883247724,1.086956943253735,1.1370611260735686,-5.790141167522755,8.695694325373493,1.1370611260735686,215
mu,player,20,Ilkay Gündogan,Germany,0.011299396255038549,0.031016037978224678,0.95,-0.049572560534935806,0.07291460211436575,0.64175,0.35825,0.9997900531085305,7848.755519540086,3228.2220666454787,1.0113634755579488,0.9516361044064048,1.0756386757237704,1.136347555794881,-4.836389559359522,7.5638675723770366,1.136347555794881,216
mu,player,4265,Gideon Mensah,Ghana,0.011180938228652711,0.049922308944196504,0.95,-0.08367587411184822,0.10950741976056125,0.58625,0.41375,1.0033064340288014,7550.237419733836,2723.307463146492,1.0112436785322751,0.9197293158694361,1.1157283493416394,1.1243678532275148,-8.027068413056393,11.572834934163945,1.1243678532275148,217
mu,player,13910,Kyung-won Kwon,South Korea,0.010985261223452884,0.046732843743778604,0.95,-0.08120780603800447,0.10379087013129051,0.592,0.408,1.0020501874549788,7254.341751932674,2423.7680443440695,1.0110458207564725,0.9220020739376433,1.10936842858079,1.1045820756472535,-7.799792606235667,10.936842858079011,1.1045820756472535,218
mu,player,13960,Hasan Al-Haydos,Qatar,0.010893213059152607,0.04070848494271385,0.95,-0.06806640120452147,0.09097243248346139,0.601,0.399,1.0047944300882294,7206.899883712723,3036.7992960464844,1.0109527601277442,0.9341984396160189,1.0952388118282295,1.0952760127744154,-6.58015603839811,9.523881182822947,1.0952760127744154,219
mu,player,13856,Josip Sutalo,Croatia,0.01087719644185551,0.04318465618643122,0.95,-0.0726361853953816,0.09611994359743732,0.594,0.406,1.001808275853304,8996.220974220745,3122.86886445952,1.01093656821395,0.9299390939131617,1.1008911009143594,1.0936568213949949,-7.006090608683834,10.089110091435938,1.0936568213949949,220
mu,player,13881,Ardon Jashari,Switzerland,0.010668397116475744,0.053503601928109906,0.95,-0.09562835208716614,0.11692816408649316,0.581,0.419,1.0010206009760272,9915.388363683063,2889.7281651492867,1.0107255073759522,0.908801707571447,1.1240386804447968,1.0725507375952237,-9.119829242855303,12.403868044479683,1.0725507375952237,221
mu,player,2074,Raphinha,Brazil,0.010517572132542858,0.03752951057472699,0.95,-0.061640750625263516,0.08389850154168084,0.6085,0.3915,1.0004468719977684,8114.478826417555,2816.6535744575076,1.0105730762130445,0.9402205997884536,1.087518506755034,1.0573076213044486,-5.977940021154637,8.751850675503391,1.0573076213044486,222
mu,player,1812,Luuk de Jong,Netherlands,0.010177674766274568,0.05632047836327801,0.95,-0.09849194937565449,0.12110573366840499,0.57525,0.42475,1.0022103029625649,8951.52432016937,2922.8272810621056,1.0102296434552693,0.9062029880847421,1.1287442523285967,1.0229643455269333,-9.379701191525792,12.874425232859664,1.0229643455269333,223
mu,player,13829,Weverton,Brazil,0.010170830192128517,0.05645108839534657,0.95,-0.09946964355455457,0.12171746536592072,0.57675,0.42325,1.0052194361352005,10321.056320744954,3180.6914765170404,1.0102227288872339,0.9053174316706062,1.1294349522060998,1.0222728887233856,-9.468256832939382,12.943495220609979,1.0222728887233856,224
mu,player,8058,Paulo Dybala,Argentina,0.009990752272108333,0.05260853930094002,0.95,-0.09466516539926055,0.11234416259682904,0.57875,0.42125,1.0010936204179994,7362.844790127707,2733.039792646291,1.0100408264582559,0.9096774749741714,1.1188978771860973,1.004082645825588,-9.03225250258286,11.889787718609735,1.004082645825588,225
mu,player,4892,Josko Gvardiol,Croatia,0.009788144063962733,0.024400188785368933,0.95,-0.03752089267723679,0.058619594540525205,0.649,0.351,1.0041151893312992,6107.815026144241,2852.3574849869283,1.0098362046259846,0.9631742942209537,1.0603717927890726,0.9836204625984557,-3.6825705779046314,6.0371792789072565,0.9836204625984557,226
mu,player,14019,Yassine Meriah,Tunisia,0.00954453197949004,0.0369931150402606,0.95,-0.062330855833186406,0.08056793280282219,0.6005,0.3995,1.0013214283830985,7512.955967526395,2836.2865902267245,1.009590226286064,0.9395719724922229,1.0839024766745016,0.9590226286064096,-6.042802750777709,8.390247667450158,0.9590226286064096,227
mu,player,8416,Michel Aebischer,Switzerland,0.009456488103382184,0.05391005406909518,0.95,-0.094447000253551,0.11692069957306346,0.5625,0.4375,0.9998904111438558,9316.514398527872,3245.9021466860977,1.009501341962179,0.9098759565431408,1.1240302900742862,0.9501341962179,-9.01240434568592,12.403029007428623,0.9501341962179,228
mu,player,9837,Jackson Porozo,Ecuador,0.009453729168480031,0.04585237955025357,0.95,-0.07833816196937604,0.10167885207798799,0.5785,0.4215,1.0023708292859277,9143.478042761912,2856.7180220939745,1.009498556817535,0.9246516916319635,1.107027894926549,0.9498556817534975,-7.534830836803652,10.702789492654908,0.9498556817534975,229
mu,player,12766,Bartosz Bereszynski,Poland,0.009322402010730037,0.04121080749885395,0.95,-0.06938077185769442,0.09093668934839327,0.591,0.409,1.004588823873087,9140.306111258737,3036.0523429694595,1.0093659909462553,0.9329713631960205,1.0951996652590612,0.9365990946255343,-6.702863680397952,9.51996652590612,0.9365990946255343,230
mu,player,7955,Rubin Colwill,Wales,0.009273304008832991,0.05592682115929004,0.95,-0.09960682937934856,0.11563783668031473,0.567,0.433,0.9995582275911958,8837.19786123387,3038.310633077722,1.009316434309493,0.9051932434706672,1.1225892378586642,0.9316434309492916,-9.480675652933279,12.258923785866415,0.9316434309492916,231
mu,player,13917,Chang-hoon Kwon,South Korea,0.00912994113462106,0.05279554629213278,0.95,-0.0970199265091401,0.11379920403656137,0.56175,0.43825,0.99975728637617,9598.107150824339,2997.4749763346263,1.0091717461761822,0.9075379218903998,1.120527104973762,0.9171746176182216,-9.246207810960016,12.052710497376196,0.9171746176182216,232
mu,player,13878,Jerome Mbekeli,Cameroon,0.009121543968194305,0.05352927591175157,0.95,-0.09497081792788184,0.11897036995040454,0.56725,0.43275,1.0018134050013814,7860.81601974147,3079.372045276723,1.0091632720286559,0.9093994722419991,1.1263365443862488,0.9163272028655856,-9.060052775800088,12.633654438624875,0.9163272028655856,233
mu,player,3895,Ismail Jakobs,Senegal,0.009009790518698452,0.04311408845579448,0.95,-0.07385839553925252,0.09553926816485453,0.5765,0.4235,1.0032572350284317,9297.170257777167,3177.8704342871574,1.0090505008533033,0.9288032072069249,1.1002520260635993,0.9050500853303278,-7.119679279307512,10.02520260635993,0.9050500853303278,234
mu,player,3734,Félix Torres,Ecuador,0.008826761821600115,0.033600842258151166,0.95,-0.057282294997698345,0.07593926614916752,0.60425,0.39575,1.0004480347258577,9507.846313164808,2719.0527308940123,1.0088658325551403,0.9443274528199149,1.078897046595142,0.8865832555140285,-5.567254718008508,7.889704659514196,0.8865832555140285,235
mu,player,4908,Dani Olmo,Spain,0.00882640178633069,0.03418837118748174,0.95,-0.05659157177318063,0.07490272397356088,0.5975,0.4025,0.9996203910987612,7196.370955062806,2976.901145455304,1.0088654693279238,0.9449799470436424,1.0777793036971133,0.8865469327923758,-5.502005295635759,7.777930369711328,0.8865469327923758,236
mu,player,12537,Nicola Zalewski,Poland,0.008794844449532178,0.052520785588022784,0.95,-0.0943022405836431,0.11106781809700828,0.56275,0.43725,0.9996945282390116,9318.87379519947,3132.7850727610753,1.0088336327228657,0.9100076794201172,1.1174706890203199,0.8833632722865747,-8.999232057988282,11.747068902031987,0.8833632722865747,237
mu,player,13819,Mitchell Duke,Australia,0.008722697507077683,0.048350503127901616,0.95,-0.08661482596023404,0.10579773486018446,0.5745,0.4255,1.0046503174055437,9473.237004421988,2995.7879182659094,1.0087608510863373,0.9170302438606369,1.111597016440672,0.8760851086337285,-8.296975613936308,11.15970164406721,0.8760851086337285,238
mu,player,4712,Marcus Thuram,France,0.008530546856602804,0.047357862094028924,0.95,-0.08207651146356686,0.10132414753875162,0.572,0.428,1.0051843019677398,8221.760551714939,2867.0392764225385,1.0085670356541045,0.9212014735269418,1.106635296739453,0.8567035654104549,-7.879852647305818,10.663529673945305,0.8567035654104549,239
mu,player,11994,Dries Mertens,Belgium,0.008528531085856293,0.04893657016581961,0.95,-0.08704654444212002,0.10363386582933619,0.565,0.435,1.003395900826744,9578.31809817875,2716.7738817501945,1.0085650026162272,0.9166344304020543,1.1091942666374957,0.8565002616227169,-8.336556959794573,10.919426663749565,0.8565002616227169,240
mu,player,13942,Meshaal Barsham,Qatar,0.008479965101086544,0.05160514145445189,0.95,-0.08963517680291892,0.10999931972874306,0.5665,0.4335,1.000237513308398,9844.5946866181,2799.8657849843294,1.00851602185308,0.9142646693958244,1.1162773110872435,0.851602185307998,-8.57353306041756,11.627731108724348,0.851602185307998,241
mu,player,13862,Munir,Morocco,0.008478419471096685,0.054186602112884535,0.95,-0.09942688784256522,0.11589622678905454,0.5665,0.4335,1.0006741076370989,8451.64030744869,2849.4374865628292,1.008514463061676,0.9053561399894686,1.1228793412922193,0.8514463061676025,-9.464386001053137,12.287934129221934,0.8514463061676025,242
mu,player,9981,Ritsu Doan,Japan,0.008459520839112035,0.047844796746821974,0.95,-0.0879414953158175,0.10327216576468545,0.573,0.427,1.0016658118726651,9789.296941088232,2971.9706976992466,1.008495403698086,0.9158144545914678,1.1087931435470395,0.849540369808599,-8.418554540853219,10.87931435470395,0.849540369808599,243
mu,player,12776,Filip Djuricic,Serbia,0.008244710075712577,0.055151096670031936,0.95,-0.10032062327806744,0.11978045219817512,0.5615,0.4385,1.0001531142272597,8209.006696838695,2974.2660984746008,1.0082787912967033,0.9045473526002211,1.1272493392954301,0.8278791296703281,-9.545264739977888,12.724933929543013,0.8278791296703281,244
mu,player,13178,Nico Williams,Spain,0.008057890667412977,0.042342638082168635,0.95,-0.07344207862936954,0.08995568252692411,0.576,0.424,1.0010664991378384,10514.981963939703,3250.745641336687,1.0080904428436332,0.9291899641891885,1.0941257937403361,0.809044284363325,-7.081003581081147,9.412579374033614,0.809044284363325,245
mu,player,163,Bukayo Saka,England,0.008018157782399865,0.03715937396420235,0.95,-0.0614326913817377,0.08168154538462333,0.5845,0.4155,1.001510580912676,8191.502095925732,3044.7394063779416,1.0080503892977117,0.9404162417270441,1.08511019645113,0.8050389297711735,-5.958375827295592,8.511019645113006,0.8050389297711735,246
mu,player,3452,Kevin Álvarez,Mexico,0.007989010093008553,0.05179258692498745,0.95,-0.09381214081230026,0.10677761744404739,0.561,0.439,1.000620698353294,8808.290435451874,3217.127413778216,1.0080210073862832,0.9104537832844928,1.1126867848326933,0.8021007386283197,-8.954621671550722,11.268678483269333,0.8021007386283197,247
mu,player,3414,Alexis Vega,Mexico,0.007928247875684228,0.04634870371593152,0.95,-0.07868704531071535,0.09909855640972386,0.56425,0.43575,1.0019752114040625,9544.713151411388,3038.725661604905,1.0079597596555576,0.9243291523277786,1.1041751177317396,0.7959759655557619,-7.567084767222143,10.41751177317396,0.7959759655557619,248
mu,player,13872,Collins Fai,Cameroon,0.007843791960491718,0.04312306073278819,0.95,-0.07584845354159947,0.09241967433931256,0.5735,0.4265,1.0017586461207229,9027.727414686078,3206.6714775568753,1.0078746350862662,0.9269566729163952,1.0968250348261546,0.787463508626618,-7.304332708360484,9.682503482615456,0.787463508626618,249
mu,player,7605,Olivier Ntcham,Cameroon,0.007800217267768862,0.05222740067143593,0.95,-0.09525040244613868,0.10957980656205543,0.55825,0.44175,1.003909773264841,10794.628531075216,3103.599797636349,1.0078307182155781,0.9091452537680801,1.1158091162713792,0.7830718215578125,-9.085474623191992,11.580911627137924,0.7830718215578125,250
mu,player,1895,William Saliba,France,0.007453981990336498,0.04604864753641946,0.95,-0.08257766173487778,0.0976360647809399,0.5615,0.4385,1.0004871302594542,7402.719239405892,3062.3519535749315,1.007481832069083,0.9207399288198391,1.1025614511399067,0.7481832069083039,-7.926007118016088,10.256145113990666,0.7481832069083039,251
mu,player,21,Phil Foden,England,0.00716793178326982,0.03986660660450928,0.95,-0.07152139703911294,0.08744798234883733,0.57575,0.42425,1.002170253740307,8534.401373010887,2570.079920446653,1.0071936828969337,0.9309763572442151,1.091385491656582,0.7193682896933673,-6.9023642755784875,9.138549165658194,0.7193682896933673,252
mu,player,4053,Kasper Dolberg,Denmark,0.007045890017583214,0.052369540274982015,0.95,-0.09500478572187297,0.10957143617908356,0.561,0.439,1.003573003644113,9122.894835086938,3074.8331885735306,1.0070707707018478,0.909368582472702,1.115799776560841,0.7070770701847806,-9.063141752729798,11.579977656084095,0.7070770701847806,253
mu,player,2077,Edinson Cavani,Uruguay,0.00697180975286042,0.04981336972061736,0.95,-0.08703388114926718,0.10591981650941189,0.5515,0.4485,1.0030782432288816,9633.552935986865,2599.1565193985966,1.006996169395836,0.916646038085781,1.1117327303216342,0.6996169395836027,-8.335396191421896,11.173273032163422,0.6996169395836027,254
mu,player,13780,Keysher Fuller,Costa Rica,0.006870598863607892,0.04739893916118002,0.95,-0.08843412131474067,0.10056341429884048,0.5615,0.4385,1.002243905849704,7039.0635674001405,2664.590366988755,1.0068942555755387,0.9153634116877986,1.1057937626168381,0.6894255575538688,-8.463658831220144,10.579376261683816,0.6894255575538688,255
mu,player,2087,Takehiro Tomiyasu,Japan,0.006722398013647767,0.04175406174402104,0.95,-0.07431346607169449,0.08947003940767997,0.56025,0.43975,1.0019161669023722,8869.74595156945,2957.671185864653,1.0067450440479533,0.9283806323948524,1.0935945680805026,0.6745044047953286,-7.161936760514765,9.35945680805026,0.6745044047953286,256
mu,player,13831,Everton Ribeiro,Brazil,0.006654595188472064,0.049525747528920736,0.95,-0.08812069691677474,0.10449267294369455,0.54925,0.45075,1.000493646901614,9391.256663062868,2820.8152427048167,1.0066767862037986,0.9156503538790196,1.1101472597249378,0.6676786203798635,-8.434964612098039,11.014725972493778,0.6676786203798635,257
mu,player,8099,Rasmus Kristensen,Denmark,0.006584509593600904,0.03746345431710515,0.95,-0.06706767692955873,0.08152226782877436,0.5675,0.4325,1.0030953023965659,9725.702467484296,2706.5481587133627,1.0066062351347302,0.9351319123386387,1.0849373765147463,0.6606235134730243,-6.486808766136132,8.493737651474632,0.6606235134730243,258
mu,player,13560,Anass Zaroury,Morocco,0.006562652883520295,0.05351822292028151,0.95,-0.10089555640453039,0.11209185564524281,0.5515,0.4485,1.0001294209808438,8120.433428019883,2838.1712474236892,1.0065842342745177,0.9040274478323148,1.1186156070844202,0.6584234274517708,-9.597255216768518,11.86156070844202,0.6584234274517708,259
mu,player,2134,Moises Caicedo,Ecuador,0.00632317212816686,0.03639087963426543,0.95,-0.06334641407861769,0.07762757066144822,0.572,0.428,1.0003225435132181,7589.582209871403,2825.187960015076,1.006343205583785,0.9386182667821988,1.080720091841923,0.6343205583785094,-6.1381733217801155,8.072009184192307,0.6343205583785094,260
mu,player,8133,Matias Vecino,Uruguay,0.0062231806306810725,0.041401239099220895,0.95,-0.07398603035349047,0.08662425840141555,0.563,0.437,1.0009258039517113,8081.794386902598,2701.244125395079,1.0062425848503669,0.9286846671471896,1.0904868614536565,0.6242584850366883,-7.131533285281044,9.048686145365647,0.6242584850366883,261
mu,player,435,Mathew Ryan,Australia,0.0061551846328395075,0.04483911492361324,0.95,-0.08237486991256258,0.09325144614378747,0.55525,0.44475,1.0014894499886537,8591.54426917053,3130.3260735058984,1.0061741667078457,0.920926666281658,1.0977377224858762,0.6174166707845652,-7.907333371834202,9.773772248587619,0.6174166707845652,262
mu,player,8741,Gael Ondoua,Cameroon,0.006100693841509812,0.05125360315389874,0.95,-0.09722342749874872,0.10667217645312096,0.5475,0.4525,1.0018325808831288,7655.3159493266985,2924.4911997203653,1.0061193409750486,0.9073532558156895,1.1125694682206084,0.6119340975048626,-9.264674418431051,11.256946822060844,0.6119340975048626,263
mu,player,13216,Stefan Mitrović,Serbia,0.006029608151543892,0.05166751325279918,0.95,-0.09499548657996776,0.10713411921267524,0.54325,0.45675,0.9997719326598333,9184.091057461836,2850.499805200318,1.0060478228294958,0.909377038859513,1.1130835303554534,0.6047822829495786,-9.062296114048696,11.308353035545338,0.6047822829495786,264
mu,player,802,Jesús Ferreira,United States,0.005856967008905873,0.05232993368629479,0.95,-0.0976233468436133,0.1095177751564746,0.54675,0.45325,1.0013213892295134,9916.955648823288,3183.0499582538523,1.0058741525755608,0.9069904602453817,1.1157399032102508,0.5874152575560787,-9.300953975461834,11.573990321025086,0.5874152575560787,265
mu,player,1880,Andres Guardado,Mexico,0.005769485634738038,0.051344175524442814,0.95,-0.09608486934089007,0.10503045979294126,0.54775,0.45225,1.0010423623183753,10199.049250855593,3163.1572085187413,1.0057861611713141,0.9083869185980921,1.1107444428861777,0.5786161171314141,-9.161308140190794,11.07444428861777,0.5786161171314141,266
mu,player,4615,Josip Stanisic,Croatia,0.005689853658201944,0.04991744066191663,0.95,-0.09308515335470204,0.10323600032499505,0.5445,0.4555,1.00244874776256,7491.181909587858,2858.5393485647037,1.0057060716202144,0.9111159124162886,1.1087530442805857,0.5706071620214415,-8.888408758371135,10.875304428058573,0.5706071620214415,267
mu,player,3849,Thilo Kehrer,Germany,0.005232128524705859,0.05329211627100829,0.95,-0.10203012012717667,0.11330328060519401,0.5365,0.4635,1.0015271944930382,9759.569745979417,3055.6906573488213,1.0052458400121467,0.9030023527135563,1.1199715470953941,0.5245840012146674,-9.699764728644366,11.997154709539416,0.5245840012146674,268
mu,player,13956,Assim Madibo,Qatar,0.005195146330032495,0.041583321998432184,0.95,-0.07776462266224174,0.08967714036251366,0.5475,0.4525,1.0023856134452525,8355.757482743438,3032.706152684954,1.0052086645022171,0.9251821678324573,1.0938210760139482,0.5208664502217131,-7.481783216754268,9.382107601394818,0.5208664502217131,269
mu,player,5006,Renato Steffen,Switzerland,0.004964984327735713,0.0523809386903889,0.95,-0.09693201697617942,0.10799471464163071,0.53675,0.46325,1.0028919083124421,9778.566520719642,2895.3331148375705,1.0049773302864635,0.9076177066321256,1.1140418572604531,0.49773302864635216,-9.238229336787441,11.404185726045313,0.49773302864635216,270
mu,player,13916,Chul Hong,South Korea,0.0048512234994924595,0.0519619225282802,0.95,-0.09633099145027135,0.10610104107327922,0.539,0.461,1.0003761655136794,9002.494031332368,2893.521998641961,1.004863009735728,0.9081633720045604,1.1119342218578803,0.4863009735728063,-9.183662799543956,11.193422185788027,0.4863009735728063,271
mu,player,12154,Famara Diedhiou,Senegal,0.004825889332896721,0.05303890866814471,0.95,-0.09695423987776851,0.10727631526566916,0.53875,0.46125,1.0017705254394702,8745.539463750803,2871.105566883674,1.0048375526913014,0.9075975369572657,1.113241817693773,0.4837552691301372,-9.240246304273425,11.324181769377306,0.4837552691301372,272
mu,player,14007,Nasser Al-Dawsari,Saudi Arabia,0.004735876538820594,0.052314006807770964,0.95,-0.09838295558765692,0.10742622405347863,0.52675,0.47325,1.000451919984783,8120.084605098578,2702.997931875093,1.004747108526218,0.906301763963989,1.1134087149345715,0.4747108526218069,-9.369823603601102,11.34087149345715,0.4747108526218069,273
mu,player,1991,Aleksandar Mitrovic,Serbia,0.004627669282707196,0.04577127265676231,0.95,-0.08517703209775007,0.09464222903030342,0.5385,0.4615,1.0037823884148407,10761.701060343494,3224.5257920735403,1.004638393480501,0.9183496926373458,1.09926549948098,0.4638393480500991,-8.165030736265422,9.926549948098007,0.4638393480500991,274
mu,player,1697,Rodrygo,Brazil,0.0046092968594603,0.04111769049172244,0.95,-0.07541904457533687,0.08567541853476712,0.54875,0.45125,1.002126306331287,7088.930980830767,3084.8999918269337,1.0046199360082806,0.9273548018970418,1.0894526547713093,0.46199360082805896,-7.2645198102958215,8.945265477130926,0.46199360082805896,275
mu,player,13873,Pierre Kunde,Cameroon,0.004517531100881882,0.04755549359168286,0.95,-0.08916880999700336,0.09796060337646455,0.54325,0.45675,1.0008251377964783,7409.637338614986,2879.234385819777,1.0045277505275698,0.9146911515302775,1.1029193329548288,0.4527750527569818,-8.530884846972253,10.291933295482881,0.4527750527569818,276
mu,player,11090,Erick Gutierrez,Mexico,0.0044926792582920105,0.04957230273327451,0.95,-0.09534919969704836,0.10405964631592438,0.5385,0.4615,1.001376959961527,7946.71712841107,2512.1933480309426,1.0045027864722393,0.9090554371532206,1.1096666404687088,0.45027864722393396,-9.094456284677943,10.966664046870878,0.45027864722393396,277
mu,player,13911,Young-gwon Kim,South Korea,0.00439547007709721,0.032862037155543186,0.95,-0.06061471343291211,0.06731109929482708,0.55225,0.44775,0.9998718526306769,7581.3048389688665,2984.224894075167,1.0044051443247919,0.9411857961718691,1.0696281869938782,0.44051443247918876,-5.881420382813085,6.962818699387818,0.44051443247918876,278
mu,player,252,Raúl Jiménez,Mexico,0.004357241178808612,0.05144009955716285,0.95,-0.09527852062373551,0.10487385388790788,0.533,0.467,1.0002759259791734,8503.772315415306,2842.8406769196226,1.004366747756623,0.9091196906197695,1.1105705073674588,0.4366747756622935,-9.088030938023051,11.057050736745877,0.4366747756622935,279
mu,player,2106,Edson Alvarez,Mexico,0.004107353164499236,0.04124905614073888,0.95,-0.07741641228355113,0.08511795764920582,0.5375,0.4625,1.0013065707770885,9006.22949191594,2900.820714066717,1.0041157999001242,0.9255043819613723,1.0888454967787429,0.41157999001242285,-7.449561803862769,8.884549677874286,0.41157999001242285,280
mu,player,13975,Milad Mohammadi,Iran,0.0038339995742022654,0.047011781164805706,0.95,-0.09065656814107503,0.09874546379314783,0.52425,0.47575,1.0005713475785805,8084.500514314278,2931.9228249395796,1.003841358752593,0.9133313241182544,1.103785310473344,0.38413587525929493,-8.666867588174565,10.378531047334395,0.38413587525929493,281
mu,player,22,Kevin De Bruyne,Belgium,0.0038272517159428014,0.0384017511358916,0.95,-0.07192026627105808,0.07887362948482247,0.54075,0.45925,1.0003876550131763,7600.131594530556,2898.3186354780864,1.0038345849962433,0.930605093467413,1.082067571993378,0.383458499624334,-6.939490653258695,8.206757199337812,0.383458499624334,282
mu,player,8059,Dušan Vlahović,Serbia,0.0037834372655862186,0.05279521275280013,0.95,-0.09856011050290865,0.11214712887914544,0.52425,0.47575,1.0001915925512004,9130.758748169957,2938.4529237095203,1.0037906034991724,0.9061412223725873,1.1186774382953073,0.37906034991723736,-9.385877762741268,11.867743829530731,0.37906034991723736,283
mu,player,4703,Denis Zakaria,Switzerland,0.0036303214618085763,0.04980490121888787,0.95,-0.09266866932896854,0.10017414259967716,0.53075,0.46925,1.0002763784214024,8687.670409400393,2857.210674851281,1.0036369190601517,0.911495456670975,1.105363392170892,0.3636919060151733,-8.850454332902501,10.536339217089207,0.3636919060151733,284
mu,player,1950,Ferran Torres,Spain,0.0035512744691813458,0.04187375330173074,0.95,-0.08028043311941477,0.08528494254869827,0.537,0.463,1.0006209428834878,9492.330438849107,2669.0637829247394,1.0035575877155036,0.9228575102848399,1.0890273327160906,0.35575877155036295,-7.714248971516014,8.902733271609065,0.35575877155036295,285
mu,player,3455,Luis Chávez,Mexico,0.0034182717242898686,0.038527379622190494,0.95,-0.07193651113959781,0.07786486938795074,0.538,0.462,1.000483839988007,8910.317591590823,2801.8252711415494,1.0034241206776189,0.9305899760327979,1.0809765757738745,0.34241206776188804,-6.941002396720208,8.097657577387452,0.34241206776188804,286
mu,player,1829,Carlos Soler,Spain,0.003416749747081046,0.041015875574552725,0.95,-0.07591449080359312,0.08551035027168526,0.53,0.47,1.0019522397930616,8616.770009091917,2809.7729416744796,1.0034225934901386,0.9268954612568765,1.0892728355555075,0.34225934901386257,-7.31045387431235,8.927283555550748,0.34225934901386257,287
mu,player,4669,Thomas Meunier,Belgium,0.003398295424701482,0.03920791043902452,0.95,-0.07419499503715436,0.07864045261632743,0.53775,0.46225,1.0011291052313203,7057.492109793088,3118.4821322592793,1.003404076176978,0.9284906251241667,1.081815288279947,0.34040761769780215,-7.150937487583331,8.1815288279947,0.34040761769780215,288
mu,player,14008,Riad Sharahili,Saudi Arabia,0.003382237133512115,0.05081900239673147,0.95,-0.09600580821978918,0.10357030615772829,0.5245,0.4755,1.0014452605984718,7111.99233266533,2866.1956590418927,1.0033879633515148,0.9084587395253539,1.1091237688545905,0.3387963351514811,-9.154126047464606,10.912376885459052,0.3387963351514811,289
mu,player,13949,Tarek Salman,Qatar,0.003316176343374272,0.053786320424651854,0.95,-0.10328869544633398,0.10904878253876431,0.52925,0.47075,1.003074399985913,8392.938186203886,3009.6991877233304,1.0033216809391994,0.9018665711225535,1.1152167521189496,0.33216809391993785,-9.813342887744646,11.521675211894955,0.33216809391993785,290
mu,player,201,Danny Ward,Wales,0.003249697696432796,0.05182354955441816,0.95,-0.09858601352633949,0.10492430268973763,0.524,0.476,1.0033543627890822,9213.749407647167,2953.8853167214897,1.0032549836883995,0.9061177508792652,1.110626535732173,0.3254983688399493,-9.388224912073484,11.062653573217297,0.3254983688399493,291
mu,player,1665,Ante Budimir,Croatia,0.0030251871258397916,0.055523328660838776,0.95,-0.10457076839230328,0.1116918268217563,0.52725,0.47275,0.9997494591530114,9441.183416446685,2727.3372460929218,1.003029767622201,0.9007110532782048,1.1181682180893973,0.3029767622201085,-9.928894672179522,11.816821808939725,0.3029767622201085,292
mu,player,1267,Lucas Cavallini,Canada,0.0029404708895585593,0.05690671199353241,0.95,-0.10649360489900965,0.1137565187067192,0.51625,0.48375,1.0034699776509974,9244.43790663141,3082.7825642966714,1.002944798314601,0.8989807972158351,1.1204792759254956,0.2944798314600927,-10.101920278416488,12.047927592549556,0.2944798314600927,293
mu,player,462,Wayne Hennessey,Wales,0.0028909264341573054,0.04915416583725322,0.95,-0.09545542357209415,0.10164690980745057,0.52875,0.47125,1.0010189633853688,7606.590059251566,2900.1443895154944,1.0028951091916913,0.9089588788905419,1.106992534506786,0.28951091916913363,-9.104112110945806,10.699253450678592,0.28951091916913363,294
mu,player,13991,Mohammed Al-Burayk,Saudi Arabia,0.002871665548423266,0.04666181252358239,0.95,-0.0882773565748159,0.09354650740771812,0.52075,0.47925,1.0024237832085405,8008.010409581137,3066.066491758209,1.0028757927296168,0.9155069196431682,1.0980616701555914,0.28757927296167995,-8.449308035683178,9.806167015559142,0.28757927296167995,295
mu,player,4498,Amadou Onana,Belgium,0.0027737599018039924,0.0409454557599907,0.95,-0.07661348603647597,0.08342139239209041,0.5285,0.4715,0.9998067697350017,8292.096895387254,3245.8137444998824,1.0027776103330346,0.9262477921332627,1.0869997654830559,0.2777610333034586,-7.375220786673731,8.699976548305589,0.2777610333034586,296
mu,player,30,Gabriel Jesus,Brazil,0.0026679385229575877,0.052290196659286955,0.95,-0.09971529030041747,0.10459923775006265,0.52125,0.47875,1.0013297879318679,8364.412089651636,3018.549072482477,1.002671500638069,0.9050950707017857,1.1102655686563827,0.2671500638069091,-9.490492929821425,11.02655686563827,0.2671500638069091,297
mu,player,13993,Sultan Al-Ghannam,Saudi Arabia,0.0018398643883870865,0.04964473692293077,0.95,-0.09635975406541493,0.10015877987935622,0.515,0.485,1.0015256484489647,7354.7524717087545,2794.854897695436,1.0018415579773696,0.9081372512266567,1.1053464109126847,0.18415579773696233,-9.186274877334332,10.53464109126847,0.18415579773696233,298
mu,player,6018,Connor Roberts,Wales,0.0018227694543459505,0.042704278083646685,0.95,-0.08204714790934903,0.08744171153614924,0.511,0.489,1.0004794628130411,8487.957642472087,2798.1798908293254,1.001824431708403,0.9212285236734975,1.0913786478040517,0.18244317084030737,-7.877147632650249,9.13786478040517,0.18244317084030737,299
mu,player,4613,Benjamin Pavard,France,0.001617552705662528,0.03948435586777165,0.95,-0.07616842023586808,0.08033290664071165,0.521,0.479,1.0023579305279826,8367.391081347972,3087.5274396355894,1.0016188616497073,0.9266601250992743,1.083647761168883,0.16188616497072594,-7.333987490072569,8.364776116888306,0.16188616497072594,300
mu,player,1975,Denis Odoi,Ghana,0.0015984777378763187,0.054187759245923166,0.95,-0.1049939364914906,0.10723358769297951,0.50975,0.49025,1.0011843329571928,8313.54973447186,2732.462212042508,1.0015997559844076,0.9003299817282203,1.1131942525892644,0.1599755984407647,-9.967001827177969,11.31942525892644,0.1599755984407647,301
mu,player,1937,Kai Havertz,Germany,0.0015695500325014686,0.04691373485911259,0.95,-0.09290015043078499,0.09290093689447354,0.52025,0.47975,1.0017424257748135,8073.41252597856,3268.2657464189333,1.0015707824208344,0.9112844871170385,1.0973530226851818,0.15707824208344157,-8.871551288296153,9.735302268518176,0.15707824208344157,302
mu,player,4207,Christopher Wooh,Cameroon,0.0015240467958320778,0.0473468784527614,0.95,-0.09006010911683252,0.09443592098786141,0.51325,0.48675,1.0026990875080768,8846.627793501057,2840.6382730508276,1.0015252087453634,0.9138762513258678,1.0990387355600728,0.15252087453634378,-8.61237486741322,9.90387355600728,0.15252087453634378,303
mu,player,13784,Johan Venegas,Costa Rica,0.00148331564240621,0.0538604787782292,0.95,-0.10347913888047318,0.10618677440237231,0.51125,0.48875,1.0005725219742434,6616.93171243054,2540.39646894274,1.0014844162991936,0.9016948329093402,1.112029555767041,0.14844162991936027,-9.830516709065984,11.202955576704099,0.14844162991936027,304
mu,player,12653,Vanja Milinković-Savić,Serbia,0.0011381861810834263,0.045703466917775444,0.95,-0.08622574285874299,0.0910903172452608,0.50775,0.49225,1.0027109489236259,8053.392550177982,3388.2891453638017,1.001138834160792,0.9173871142536969,1.0953679314051412,0.11388341607920793,-8.26128857463031,9.53679314051412,0.11388341607920793,305
mu,player,2059,Edouard Mendy,Senegal,0.0009255976149386667,0.04646467821957256,0.95,-0.09044175300993783,0.09460500837680261,0.51,0.49,1.0032461351338862,8694.653517194589,2848.406488026277,1.0009260261126063,0.9135275425810093,1.0992245848621578,0.09260261126062819,-8.647245741899068,9.92245848621578,0.09260261126062819,306
mu,player,13939,Djorkaeff Reasco,Ecuador,0.0008981602537161813,0.054960775102633336,0.95,-0.10490941072425555,0.10750055438156463,0.5105,0.4895,1.0007602958460056,7593.482604903807,2767.986858457187,1.0008985637204204,0.9004060860270324,1.1134914780455127,0.08985637204204089,-9.959391397296757,11.349147804551274,0.08985637204204089,307
mu,player,105,Mason Mount,England,0.0005551316071906312,0.0410004530666312,0.95,-0.08086330136419936,0.08094569166185088,0.49725,0.50275,1.000791231542126,9702.526293171682,2994.699609891872,1.0005552857212578,0.9223197626808591,1.084312007784521,0.05552857212578477,-7.768023731914086,8.431200778452098,0.05552857212578477,308
mu,player,9178,Marcos Acuña,Argentina,0.0005103747694953004,0.03284773235569117,0.95,-0.06383107264012264,0.06417791132155685,0.51125,0.48875,1.0023804585547218,8764.689828681534,3414.6368340387294,1.000510505032858,0.9381634676232734,1.0662820855422832,0.051050503285798854,-6.18365323767266,6.628208554228321,0.051050503285798854,309
mu,player,169,Jordan Pickford,England,0.0004767033496644882,0.045726296260678985,0.95,-0.08849979858969971,0.09148483116567471,0.50225,0.49775,1.0054162781546279,9790.99660245591,2662.187770567724,1.0004768169907632,0.9153032950874905,1.0958001545554743,0.04768169907631847,-8.469670491250946,9.58001545554743,0.04768169907631847,310
mu,player,13970,Roozbeh Cheshmi,Iran,0.0003449260196746882,0.05224906310729242,0.95,-0.10119276742086049,0.10344813973682769,0.5015,0.4985,1.0012384502181604,8334.88989008532,2902.3912444644043,1.0003449855134943,0.9037588008401547,1.1089882794497101,0.0344985513494267,-9.62411991598453,10.898827944971012,0.0344985513494267,311
mu,player,7649,Mohamed Drager,Tunisia,0.0003382064414880442,0.05136005920932606,0.95,-0.0991881402092062,0.10194686424071735,0.50325,0.49675,1.003188560029463,8536.565599360674,2683.9601208363533,1.0003382636397347,0.9055723174301376,1.1073246316296166,0.033826363973465945,-9.442768256986245,10.732463162961658,0.033826363973465945,312
mu,player,11,Nicolás Otamendi,Argentina,0.00009986116486804924,0.021149835913767557,0.95,-0.04256407258601984,0.0402346299199086,0.503,0.497,0.9999675432288989,6371.640354457044,3366.410407857618,1.0000998661511602,0.9583290609326006,1.0410550081921583,0.009986615116019948,-4.167093906739938,4.105500819215835,0.009986615116019948,313
mu,player,14029,Taha Yassine Khenissi,Tunisia,-0.00006894830399711827,0.055673955199420484,0.95,-0.105818232991054,0.1091428230617608,0.49275,0.50725,0.9999213895080942,7753.831896932484,2715.1063245128903,0.9999310540728825,0.8995881486630333,1.1153216326170043,-0.006894592711748082,-10.041185133696672,11.532163261700434,-0.006894592711748082,314
mu,player,9094,Cyle Larin,Canada,-0.0002207788673744685,0.0490201751902943,0.95,-0.09857636191211519,0.09450306314783603,0.49775,0.50225,0.9996028697363462,10523.421968606843,3110.7310695445217,0.9997792455024862,0.9061264964204426,1.099112529872001,-0.02207544975137976,-9.387350357955738,9.911252987200104,-0.02207544975137976,315
mu,player,4280,Ui-jo Hwang,South Korea,-0.0005964942313959437,0.054218409300198195,0.95,-0.10839034244479502,0.10336612537229914,0.50425,0.49575,1.0011244589796435,8774.10845103823,2802.030755787835,0.9994036836359207,0.8972772826555444,1.1088973302103244,-0.05963163640793079,-10.27227173444556,10.889733021032445,-0.05963163640793079,316
mu,player,13950,Musab Khoder,Qatar,-0.0006696773453652345,0.056351112741647696,0.95,-0.11307723701145488,0.10960638613154651,0.49875,0.50125,1.0000595351042334,7821.336706312279,2981.555573851496,0.9993305468384618,0.8930816784922507,1.1158387743914722,-0.06694531615382138,-10.691832150774927,11.583877439147216,-0.06694531615382138,317
mu,player,8113,Noah Okafor,Switzerland,-0.0007156234711058201,0.05060977360713369,0.95,-0.09827940270618135,0.09502434944516173,0.49525,0.50475,1.0000604479769828,8028.759956827597,2856.9738091271884,0.9992846325263008,0.9063956189825287,1.0996856315350865,-0.07153674736991578,-9.360438101747127,9.968563153508647,-0.07153674736991578,318
mu,player,13021,Abde Ezzalzouli,Morocco,-0.000774230764081782,0.05312571430467852,0.95,-0.1048725750183268,0.1015069928680834,0.49325,0.50675,1.0005102389921134,7192.083761528094,3006.2395032197583,0.9992260688752213,0.900439253731708,1.106837658334608,-0.07739311247787484,-9.956074626829203,10.6837658334608,-0.07739311247787484,319
mu,player,13955,Ali Asad,Qatar,-0.0007829580627717437,0.05146423633042677,0.95,-0.10267066503278227,0.10054824613621359,0.4915,0.5085,1.000062063717305,8899.092572447149,3011.715867573174,0.9992173483689126,0.902424124367157,1.1057769898844212,-0.07826516310873721,-9.757587563284298,10.577698988442119,-0.07826516310873721,320
mu,player,1381,Marcos Llorente,Spain,-0.0007993404598889663,0.0391138988478766,0.95,-0.07632112795059126,0.0769727360655311,0.489,0.511,0.9994100517097022,6519.402346700336,2874.1846742990015,0.999200978927591,0.9265186277533883,1.0800126305976119,-0.07990210724090341,-7.3481372246611665,8.001263059761188,-0.07990210724090341,321
mu,player,6655,Nicolas N'Koulou,Cameroon,-0.0008079655734960038,0.03958105016631515,0.95,-0.07784231488844423,0.07641248283636073,0.49,0.51,1.0015519819681378,7942.926669448659,2937.331646235926,0.9991923607427979,0.925110291162361,1.079407719501295,-0.08076392572020641,-7.488970883763901,7.940771950129499,-0.08076392572020641,322
mu,player,8854,Jackson Irvine,Australia,-0.0008602852141569836,0.038303175525028536,0.95,-0.07647577965944294,0.07482692371455764,0.4935,0.5065,1.0010158332474386,7484.866685702034,2817.782204200184,0.9991400847250759,0.9263753511435953,1.0776976108429537,-0.08599152749241279,-7.362464885640474,7.769761084295368,-0.08599152749241279,323
mu,player,5195,Piero Hincapie,Ecuador,-0.0008925759760341348,0.031680610062921014,0.95,-0.06337887388484499,0.0616522684053292,0.487,0.513,0.9996497016219856,7856.240247165549,2669.8783394543084,0.9991078222514108,0.9385877999096147,1.0635924357234832,-0.08921777485891846,-6.141220009038529,6.3592435723483165,-0.08921777485891846,324
mu,player,4732,Djibril Sow,Switzerland,-0.0010450913696300665,0.0350752788382902,0.95,-0.06978610238528161,0.06929573632266829,0.4855,0.5145,1.0005673468250207,8200.340223033514,2786.8903441689417,0.9989554545481608,0.9325932780510545,1.0717531186113232,-0.1044545451839185,-6.7406721948945485,7.175311861132316,-0.1044545451839185,325
mu,player,8327,Marten De Roon,Netherlands,-0.0017242423700141783,0.040545662450598575,0.95,-0.07937519834015846,0.07903748652595798,0.48,0.52,1.001044704419926,9384.540280420228,3006.59268767314,0.9982772432818637,0.9236932912313645,1.0822448909111135,-0.17227567181362646,-7.6306708768635545,8.224489091111353,-0.17227567181362646,326
mu,player,4607,Lucas Hernández,France,-0.0020172641299538055,0.055012719159226814,0.95,-0.10985646067318422,0.10506457802710469,0.48575,0.51425,1.003492450207892,9436.808753915777,2555.617140351261,0.9979847691798605,0.8959627319543654,1.1107823401716663,-0.20152308201395464,-10.403726804563462,11.078234017166633,-0.20152308201395464,327
mu,player,6,Ederson,Brazil,-0.0020923399812279673,0.052686155513660585,0.95,-0.10406613139789618,0.09990726705617164,0.48275,0.51725,1.0041631040191423,8775.578728128765,2753.740468549519,0.9979098474361976,0.9011657001031156,1.1050684370747368,-0.20901525638024054,-9.883429989688441,10.506843707473678,-0.20901525638024054,328
mu,player,1394,Alvaro Morata,Spain,-0.0021465607326384144,0.04696994033825073,0.95,-0.09488858119251262,0.09181094519862348,0.47975,0.52025,1.0021650888020737,8554.137894126075,2554.4973799726017,0.9978557414812758,0.9094742613609071,1.0961575686388887,-0.21442585187242402,-9.052573863909286,9.615756863888869,-0.21442585187242402,329
mu,player,2071,Alex Telles,Brazil,-0.0021774972804753994,0.052822563586091484,0.95,-0.10350602784643982,0.102927423643607,0.485,0.515,0.999961741346735,8497.579610774854,2814.921249680148,0.9978248717468989,0.901670587593633,1.1084109617277667,-0.21751282531010663,-9.832941240636695,10.841096172776666,-0.21751282531010663,330
mu,player,32,Alisson,Brazil,-0.002320736373512178,0.04689162931299768,0.95,-0.09693640689816685,0.0917330928913099,0.475,0.525,1.000630159645258,9902.436067129238,2965.6404056033525,0.9976819544531765,0.9076137222699446,1.0960722335648003,-0.23180455468234662,-9.238627773005536,9.607223356480032,-0.23180455468234662,331
mu,player,13912,Jin-su Kim,South Korea,-0.0024555282374691574,0.040998882269689105,0.95,-0.08197338070232614,0.07998799316788756,0.4685,0.5315,1.0032425327775596,8741.131136680428,2957.161639902222,0.9975474841058575,0.9212964826352593,1.0832740609070926,-0.24525158941425262,-7.870351736474069,8.327406090709255,-0.24525158941425262,332
mu,player,5139,Romelu Lukaku,Belgium,-0.00254197026252916,0.05265181578247722,0.95,-0.10735144794725776,0.10452775461218963,0.4855,0.5145,1.0004773343484856,8243.948833674049,3025.2532803391523,0.9974612578080795,0.8982099434714701,1.1101862062262344,-0.2538742191920518,-10.17900565285299,11.018620622623443,-0.2538742191920518,333
mu,player,4912,André Silva,Portugal,-0.002575743663542271,0.054681425240901256,0.95,-0.10901808872652222,0.10469064701675397,0.483,0.517,1.0017203388709972,8419.306085113525,2662.4238031166014,0.9974275707178915,0.8967141969336543,1.110367061856485,-0.2572429282108546,-10.32858030663457,11.036706185648493,-0.2572429282108546,334
mu,player,4717,Breel Embolo,Switzerland,-0.0026557648428784733,0.04590704371493509,0.95,-0.09139026332441832,0.08919499990303106,0.479,0.521,1.0017319367339879,6806.347594100401,2767.235498961084,0.9973477585807535,0.9126614630919058,1.0932938277318451,-0.26522414192464705,-8.733853690809424,9.329382773184513,-0.26522414192464705,335
mu,player,13849,Artur Jedrzejczyk,Poland,-0.0026639652436144506,0.056297593318019576,0.95,-0.11459358683231032,0.11143895724167535,0.479,0.521,1.0024551458877462,8462.348743572895,2591.660824489993,0.997339579962994,0.8917284804691356,1.117885503108145,-0.26604200370059505,-10.827151953086444,11.788550310814493,-0.26604200370059505,336
mu,player,144,Emiliano Martínez,Argentina,-0.0028036449874593696,0.045708532399166696,0.95,-0.09222911647196498,0.08764718805909784,0.4685,0.5315,1.0003837791851629,8127.632005500219,3039.5984266033033,0.9972002815547478,0.9118961951695242,1.0916029235347322,-0.2799718445252175,-8.810380483047576,9.16029235347322,-0.2799718445252175,337
mu,player,13969,Hossein Hosseini,Iran,-0.002819475174784916,0.05258414125948664,0.95,-0.10375036511674529,0.10201955299708186,0.47575,0.52425,1.0016551020484328,7813.4584092016485,3080.0800813875476,0.9971844958124357,0.901450302776537,1.1074051246054133,-0.2815504187564266,-9.854969722346297,10.740512460541328,-0.2815504187564266,338
mu,player,13055,Nicolas Jackson,Senegal,-0.0028445815116476133,0.054218798279686765,0.95,-0.10875611210141639,0.10259218405973797,0.476,0.524,1.0033053574361792,9501.101617800636,2900.517022267745,0.9971594604768437,0.896949145866872,1.1080394407759453,-0.2840539523156327,-10.305085413312797,10.80394407759453,-0.2840539523156327,339
mu,player,213,Daniel Amartey,Ghana,-0.0029316489276364796,0.0324021652825476,0.95,-0.06590778438222628,0.06024219437560082,0.457,0.543,1.0002598375734537,7778.372868488444,3066.6060880765176,0.9970726441587822,0.9362171941580063,1.06209374852992,-0.2927355841217838,-6.37828058419937,6.209374852992,-0.2927355841217838,340
mu,player,14021,Ghaylen Chaaleli,Tunisia,-0.002966837772584193,0.05364912866211971,0.95,-0.10574031345041217,0.09851903915360702,0.48775,0.51225,1.0048760956434293,9513.642769247248,3091.270043768937,0.997037558941413,0.8996582468893193,1.1035354145746517,-0.29624410585870065,-10.034175311068072,10.353541457465166,-0.29624410585870065,341
mu,player,7535,Karol Swiderski,Poland,-0.003078447490578287,0.05452215935022792,0.95,-0.11215924396449956,0.10326416131712071,0.48125,0.51875,1.0018431603089024,8681.062393113081,3123.0291580540406,0.9969262860703124,0.8939018976836265,1.1087842683059828,-0.30737139296875826,-10.60981023163735,10.878426830598276,-0.30737139296875826,342
mu,player,2090,Hiroki Sakai,Japan,-0.003093477081407106,0.051810333621026605,0.95,-0.10407324310489963,0.09575517066669217,0.4835,0.5165,1.0004850505661869,10101.409188041393,3096.5545276955454,0.9969113027887428,0.9011592912994837,1.1004895988740375,-0.3088697211257152,-9.88407087005163,10.048959887403752,-0.3088697211257152,343
mu,player,4656,Gregor Kobel,Switzerland,-0.003158245501372133,0.05171086627686892,0.95,-0.10389221770679508,0.09765261477624419,0.478,0.522,1.0007964462216545,9616.780490745978,3026.329337667289,0.9968467365097665,0.9013224387854206,1.1025796986777436,-0.3153263490233482,-9.867756121457937,10.257969867774364,-0.3153263490233482,344
mu,player,1877,Guido Rodríguez,Argentina,-0.0031786270932667284,0.0434646052020275,0.95,-0.08678361589612037,0.08308317001190038,0.471,0.529,1.003383368870561,6288.196518372525,2902.000218256872,0.9968264193934498,0.9168754714469501,1.0866321800014307,-0.31735806065501526,-8.312452855304986,8.663218000143068,-0.31735806065501526,345
mu,player,13850,Grzegorz Krychowiak,Poland,-0.003244489967855834,0.0396305508574505,0.95,-0.08112378994152164,0.07407389373307494,0.472,0.528,1.0026486525499223,7216.0718465261525,2983.615983535438,0.9967607677020305,0.9220795402070058,1.0768863777107862,-0.3239232297969519,-7.792045979299422,7.688637771078621,-0.3239232297969519,346
mu,player,4611,Alphonso Davies,Canada,-0.0033004837789359486,0.041371908124791155,0.95,-0.08188512234258173,0.07684418880798345,0.46475,0.53525,1.0005360513454715,9321.414265744543,2991.664188477808,0.996704956830458,0.9213777983399976,1.0798738068587284,-0.3295043169541989,-7.862220166000244,7.987380685872836,-0.3295043169541989,347
mu,player,7008,Brennan Johnson,Wales,-0.003407211375904638,0.05069702818968372,0.95,-0.10355045165963292,0.09356911067062122,0.47475,0.52525,1.0001280034193971,8218.845319802056,2893.062609587203,0.9965985865819501,0.9016305328375871,1.0980864902127119,-0.34014134180498923,-9.83694671624129,9.808649021271187,-0.34014134180498923,348
mu,player,13851,Michal Skoras,Poland,-0.0035130939042482883,0.05342358009720475,0.95,-0.10636757105722286,0.10123774325860077,0.475,0.525,1.000295782923443,7404.193415432047,2742.0565130846176,0.9964930697901501,0.8990941063596442,1.106539682844033,-0.35069302098499344,-10.090589364035585,10.653968284403303,-0.35069302098499344,349
mu,player,13868,Yahya Jabrane,Morocco,-0.0036005662651444025,0.05544197780761757,0.95,-0.111548819160542,0.10305848145256792,0.4645,0.5355,1.0005268205920546,7472.028839722163,3013.9514306547735,0.9964059080008982,0.8944477241503355,1.108556237159371,-0.3594091999101767,-10.555227584966453,10.85562371593709,-0.3594091999101767,350
mu,player,8326,Teun Koopmeiners,Netherlands,-0.0036216889723967257,0.0400126672395027,0.95,-0.08107925061023041,0.07594366057336573,0.466,0.534,1.0023506663570008,8100.9030850101635,2703.809114360337,0.9963848614328801,0.9221206099277262,1.078901787736848,-0.36151385671199243,-7.787939007227385,7.890178773684808,-0.36151385671199243,351
mu,player,11843,Issahaku Fatawu,Ghana,-0.0037142092021313967,0.05665509202949481,0.95,-0.11433803617075328,0.10766744116041069,0.4735,0.5265,1.0007087004106343,8724.81196871634,2744.229102410807,0.9962926799409884,0.891956391392402,1.1136773205584543,-0.3707320059011643,-10.804360860759799,11.367732055845426,-0.3707320059011643,352
mu,player,13980,Saeid Ezatolahi,Iran,-0.004036453552876475,0.04356884146290614,0.95,-0.09046916077244684,0.08218535189677434,0.46075,0.53925,1.0015012945838546,7889.352962956956,2853.7393551262953,0.9959716819758568,0.913502505178188,1.0856570197695117,-0.40283180241431626,-8.649749482181202,8.565701976951168,-0.40283180241431626,353
mu,player,13875,Vincent Aboubakar,Cameroon,-0.0042467770708263936,0.05063919953260414,0.95,-0.1028362511548973,0.09700035686424642,0.4645,0.5355,1.0007065836300055,7897.022280804706,2803.095866483516,0.9957622277352737,0.9022747078268941,1.1018607668356526,-0.4237772264726325,-9.772529217310588,10.18607668356526,-0.4237772264726325,354
mu,player,1257,In-beom Hwang,South Korea,-0.004393744736823807,0.0324590969614379,0.95,-0.06597935722937089,0.05876136332004916,0.44175,0.55825,0.9999246592302211,8708.638578404427,3260.071754025998,0.9956158936382288,0.9361501888257845,1.0605221310603627,-0.4384106361771223,-6.384981117421551,6.052213106036275,-0.4384106361771223,355
mu,player,13815,Mathew Leckie,Australia,-0.004480341017568568,0.04016104583575721,0.95,-0.08313270524846307,0.07333613259489086,0.45825,0.54175,1.0017443131515698,7717.202473291397,2769.542782541279,0.9955296807377014,0.9202290198961073,1.0760921857890622,-0.4470319262298572,-7.9770980103892715,7.609218578906218,-0.4470319262298572,356
mu,player,12664,Saša Lukić,Serbia,-0.004530097909250703,0.030823703330737858,0.95,-0.0650836901021256,0.055550560294349925,0.4455,0.5545,1.001453702972264,8745.701409191039,3035.9452181614583,0.9954801475075307,0.9369890433872291,1.0571224641442127,-0.4519852492469334,-6.30109566127709,5.712246414421274,-0.4519852492469334,357
mu,player,8037,Dusan Tadić,Serbia,-0.004542852859409112,0.03967198069416924,0.95,-0.08376047734813097,0.07302445360186713,0.45025,0.54975,1.0004969444388376,8834.664354557091,2986.0729692147106,0.9954674502888419,0.9196515070842933,1.075756842722604,-0.4532549711158129,-8.034849291570668,7.575684272260408,-0.4532549711158129,358
mu,player,1545,Mathí­as Olivera,Uruguay,-0.004714312610573002,0.04220012859555805,0.95,-0.08617787800250193,0.0766926957292044,0.46175,0.53825,1.0001430444451718,9543.975694720588,2887.277157263457,0.9952967823192855,0.9174310259069421,1.0797102258420432,-0.47032176807144666,-8.256897409305786,7.971022584204324,-0.47032176807144666,359
mu,player,13963,Mohammed Muntari,Qatar,-0.0047370627379222105,0.05009515155840211,0.95,-0.10392895941502583,0.09151191982022952,0.46525,0.53475,1.0018654529270605,8670.862255721006,2814.290585857468,0.9952741394483026,0.9012893232677169,1.0958298387093721,-0.4725860551697436,-9.871067673228307,9.582983870937213,-0.4725860551697436,360
mu,player,13876,Christian Bassogog,Cameroon,-0.004830702662622111,0.05312958435366899,0.95,-0.10744190651172153,0.09717333712059105,0.468,0.532,1.002056421113823,7134.760838077083,2899.9093375835846,0.9951809464161913,0.8981286963642003,1.1020513834795387,-0.4819053583808741,-10.187130363579966,10.205138347953868,-0.4819053583808741,361
mu,player,13869,Walid Cheddira,Morocco,-0.004830981468493759,0.05361905999497698,0.95,-0.10831949460615797,0.10010925489438606,0.46325,0.53675,1.0016336654838913,7234.257116011973,2937.1350947331616,0.9951806689539386,0.8973408550636359,1.10529167000383,-0.4819331046061359,-10.265914493636409,10.529167000383,-0.4819331046061359,362
mu,player,3924,Bruno Guimarães,Brazil,-0.004892728302168847,0.04470068642901126,0.95,-0.09076074237535844,0.0812397075523326,0.4465,0.5535,0.9994187027343154,7939.48796838462,2953.8957025678,0.9951192215958056,0.9132361834826047,1.0846308596165055,-0.488077840419443,-8.67638165173953,8.463085961650552,-0.488077840419443,363
mu,player,328,DeAndre Yedlin,United States,-0.004922085552998337,0.0522868135870071,0.95,-0.10946463218155227,0.09883732384249987,0.46225,0.53775,1.0017095266782199,8276.58269045302,2697.2902596480076,0.9950900080600286,0.8963138644675546,1.103886708903599,-0.49099919399714365,-10.368613553244543,10.388670890359908,-0.49099919399714365,364
mu,player,14032,David Wotherspoon,Canada,-0.004990338235566458,0.05544193592933037,0.95,-0.11520669390885116,0.10181969413907926,0.46575,0.53425,1.0010887021855794,9570.82207818121,2572.4897517633517,0.995022092815307,0.8911819229936558,1.1071838219972432,-0.4977907184693042,-10.881807700634416,10.718382199724319,-0.4977907184693042,365
mu,player,3890,Youssouf Fofana,France,-0.005010871308085422,0.036906196185696565,0.95,-0.07565164848891359,0.06612555639090027,0.4455,0.5545,1.0007743905061577,8901.375284935682,3170.082979133133,0.9950016621642699,0.9271391206259727,1.0683608482775968,-0.49983378357301156,-7.28608793740273,6.836084827759681,-0.49983378357301156,366
mu,player,68,Juan Foyth,Argentina,-0.005107532224919906,0.05576937784826974,0.95,-0.11658435829990545,0.10696816335140966,0.463,0.537,1.002900121231663,8237.844377320165,2811.2837156884966,0.9949054890395194,0.8899550187176135,1.1128988229465753,-0.5094510960480636,-11.004498128238648,11.289882294657527,-0.5094510960480636,367
mu,player,40,Dejan Lovren,Croatia,-0.005117540969062747,0.02533450215339049,0.95,-0.05571967385540823,0.04361941638451387,0.429,0.571,1.0020845056030345,7384.179325913353,3113.1357530348787,0.9948955313348654,0.9458042323859244,1.044584727395755,-0.5104468665134587,-5.419576761407563,4.458472739575492,-0.5104468665134587,368
mu,player,13049,Gonzalo Plata,Ecuador,-0.005137527891604638,0.039760742978043884,0.95,-0.0832054820890666,0.07260840731075907,0.4455,0.5545,1.0022230399101923,7682.606317236704,2687.380037604686,0.994875646633661,0.9201620509723304,1.0753093711689499,-0.5124353366338985,-7.983794902766961,7.530937116894987,-0.5124353366338985,369
mu,player,3888,Aurélien Tchouaméni,France,-0.00519581779796157,0.022574721996759174,0.95,-0.05046257444780811,0.037244365843175864,0.41075,0.58925,1.000852949880964,7376.5980359467085,3382.307218845308,0.9948176571155001,0.9507895118289615,1.0379466285534216,-0.5182342884499924,-4.921048817103846,3.794662855342157,-0.5182342884499924,370
mu,player,13820,Aziz Behich,Australia,-0.005307900635969334,0.033906409649773844,0.95,-0.07132643480784909,0.05888833786869423,0.43875,0.56125,1.0012657951685806,7771.384556217535,3001.53973855028,0.9947061613776864,0.9311578801665593,1.0606567989287972,-0.5293838622313585,-6.884211983344068,6.065679892879716,-0.5293838622313585,371
mu,player,4674,Axel Witsel,Belgium,-0.0054293485543336715,0.029240388477813465,0.95,-0.06197538311912434,0.05213965215148334,0.43,0.57,1.0007946698565766,8698.529227898565,2627.844066164382,0.9945853637204635,0.9399060240609327,1.0535228589744532,-0.5414636279536533,-6.009397593906729,5.352285897445319,-0.5414636279536533,372
mu,player,13992,Ali Al-Bulayhi,Saudi Arabia,-0.0054563728043546,0.039936719025124176,0.95,-0.08237211351834862,0.07414863914987967,0.44025,0.55975,1.0062867418601504,7814.404979324567,2877.9370211636015,0.9945584861601017,0.9209292047220909,1.0769668730402306,-0.5441513839898326,-7.907079527790906,7.696687304023064,-0.5441513839898326,373
mu,player,9939,Jakub Kaminski,Poland,-0.005516857811637717,0.047586052009141684,0.95,-0.10184100088000612,0.08791372932077629,0.45425,0.54575,1.0004707550988037,9073.35386948616,3002.649575894859,0.9944983321020505,0.9031731439881443,1.0918939195347208,-0.550166789794948,-9.68268560118557,9.189391953472082,-0.550166789794948,374
mu,player,11967,Victor Nelsson,Denmark,-0.005618878996729743,0.04007564218178834,0.95,-0.08385372075852304,0.07257170065295458,0.43925,0.56075,1.0058388529520135,7914.588860754502,2739.284338926665,0.994396877378991,0.9195657596391549,1.075269900880244,-0.5603122621009038,-8.043424036084513,7.526990088024399,-0.5603122621009038,375
mu,player,13906,Andrija Zivkovic,Serbia,-0.005667911156049645,0.04515860017900774,0.95,-0.09846813142500413,0.0843515306927551,0.4455,0.5545,1.0042484505448248,8342.57393306174,3094.705030213962,0.9943481211481935,0.9062245722398355,1.0880112959564352,-0.5651878851806513,-9.377542776016446,8.80112959564352,-0.5651878851806513,376
mu,player,8584,Fode Ballo-Toure,Senegal,-0.005703801388332966,0.05301667825195089,0.95,-0.10877580169458496,0.09918373570787749,0.45575,0.54425,0.9996163773844742,8258.804017538823,2867.7219744436,0.9943124344035615,0.8969314854769606,1.104269174599099,-0.568756559643846,-10.306851452303945,10.426917459909891,-0.568756559643846,377
mu,player,3978,Pape Gueye,Senegal,-0.005739141164012437,0.04600732049534921,0.95,-0.0951823183796668,0.08381559880827089,0.44825,0.55175,1.002432176233461,8640.867540518822,2927.2691410301486,0.9942772962460654,0.9092071541811622,1.0874283522352697,-0.5722703753934577,-9.079284581883783,8.742835223526967,-0.5722703753934577,378
mu,player,1,Harry Kane,England,-0.005751885645789894,0.04289903207878719,0.95,-0.09023017342911477,0.0779250948683404,0.44775,0.55225,1.003248494982673,7574.807233697334,3216.1075128380025,0.9942646247779275,0.9137208468044311,1.0810416800678895,-0.5735375222072459,-8.62791531955689,8.104168006788948,-0.5735375222072459,379
mu,player,3861,Xavi Simons,Netherlands,-0.005842171525548771,0.05321913224288679,0.95,-0.10936826113440073,0.09803571723665828,0.46075,0.53925,1.0029705447129282,8603.014696491386,2727.1394088961915,0.9941748607738383,0.8964002473355867,1.1030021805948735,-0.582513922616168,-10.359975266441335,10.300218059487353,-0.582513922616168,380
mu,player,4883,Andrej Kramaric,Croatia,-0.005892747910848478,0.0369633463222626,0.95,-0.07796954662746716,0.06750123796367748,0.4395,0.5605,1.0021103116730887,8465.580011345877,3059.0582927604846,0.9941245802745382,0.9249925952587145,1.0698315840097243,-0.5875419725461795,-7.500740474128554,6.9831584009724335,-0.5875419725461795,381
mu,player,401,Sofiane Boufal,Morocco,-0.005913074381045321,0.03714655588746981,0.95,-0.07904010683362084,0.06894218721661967,0.434,0.566,1.0004060324161024,8419.274226189089,2993.7751671722376,0.9941043734362528,0.9240028648727541,1.0713742682293865,-0.5895626563747203,-7.599713512724593,7.137426822938653,-0.5895626563747203,382
mu,player,13563,Jewison Bennette,Costa Rica,-0.006024393261178072,0.051221426216546156,0.95,-0.10662903580811478,0.09714503770126466,0.45175,0.54825,1.0006990312076136,8716.577696642345,2970.9959859195255,0.9939937170098558,0.89885905567317,1.102020196506607,-0.6006282990144163,-10.114094432682997,10.202019650660699,-0.6006282990144163,383
mu,player,4689,Youssoufa Moukoko,Germany,-0.006033534574179689,0.05702414773180065,0.95,-0.11649930626484326,0.10532286168666204,0.461,0.539,1.0006244050959838,8376.926866256887,3105.125062237934,0.9939846306436977,0.8900307144220605,1.1110692741530417,-0.6015369356302314,-10.99692855779395,11.106927415304169,-0.6015369356302314,384
mu,player,10039,Joe Morrell,Wales,-0.006092780531206987,0.05256784637705933,0.95,-0.11131981347901702,0.10075081693436456,0.4455,0.5545,1.0034007438850145,10452.61933331126,3139.93557196852,0.9939257428174348,0.8946525812168138,1.106001010701111,-0.6074257182565157,-10.53474187831862,10.60010107011109,-0.6074257182565157,385
mu,player,13825,Garang Kuol,Australia,-0.006200659479807234,0.05434456081473283,0.95,-0.11569410616303119,0.09851197553231705,0.45825,0.54175,0.9996898939307707,8484.135686193738,3001.3844212474405,0.9938185249366931,0.8907476558458471,1.1035276196459332,-0.6181475063306907,-10.925234415415286,10.352761964593316,-0.6181475063306907,386
mu,player,4608,Niklas Süle,Germany,-0.006298914682948,0.02825892185503302,0.95,-0.06106614692570801,0.04935307613968592,0.40925,0.59075,1.000878879817399,6919.14616257054,2969.6289689396817,0.9937208818926875,0.940761009269265,1.050591223956676,-0.627911810731252,-5.9238990730735015,5.059122395667592,-0.627911810731252,387
mu,player,9290,Bailey Wright,Australia,-0.006322168112312065,0.05614334767582256,0.95,-0.11611163218554131,0.10243397872800372,0.45775,0.54225,1.0020043480469398,10154.683184513575,3273.6920387866453,0.9936977747430141,0.8903758231503566,1.1078641568944305,-0.6302225256985872,-10.962417684964343,10.786415689443052,-0.6302225256985872,388
mu,player,4737,Jesper Lindström,Denmark,-0.006418242752119211,0.04452647547224317,0.95,-0.09491388939029914,0.08217454362559252,0.44475,0.55525,1.0060666774877098,9255.931530208374,3175.4220060436705,0.993602310173164,0.9094512444976778,1.085645285757444,-0.6397689826835973,-9.054875550232222,8.56452857574439,-0.6397689826835973,389
mu,player,1702,Luka Jovic,Serbia,-0.006521260710879963,0.052927604067188744,0.95,-0.10978084152822197,0.09640428602244663,0.44925,0.55075,1.0039172103640637,7151.65027414403,2746.1795968604674,0.9934999565635705,0.89603048645181,1.101204175467744,-0.6500043436429515,-10.396951354818995,10.120417546774396,-0.6500043436429515,390
mu,player,158,Mattéo Guendouzi,France,-0.006580589615679544,0.047143111743080064,0.95,-0.09811815095313824,0.08537677130804076,0.4415,0.5585,1.0002887327305339,7009.38779736683,2757.5275081095615,0.9934410150477142,0.9065417886497811,1.0891273413367075,-0.6558984952285796,-9.345821135021893,8.912734133670753,-0.6558984952285796,391
mu,player,3934,Karl Toko Ekambi,Cameroon,-0.006928373252139179,0.04741683014042374,0.95,-0.10012415404583372,0.08648870590588555,0.4455,0.5545,1.002168690361136,8745.623563412826,2777.1720391052604,0.9930955725919913,0.9047250857830847,1.090339053256355,-0.6904427408008673,-9.527491421691526,9.033905325635505,-0.6904427408008673,392
mu,player,8134,Denzel Dumfries,Netherlands,-0.006986147279534395,0.038507987045124856,0.95,-0.08032733160554295,0.06852492876362816,0.42575,0.57425,1.0021322820724645,9290.848585898875,3218.0545870094625,0.9930381991185386,0.9228142306795774,1.0709273215122828,-0.6961800881461366,-7.718576932042264,7.092732151228276,-0.6961800881461366,393
mu,player,1389,Angel Correa,Argentina,-0.007073279092935199,0.05716192794561011,0.95,-0.122247870421866,0.1056178241546761,0.45125,0.54875,1.0022991489031947,8997.375107534655,3168.9690467746736,0.9929516776689133,0.8849289935925113,1.111397046226134,-0.7048322331086654,-11.507100640748869,11.1397046226134,-0.7048322331086654,394
mu,player,14022,Aissa Laidouni,Tunisia,-0.007079221067063834,0.04049948415959373,0.95,-0.08746982373117525,0.07257591587770683,0.42875,0.57125,1.0006718756896487,7790.53480650665,2887.0085897715685,0.9929457775932627,0.9162465201350128,1.0752744333940985,-0.7054222406737254,-8.375347986498715,7.527443339409845,-0.7054222406737254,395
mu,player,3989,Nemanja Radonjic,Serbia,-0.007158750606470029,0.05148008140332537,0.95,-0.10692853315143251,0.09282021072780913,0.44425,0.55575,1.0034221102328211,9042.083040980757,2652.4909042383647,0.9928668122129971,0.8985898900831805,1.0972644411576544,-0.7133187787002893,-10.141010991681954,9.726444115765442,-0.7133187787002893,396
mu,player,975,Ronald Matarrita,Costa Rica,-0.007350356197732139,0.05008918247817455,0.95,-0.10429053445785211,0.08952317342085388,0.44225,0.55775,1.0004210206759785,7085.214895127493,2623.4487174304554,0.9926765916046466,0.9009634984506685,1.0936526766924481,-0.7323408395353392,-9.903650154933153,9.365267669244815,-0.7323408395353392,397
mu,player,13830,Pedro,Brazil,-0.007801570020601329,0.0541294929220845,0.95,-0.11298544069336248,0.10135657549941576,0.438,0.562,1.0010157759716805,8885.665065631185,3064.0928105715066,0.9922287832411353,0.8931636638650122,1.1066711832471852,-0.7771216758864719,-10.683633613498777,10.667118324718516,-0.7771216758864719,398
mu,player,1184,Jordan Morris,United States,-0.007834386723545307,0.054131102358389506,0.95,-0.11330778701982878,0.09705177049807237,0.4445,0.5555,1.0013966890817483,8213.10955246223,2903.519803043662,0.9921962220981808,0.8928758022370938,1.1019174189579792,-0.7803777901819187,-10.712419776290616,10.191741895797923,-0.7803777901819187,399
mu,player,1810,Youssef En-Nesyri,Morocco,-0.008192384735325487,0.04732023276691562,0.95,-0.1022590418394126,0.08697702225077979,0.42625,0.57375,1.0015979328074947,9163.216213310236,3124.2977754871436,0.9918410813969993,0.9027956595280017,1.090871613655928,-0.8158918603000664,-9.720434047199833,9.087161365592799,-0.8158918603000664,400
mu,player,13995,Abdulelah Al-Amri,Saudi Arabia,-0.00821124242349493,0.044723435162686585,0.95,-0.09478570053074165,0.07883972762563808,0.4245,0.5755,1.0031191043770447,7201.835312393951,2367.8911904520705,0.991822377743527,0.9095678334880782,1.082030888512747,-0.8177622256473005,-9.043216651192177,8.203088851274698,-0.8177622256473005,401
mu,player,8000,Joao Mario,Portugal,-0.008256039010385421,0.048456371989207006,0.95,-0.1018862371187653,0.0867415330839946,0.43725,0.56275,1.0027297335255974,8838.78820008505,2209.340574069622,0.9917779484813496,0.9031322887562375,1.0906147554534076,-0.8222051518650408,-9.686771124376248,9.061475545340759,-0.8222051518650408,402
mu,player,3263,Hannibal Mejbri,Tunisia,-0.008335165029314882,0.05593527671798083,0.95,-0.11823156543797246,0.0974492013725411,0.449,0.551,1.0004122339073507,8684.301730877445,2525.6610320082973,0.991699476145267,0.8884902851492054,1.1023554419975623,-0.8300523854733011,-11.150971485079463,10.23554419975623,-0.8300523854733011,403
mu,player,3878,Axel Disasi,France,-0.008625778194317679,0.04705136388083171,0.95,-0.10147015021818714,0.08394385240045264,0.42825,0.57175,1.0003152661500987,8767.488574929546,2727.9794522116977,0.9914113170952076,0.9035081484608052,1.087567827771612,-0.8588682904792422,-9.649185153919483,8.75678277716121,-0.8588682904792422,404
mu,player,1536,Martin Braithwaite,Denmark,-0.008892373796947512,0.051980465718199816,0.95,-0.11122397982018419,0.0933311588880002,0.4285,0.5715,1.00096674834843,7887.765805077342,2894.9550113406085,0.991147046425937,0.8947383231554723,1.0978252296598334,-0.8852953574063016,-10.52616768445277,9.782522965983343,-0.8852953574063016,405
mu,player,2075,Facundo Pellistri,Uruguay,-0.008978300721693347,0.04626154060219507,0.95,-0.0986693378880256,0.08216520286082765,0.419,0.581,1.0033875047166574,9088.11803421493,2811.411201265452,0.9910618838671974,0.9060422523415381,1.0856351450475725,-0.8938116132802598,-9.395774765846188,8.563514504757253,-0.8938116132802598,406
mu,player,14002,Hattan Bahebri,Saudi Arabia,-0.009034746615796275,0.05473716043183842,0.95,-0.11589488510655523,0.09968041482916551,0.4325,0.5675,1.0002791703023333,7545.0935766239045,2742.213425978767,0.9910059440718519,0.8905688304253502,1.104817778271121,-0.8994055928148059,-10.943116957464982,10.481777827112104,-0.8994055928148059,407
mu,player,11790,Steven Vitoria,Canada,-0.009120439793014157,0.03420323191484984,0.95,-0.0766690583576124,0.058835983604942105,0.385,0.615,1.0012506358216955,10419.365635158685,2755.8160839341076,0.9909210252623959,0.9261963198237375,1.060601270476584,-0.9078974737604106,-7.380368017626249,6.060127047658392,-0.9078974737604106,408
mu,player,6038,Nuno Mendes,Portugal,-0.009252083993244743,0.049282566229109176,0.95,-0.1012156364540899,0.08915118028808466,0.42575,0.57425,1.003457655078511,8089.961576769131,2758.9560765938672,0.9907905848425843,0.9037381329864347,1.093245921066924,-0.920941515741569,-9.62618670135653,9.324592106692409,-0.920941515741569,409
mu,player,7175,Sorba Thomas,Wales,-0.009288614869383082,0.05548113212474971,0.95,-0.11810943255360355,0.10002667322082255,0.427,0.573,1.0003972350044927,8885.274101437251,2543.6041996325853,0.9907543910555499,0.8885988056572909,1.1052003969367385,-0.9245608944450145,-11.140119434270911,10.520039693673855,-0.9245608944450145,410
mu,player,200,Kasper Schmeichel,Denmark,-0.009511144630291398,0.04828469492641799,0.95,-0.10247483954483926,0.08591384921466864,0.41,0.59,1.0027731272422515,8364.625884526853,2877.353513026551,0.9905339432467981,0.9026008593156818,1.0897124446782183,-0.946605675320189,-9.73991406843182,8.971244467821826,-0.946605675320189,411
mu,player,4694,Matthias Ginter,Germany,-0.00970468069510994,0.05439614341512501,0.95,-0.11108524208992458,0.09705892050060794,0.42475,0.57525,1.0009276982085624,7505.069454750366,3052.85536046941,0.9903422577549792,0.8948624657310336,1.1019252976984852,-0.9657742245020806,-10.513753426896644,10.192529769848523,-0.9657742245020806,412
mu,player,5009,Wout Weghorst,Netherlands,-0.009721493751169688,0.054844222010114727,0.95,-0.11698389343905333,0.09889853554254922,0.42425,0.57575,1.0000260064174051,9098.023838070363,3017.372862539246,0.9903256072150548,0.8895995214369316,1.1039542817538164,-0.9674392784945196,-11.040047856306845,10.395428175381639,-0.9674392784945196,413
mu,player,7571,Alan Franco,Ecuador,-0.009832334648618655,0.05419142342300845,0.95,-0.1155927773352214,0.09881821334480538,0.422,0.578,0.9994863727952926,8471.158093899321,2796.2469066064978,0.9902158447191836,0.8908379188347325,1.1038656132807683,-0.9784155280816442,-10.916208116526748,10.386561328076827,-0.9784155280816442,414
mu,player,14025,Youssef Msakni,Tunisia,-0.009931704136808193,0.0462989417694059,0.95,-0.09916296571482777,0.08230813186377176,0.41525,0.58475,1.002400505382374,9422.720737094463,2935.3903309258144,0.9901174523661764,0.9055951150423099,1.0857903248860008,-0.9882547633823568,-9.440488495769007,8.579032488600081,-0.9882547633823568,415
mu,player,4142,Dylan Bronn,Tunisia,-0.010060172104200614,0.044307965243351566,0.95,-0.09817581932077456,0.07617915682013697,0.4085,0.5915,1.0025468649634453,7937.477256351323,3020.8228093792227,0.9899902621596998,0.9064895113720227,1.0791558949779714,-1.0009737840300237,-9.351048862797729,7.9155894977971375,-1.0009737840300237,416
mu,player,4681,Giovanni Reyna,United States,-0.010137494903574358,0.05004854563491,0.95,-0.10963661219297376,0.08909036215792168,0.4135,0.5865,1.0027415898755583,7150.85128898384,2607.1237632110856,0.989913716300685,0.8961597296533397,1.0931794339160292,-1.0086283699314968,-10.384027034666033,9.317943391602924,-1.0086283699314968,417
mu,player,13929,Nicolas De La Cruz,Uruguay,-0.01016732142056402,0.050887497633650206,0.95,-0.11167475709108157,0.08887696831224647,0.422,0.578,1.0002756948964149,7632.741850875993,2917.374790560591,0.9898841910627272,0.8943350863478149,1.0929461810408618,-1.0115808937272819,-10.56649136521851,9.294618104086183,-1.0115808937272819,418
mu,player,3880,Strahinja Pavlovic,Serbia,-0.010224325518815214,0.035389985762313385,0.95,-0.07740035804456244,0.06060537738334512,0.38475,0.61525,0.9997972210787577,7591.7032020281595,3270.2542718703453,0.9898277652153101,0.9255192403491751,1.0624795529865885,-1.017223478468987,-7.44807596508249,6.247955298658847,-1.017223478468987,419
mu,player,11113,Sebastian Szymanski,Poland,-0.01037530126752991,0.04828162162015468,0.95,-0.1036198981479288,0.08379506965171102,0.4095,0.5905,1.0006587990030134,8877.034467557785,3215.9667807213373,0.9896783365076975,0.9015679199374894,1.0874060284775238,-1.0321663492302457,-9.843208006251059,8.740602847752378,-1.0321663492302457,420
mu,player,18,Rodri,Spain,-0.010377659301636985,0.018763326816909662,0.95,-0.04602037715733211,0.028277278716439373,0.28525,0.71475,1.0010433661196774,6097.4592260872105,3487.91099415044,0.9896760028151764,0.9550225013486713,1.0286808761937702,-1.0323997184823575,-4.497749865132872,2.8680876193770244,-1.0323997184823575,421
mu,player,14040,Andre Ayew,Ghana,-0.010422741688542143,0.04789188570150669,0.95,-0.10513236503846733,0.08271685949702942,0.4175,0.5825,1.0003670049761557,9527.161005712338,3060.3899194907303,0.9896313868644111,0.9002053589829219,1.0862342081031946,-1.03686131355889,-9.979464101707814,8.623420810319459,-1.03686131355889,422
mu,player,687,Kellyn Acosta,United States,-0.011005418090860853,0.05285680792783295,0.95,-0.1124811727398645,0.09139093802661534,0.422,0.578,1.0020879242629226,8276.06066793129,3027.9035180158025,0.9890549199714287,0.8936141712566019,1.0956972712692743,-1.0945080028571308,-10.638582874339807,9.569727126927429,-1.0945080028571308,423
mu,player,13864,Yahia Attiat-Allah,Morocco,-0.011080773132249845,0.04193236368182618,0.95,-0.09096659972747342,0.07181392755981401,0.3945,0.6055,1.0041979813309119,7746.366969127246,2844.808005741416,0.9889803925050437,0.9130482064489084,1.0744553989243018,-1.101960749495634,-8.695179355109161,7.445539892430175,-1.101960749495634,424
mu,player,14006,Ali Al-Hassan,Saudi Arabia,-0.011176527684322526,0.056680802702915534,0.95,-0.12261073918636055,0.10091366396514374,0.422,0.578,1.0021297988157127,9159.969659268507,2942.661565526533,0.9888856976643541,0.8846079387558499,1.1061811343476446,-1.111430233564592,-11.539206124415013,10.618113434764464,-1.111430233564592,425
mu,player,61,Hugo Lloris,France,-0.011212398714976498,0.04493401630235278,0.95,-0.09917846327115083,0.07858723736716235,0.40125,0.59875,1.0007287733237715,9319.31625933545,2919.0818803411157,0.9888502259513872,0.9055810806397584,1.0817577207415796,-1.1149774048612837,-9.44189193602416,8.175772074157962,-1.1149774048612837,426
mu,player,12862,Wajdi Kechrida,Tunisia,-0.011349301381904748,0.050478509945972486,0.95,-0.11019042386485203,0.0851663938447705,0.417,0.583,1.0031492951170498,9136.673540619873,2846.19057580847,0.9887148589845226,0.8956635633392198,1.0888982375894365,-1.1285141015477396,-10.43364366607802,8.889823758943649,-1.1285141015477396,427
mu,player,10715,Julian Alvarez,Argentina,-0.011392774087813785,0.039269691367333034,0.95,-0.08521004536373025,0.06623525725013134,0.3855,0.6145,1.0049901410985629,8092.489462234996,2634.0370417090016,0.9886718778084909,0.9183193754151179,1.0684780548093329,-1.1328122191509138,-8.168062458488212,6.847805480933289,-1.1328122191509138,428
mu,player,1971,Tim Ream,United States,-0.01145472090415997,0.027630368699957605,0.95,-0.06512065104579264,0.041778008260938075,0.3395,0.6605,1.0008958131359948,8517.037254934183,3317.593195268441,0.9886106346301792,0.9369544120279876,1.042662990486959,-1.1389365369820825,-6.304558797201243,4.26629904869591,-1.1389365369820825,429
mu,player,4882,Robert Skov,Denmark,-0.011567637312440796,0.05263614173092178,0.95,-0.11513371993410419,0.09116637143686485,0.41525,0.58475,1.0024114552300902,8508.139956772215,2784.657179823775,0.9884990105703411,0.8912469584537185,1.095451241895689,-1.1500989429658937,-10.875304154628152,9.545124189568899,-1.1500989429658937,430
mu,player,9598,Ali Abdi,Tunisia,-0.011573998839600965,0.04235473242804135,0.95,-0.09345871606857233,0.07274948836451134,0.38875,0.61125,1.0014929474203813,9398.441011133093,3402.4519938580725,0.9884927222270392,0.910775617048184,1.075461087650053,-1.150727777296079,-8.9224382951816,7.546108765005299,-1.150727777296079,431
mu,player,3858,Idrissa Gueye,Senegal,-0.011786143964354125,0.03910073388513508,0.95,-0.08735230566193647,0.06660529066554888,0.37875,0.62125,1.0024034375015511,8350.701403281722,2528.7989984931023,0.9882830405574232,0.9163542019841634,1.06887350055281,-1.171695944257678,-8.36457980158366,6.887350055281005,-1.171695944257678,432
mu,player,311,Callum Wilson,England,-0.01180349622240357,0.056573532978423595,0.95,-0.12283216900590382,0.10000562577920905,0.41025,0.58975,1.0008270990877983,10503.320841062396,2750.459473577115,0.9882658917638631,0.8844120818646829,1.10517713554071,-1.1734108236136853,-11.55879181353171,10.517713554071006,-1.1734108236136853,433
mu,player,13958,Mohammed Waad,Qatar,-0.011833001539675578,0.05269948608506299,0.95,-0.1147848965239253,0.09365643209103972,0.4075,0.5925,1.001359729215748,8528.338998944882,3104.895229338227,0.9882367330953475,0.891557900485855,1.0981823808713729,-1.1763266904652458,-10.844209951414497,9.818238087137289,-1.1763266904652458,434
mu,player,13919,Seung-ho Paik,South Korea,-0.011853526259875504,0.049135728123634405,0.95,-0.10837707268039046,0.08330916650820967,0.405,0.595,1.0026004086681548,9523.533228360175,2812.307405672561,0.9882164500210624,0.8972891893926904,1.0868777828185305,-1.1783549978937602,-10.271081060730957,8.687778281853053,-1.1783549978937602,435
mu,player,385,Jan Bednarek,Poland,-0.011952254692517069,0.05392639463527141,0.95,-0.11761227492078254,0.09811058808270408,0.40925,0.59075,1.001491586513968,9643.7410581172,2913.8353024244357,0.9881188897759055,0.889040689169818,1.1030847663929206,-1.1881110224094549,-11.095931083018195,10.308476639292063,-1.1881110224094549,436
mu,player,9865,Zakaria Aboukhlal,Morocco,-0.01222422847608702,0.05508665917535839,0.95,-0.11942175734982458,0.09500008948778514,0.41125,0.58875,1.001782102390704,8604.601050677176,2768.491641679906,0.9878501838849715,0.8874334402469457,1.0996589535321426,-1.2149816115028522,-11.25665597530543,9.965895353214261,-1.2149816115028522,437
mu,player,12183,Haji Wright,United States,-0.012225312943686293,0.053022667954682155,0.95,-0.1185555668173361,0.09404782697540857,0.40475,0.59525,1.001813760388902,8219.764382256906,3016.7984337673383,0.987849112594035,0.8882024597017047,1.0986122879635802,-1.2150887405965038,-11.179754029829525,9.861228796358024,-1.2150887405965038,438
mu,player,649,Francisco Calvo,Costa Rica,-0.012482635913094104,0.04315301777481898,0.95,-0.09746655952372141,0.07112158602760284,0.38525,0.61475,1.000707725097434,8682.945898303635,2832.5240192429733,0.9875949490295194,0.907132675997333,1.073711766280704,-1.2405050970480613,-9.286732400266695,7.371176628070408,-1.2405050970480613,439
mu,player,13811,Nathaniel Atkinson,Australia,-0.012515883349288383,0.04834840666245748,0.95,-0.10569895413118487,0.08162321582892478,0.3965,0.6035,1.0004362912386253,10249.512291423925,3180.98290618833,0.9875621145752995,0.8996954569114332,1.0850469043014064,-1.2437885424700479,-10.030454308856685,8.504690430140638,-1.2437885424700479,440
mu,player,13800,Ayase Ueda,Japan,-0.01253052067382931,0.055404271149549295,0.95,-0.12205361943193187,0.09434208624500567,0.42275,0.57725,1.0019684755890468,9924.726219581444,2812.242794544935,0.9875476594139169,0.8851009086223298,1.0989356123812772,-1.2452340586083133,-11.489909137767018,9.893561238127724,-1.2452340586083133,441
mu,player,13032,Pathe Ciss,Senegal,-0.012627315539717555,0.04715345040883407,0.95,-0.10622495654873378,0.07970745791589208,0.39875,0.60125,1.000757909221518,7984.177252420425,2925.8285942413936,0.9874520744968048,0.8992223393674343,1.0829702069682994,-1.2547925503195168,-10.077766063256565,8.297020696829938,-1.2547925503195168,442
mu,player,12945,Bremer,Brazil,-0.012660614135205844,0.041384010138619184,0.95,-0.09296761558007775,0.06809512356993455,0.37775,0.62225,1.0000164807244336,9785.555569353503,3207.243131900534,0.9874191942770477,0.9112230092468971,1.0704671302908013,-1.2580805722952282,-8.877699075310286,7.046713029080132,-1.2580805722952282,443
mu,player,13968,Alireza Beiranvand,Iran,-0.01268038210019321,0.05491837934910532,0.95,-0.12092106313231336,0.09529536664327347,0.40425,0.59575,1.0003083691445165,8650.186534678634,3152.7710818777796,0.9873996752019143,0.8861039030988341,1.0999837056435293,-1.2600324798085705,-11.389609690116586,9.998370564352932,-1.2600324798085705,444
mu,player,14033,Liam Millar,Canada,-0.01287630652674536,0.05543172213022765,0.95,-0.12063708914201245,0.09612012363922022,0.40425,0.59575,1.0030919242364278,8308.082334068036,3007.343595412714,0.9872062384368849,0.8863555692916536,1.1008912991207738,-1.279376156311507,-11.36444307083464,10.089129912077377,-1.279376156311507,445
mu,player,8039,Antony,Brazil,-0.012981063979203917,0.04261160636162076,0.95,-0.09503739278005299,0.06781083304851115,0.383,0.617,1.0000165270847496,8091.811751593357,2990.6591312746455,0.9871028266429678,0.9093389311218505,1.0701628498862312,-1.2897173357032221,-9.06610688781495,7.016284988623123,-1.2897173357032221,446
mu,player,1836,Maxi Gomez,Uruguay,-0.012990734119582296,0.05436209031345436,0.95,-0.11832799714394286,0.09301395920784526,0.4065,0.5935,1.002008337791859,7889.763777816989,2793.6897074903554,0.9870932812662189,0.8884046106462059,1.0974770550714728,-1.290671873378113,-11.159538935379409,9.747705507147275,-1.290671873378113,447
mu,player,8009,Darwin Nunez,Uruguay,-0.01317874171324344,0.04667520495757754,0.95,-0.10331211514122683,0.07519962522649429,0.40025,0.59975,1.0009006450902582,8374.926905022923,3004.0050563417717,0.9869077176779173,0.9018454499299506,1.0780993452307819,-1.3092282322082704,-9.815455007004935,7.809934523078188,-1.3092282322082704,448
mu,player,13874,Samuel Oum Gouet,Cameroon,-0.01359802324336421,0.04479981707608012,0.95,-0.10232265037393015,0.0715852626377352,0.38525,0.61475,1.001093616475238,9333.711290440375,2578.563401838636,0.9864940122355474,0.9027382358454678,1.0742097367524606,-1.3505987764452554,-9.726176415453224,7.4209736752460564,-1.3505987764452554,449
mu,player,3343,Guillermo Ochoa,Mexico,-0.013666503629467133,0.045859060351933954,0.95,-0.10338215017775366,0.07407245333133286,0.38625,0.61375,1.000904733362655,7077.611532641392,3148.000326716701,0.9864264590577616,0.9017822913626053,1.076884826562889,-1.3573540942238393,-9.821770863739465,7.6884826562888975,-1.3573540942238393,450
mu,player,8593,Rafael Leao,Portugal,-0.013718616333665612,0.0469207676437279,0.95,-0.10497043066006205,0.07903548882485974,0.3845,0.6155,1.0007201107569317,8079.206821457877,2821.602537817792,0.9863750550468998,0.9003511449817299,1.082242728911466,-1.3624944953100182,-9.964885501827014,8.224272891146601,-1.3624944953100182,451
mu,player,13870,Abderrazak Hamdallah,Morocco,-0.013731925058940194,0.0540905684448281,0.95,-0.11900547093124454,0.09568572489502777,0.40675,0.59325,1.0036848519245265,9530.928615889266,2640.1011963340957,0.9863619277396286,0.8878029436398003,1.1004131771782477,-1.3638072260371392,-11.219705636019972,10.041317717824771,-1.3638072260371392,452
mu,player,13976,Sadegh Moharrami,Iran,-0.013814991836109227,0.0534572559831174,0.95,-0.11846621119852867,0.09226305076910522,0.40125,0.59875,1.0001705771489575,8229.55780149454,2925.8003770288065,0.9862799972360675,0.8882818291281169,1.096653259625681,-1.3720002763932482,-11.171817087188307,9.665325962568105,-1.3720002763932482,453
mu,player,13880,Fabian Frei,Switzerland,-0.013841079204829444,0.05591586020019053,0.95,-0.1209191459567606,0.09428214600993191,0.4,0.6,1.0038698061510674,8981.654074146154,2885.217810323076,0.9862542681217221,0.8861056019172029,1.098869743896446,-1.3745731878277878,-11.389439808279711,9.88697438964461,-1.3745731878277878,454
mu,player,66,Toby Alderweireld,Belgium,-0.013882598658858445,0.027496600767815446,0.95,-0.06684389672703894,0.03968683431071913,0.3015,0.6985,1.0002587399333462,7325.472959243147,3155.5733471049066,0.9862133202330489,0.9353411997636824,1.040484879001137,-1.3786679766951138,-6.465880023631765,4.048487900113695,-1.3786679766951138,455
mu,player,7192,Antoine Semenyo,Ghana,-0.013947745472762726,0.0563815447221188,0.95,-0.12383460564847168,0.09560345688261648,0.3965,0.6035,1.0008200221503414,8538.729408746216,3115.6033178162825,0.9861490736701579,0.8835259590019096,1.1003226520970404,-1.3850926329842084,-11.647404099809044,10.03226520970404,-1.3850926329842084,456
mu,player,2094,Junya Ito,Japan,-0.014084461568255904,0.041555540068748995,0.95,-0.09467884322254576,0.06864507194770061,0.35525,0.64475,1.0012471913086227,10321.804978253173,3015.1652655361163,0.9860142604350111,0.9096650326515143,1.0710559938599975,-1.3985739564988942,-9.033496734848567,7.10559938599975,-1.3985739564988942,457
mu,player,3367,Henry Martín,Mexico,-0.014113783669710497,0.051012388750056474,0.95,-0.1139750617388153,0.08587050801337243,0.39,0.61,1.0037875698630996,8394.52301942422,3033.2855555811084,0.9859853488487071,0.8922802075218137,1.0896652162552742,-1.4014651151292856,-10.771979247818631,8.966521625527424,-1.4014651151292856,458
mu,player,13930,Giorgian De Arrascaeta,Uruguay,-0.014243800709486346,0.04746744507123183,0.95,-0.10650046192380941,0.07890746036683109,0.3885,0.6115,1.0014149591039405,7465.141580976119,3063.8447129528076,0.9858571622857868,0.8989746329033486,1.0821041799129671,-1.4142837714213208,-10.102536709665145,8.210417991296715,-1.4142837714213208,459
mu,player,1034,Jhegson Méndez,Ecuador,-0.014283063980729043,0.031997256496648474,0.95,-0.07721738282044421,0.050159501550093404,0.324,0.676,0.9994914768579566,8793.841174430156,3078.8961897544823,0.9858184550685084,0.9256886029337097,1.0514387891187351,-1.4181544931491596,-7.431139706629031,5.143878911873512,-1.4181544931491596,460
mu,player,4408,Salis Abdul Samed,Ghana,-0.014360198193831821,0.03422290973435101,0.95,-0.08029505526735013,0.05525444885591337,0.32525,0.67475,1.000573289025537,8770.1307172583,3297.0873188535875,0.9857424176702946,0.9228440162244576,1.0568094844314748,-1.425758232970542,-7.715598377554245,5.680948443147482,-1.425758232970542,461
mu,player,8555,Otavio,Portugal,-0.014407882153331652,0.03899607595387392,0.95,-0.09131662855655698,0.06168133214367824,0.36,0.64,1.0002620835025076,8953.689425629673,3147.336662263577,0.9856954146894262,0.9127286691811985,1.063623348144958,-1.430458531057377,-8.727133081880146,6.362334814495796,-1.430458531057377,462
mu,player,9918,Mario Götze,Germany,-0.014542265553488875,0.05112234859304575,0.95,-0.11355993197693016,0.08621318653229411,0.382,0.618,1.00067022764279,8013.460369522043,2806.7667929599866,0.9855629624879688,0.8926506964870744,1.0900386851039223,-1.4437037512031181,-10.73493035129256,9.003868510392232,-1.4437037512031181,463
mu,player,13927,Guillermo Varela,Uruguay,-0.014601337739399662,0.04555870910709818,0.95,-0.10304207737183782,0.0736926601132041,0.3705,0.6295,1.002131067710811,8373.703420647435,3092.8363483957773,0.9855047448489604,0.9020890151480074,1.0764759106657122,-1.4495255151039554,-9.791098485199257,7.647591066571224,-1.4495255151039554,464
mu,player,8034,Steven Berghuis,Netherlands,-0.014655535157955946,0.039249446208363785,0.95,-0.09013177300325208,0.06189183789002357,0.36375,0.63625,1.0006423981987251,7569.407713202216,3323.4036578899522,0.9854513344831797,0.9138107617486382,1.063847270539338,-1.4548665516820325,-8.618923825136182,6.384727053933803,-1.4548665516820325,465
mu,player,25,Raheem Sterling,England,-0.014698423913199357,0.042587808405640595,0.95,-0.09837741076032537,0.07040153841030841,0.364,0.636,1.0022868648870553,9893.975782366382,2984.923029167223,0.9854090706084198,0.9063067892647126,1.0729389209578406,-1.4590929391580243,-9.369321073528736,7.29389209578406,-1.4590929391580243,466
mu,player,13858,Josip Juranovic,Croatia,-0.014778147764897526,0.03186236882413802,0.95,-0.07690340014416154,0.046754754099510784,0.31475,0.68525,0.9998804866305258,9174.491208460553,2757.341558117959,0.9853305131333063,0.9259792987530007,1.047864992971078,-1.466948686669367,-7.402070124699933,4.7864992971077935,-1.466948686669367,467
mu,player,6935,Joe Allen,Wales,-0.014989295772605032,0.04763582925133703,0.95,-0.10984450556217926,0.08067167575021042,0.37575,0.62425,1.0009877624336123,7768.540506207445,2862.90265712139,0.9851224845217111,0.89597344335231,1.084014929745119,-1.487751547828886,-10.402655664769,8.401492974511893,-1.487751547828886,468
mu,player,14003,Mohamed Kanno,Saudi Arabia,-0.015275205825352339,0.03852295502667748,0.95,-0.09151868569022877,0.06025371005147415,0.34425,0.65575,1.0013896478298028,8271.250417158171,3117.954927503394,0.9848408683605632,0.9125442644732545,1.0621059793276981,-1.515913163943683,-8.745573552674546,6.210597932769812,-1.515913163943683,469
mu,player,3846,Marquinhos,Brazil,-0.015316344073077118,0.02492278296643937,0.95,-0.06514167923696693,0.03364915064533538,0.2715,0.7285,1.0000828104448778,7821.959826941604,3336.311354512018,0.98480035456629,0.9369347097786419,1.0342216870552907,-1.5199645433709996,-6.306529022135809,3.4221687055290717,-1.5199645433709996,470
mu,player,37,Virgil van Dijk,Netherlands,-0.015454872499626519,0.02971783641649487,0.95,-0.07522203538037202,0.041614018444920596,0.30975,0.69025,1.0037624529674236,7601.744431413545,2972.5873625853974,0.9846639411714913,0.9275375173177283,1.042492018394205,-1.5336058828508747,-7.246248268227173,4.249201839420502,-1.5336058828508747,471
mu,player,13907,Seun-gyu Kim,South Korea,-0.015480819395848775,0.046068608145694565,0.95,-0.10486050070601718,0.07676888354806063,0.364,0.636,1.000588799558937,7818.975221143537,3078.2018153658555,0.9846383925298513,0.9004501259821106,1.0797924897428606,-1.5361607470148697,-9.954987401788939,7.979248974286057,-1.5361607470148697,472
mu,player,3868,Ángel Di María,Argentina,-0.015573018623022995,0.03791808435004601,0.95,-0.08953693616380011,0.05892345004334041,0.33925,0.66075,1.0022671679745272,10344.508580141406,3409.9797776108676,0.9845476138159419,0.9143544917533003,1.0606940415493917,-1.5452386184058087,-8.56455082466997,6.069404154939173,-1.5452386184058087,473
mu,player,9980,Daniel-Kofi Kyereh,Ghana,-0.015756064787742614,0.05175528890540372,0.95,-0.11970041489813402,0.08855741787806296,0.3855,0.6145,1.0021494616502162,8742.515401460829,3151.222883490021,0.9843674126443189,0.8871861846716148,1.0925969854099502,-1.5632587355681071,-11.28138153283852,9.259698540995021,-1.5632587355681071,474
mu,player,3352,Jorge Sánchez,Mexico,-0.01583252930920809,0.04665532543108732,0.95,-0.10578996400213812,0.07525346630945617,0.366,0.634,1.000520490579433,10419.147653471702,2667.1461995869186,0.9842921463388025,0.8996135794698866,1.0781573928297283,-1.5707853661197535,-10.038642053011337,7.815739282972833,-1.5707853661197535,475
mu,player,3387,Orbelín Pineda,Mexico,-0.01587776693468401,0.048899815876536,0.95,-0.10958904856944836,0.07723337627961192,0.37925,0.62075,1.0001123169381076,8754.184577603231,3180.251414107262,0.9842476203064612,0.8962023552710459,1.0802941620084705,-1.575237969353882,-10.379764472895413,8.02941620084705,-1.575237969353882,476
mu,player,4566,Rubén Vargas,Switzerland,-0.01600054832634467,0.04037156560878036,0.95,-0.09487728444054819,0.06327864908387539,0.35175,0.64825,1.0012915618491502,7997.195827509256,3081.445431930397,0.984126780432497,0.9094845355240879,1.0653236493353713,-1.5873219567502983,-9.051546447591207,6.532364933537127,-1.5873219567502983,477
mu,player,1957,Marko Grujic,Serbia,-0.016335073514055908,0.05409024512441153,0.95,-0.12096929966021437,0.08836788645476255,0.384,0.616,0.9997889312644551,9098.485721766194,3040.6142548483795,0.983797620295789,0.8860611615540492,1.0923899235711942,-1.6202379704211012,-11.393883844595077,9.238992357119425,-1.6202379704211012,478
mu,player,483,Jordan Ayew,Ghana,-0.01657889356785034,0.0465247399243313,0.95,-0.10798081980538192,0.07445611272249254,0.35775,0.64225,1.001011659730347,7869.961453464192,2914.7753662413334,0.9835577799472172,0.8976448132675395,1.077298062805711,-1.644222005278284,-10.235518673246046,7.729806280571094,-1.644222005278284,479
mu,player,14009,Abdulrahman Al-Oboud,Saudi Arabia,-0.016786462890543585,0.054797164772913506,0.95,-0.12404570303764124,0.08939720448958996,0.37875,0.62125,1.0002276640203545,7577.278037334292,2869.281493093694,0.9833536447118431,0.8833394686632051,1.0935149191103612,-1.6646355288156944,-11.666053133679489,9.351491911036124,-1.6646355288156944,480
mu,player,11960,Enner Valencia,Ecuador,-0.016902466298835597,0.04431031411441917,0.95,-0.10381206835137083,0.06991639796296556,0.3505,0.6495,1.000709118196794,9384.652016345635,2886.3940789648536,0.9832395789536363,0.9013946820930072,1.072418521133464,-1.676042104636366,-9.860531790699278,7.241852113346403,-1.676042104636366,481
mu,player,13990,Yasser Al-Shahrani,Saudi Arabia,-0.016906386462930807,0.05230503700964081,0.95,-0.11841739434072325,0.08336653336089773,0.37,0.63,1.0004685700091018,9888.35420502,3191.5585887523916,0.9832357245006971,0.8883251933143037,1.086940135364655,-1.6764275499302927,-11.16748066856963,8.694013536465505,-1.6764275499302927,482
mu,player,5029,Silvan Widmer,Switzerland,-0.016925153430059525,0.03971441914826785,0.95,-0.09297346838675952,0.06057423732701915,0.33275,0.66725,1.0021280126203753,7986.217448763451,3139.6564275358405,0.9832172723213218,0.9112176760503872,1.0624464678286027,-1.6782727678678167,-8.878232394961284,6.244646782860275,-1.6782727678678167,483
mu,player,13941,Saad Al-Sheeb,Qatar,-0.0171500488009131,0.055667652108758764,0.95,-0.12991973666652581,0.09183249510717083,0.3755,0.6245,1.004674770613429,8138.695605246922,2862.1554947312925,0.9829961761709157,0.8781659126154655,1.0961811909887753,-1.7003823829084275,-12.18340873845345,9.618119098877532,-1.7003823829084275,484
mu,player,13791,Roan Wilson,Costa Rica,-0.017297512120355484,0.055368870265249406,0.95,-0.1281723246937486,0.09091801834972672,0.3785,0.6215,1.0009227522811037,9358.107039202121,3194.506657894736,0.9828512309790906,0.8797017717437637,1.095179216978467,-1.714876902090945,-12.029822825623626,9.51792169784671,-1.714876902090945,485
mu,player,9089,Andreas Skov Olsen,Denmark,-0.01734845397448937,0.04724012305784222,0.95,-0.1073841110407445,0.07319366643308017,0.36825,0.63175,0.9996517383824103,7250.997795727912,2777.6579514131163,0.9828011639903101,0.8981806056352507,1.07593888998559,-1.7198836009689855,-10.181939436474929,7.593888998558995,-1.7198836009689855,486
mu,player,13783,Bryan Ruiz,Costa Rica,-0.017439000445335126,0.05394392200893293,0.95,-0.12474180673444116,0.08718738408325186,0.375,0.625,0.999977139170397,9917.73421597831,2919.7775454529315,0.9827121788420742,0.8827247867595329,1.0911011155459411,-1.728782115792582,-11.727521324046709,9.110111554594113,-1.728782115792582,487
mu,player,3996,Bamba Dieng,Senegal,-0.017524182976192185,0.053101737066377594,0.95,-0.12329920452830127,0.08786269682792805,0.371,0.629,1.0024297961942639,6318.53800208005,2392.372314672407,0.9826284724967861,0.8839991264459457,1.091838198887875,-1.7371527503213913,-11.600087355405432,9.183819888787493,-1.7371527503213913,488
mu,player,118,Harry Maguire,England,-0.01762474482867589,0.02557699144094791,0.95,-0.06698085392785298,0.032468813721250996,0.243,0.757,1.00157913867669,6721.206339064076,2746.005189204205,0.9825296625256287,0.9352131068229822,1.0330016771633748,-1.7470337474371322,-6.478689317701781,3.3001677163374765,-1.7470337474371322,489
mu,player,3968,Steve Mandanda,France,-0.017737250890115634,0.05562600051499611,0.95,-0.12907434491876135,0.08919562030803763,0.37025,0.62975,1.0006736298946306,9605.604083702436,2659.9048632828994,0.9824191282010576,0.878908620726579,1.09329450601702,-1.758087179894241,-12.109137927342095,9.329450601702005,-1.758087179894241,490
mu,player,13854,Dominik Livakovic,Croatia,-0.017811700335430315,0.04078208507222629,0.95,-0.0974376221800548,0.06341612982903767,0.3365,0.6635,1.0010412984996218,7787.606001761896,2863.5946934533918,0.982345990364466,0.907158926387136,1.0654701208927997,-1.7654009635533985,-9.284107361286399,6.547012089279969,-1.7654009635533985,491
mu,player,1973,Antonee Robinson,United States,-0.018131798101785602,0.03313679140110063,0.95,-0.08227639506177474,0.044468583738994885,0.28975,0.71025,0.9999886873650927,7637.726761783687,3119.0683343136193,0.9820315939286451,0.9210173588631025,1.0454721313691666,-1.7968406071354859,-7.898264113689746,4.547213136916661,-1.7968406071354859,492
mu,player,5070,Saman Ghoddos,Iran,-0.018272893936081995,0.052970400783684334,0.95,-0.12361682715054549,0.08753164915927665,0.3665,0.6335,1.0026078945009478,9801.098533368284,2633.300804829795,0.981893043136294,0.8837183929113631,1.0914768082196582,-1.8106956863706003,-11.628160708863689,9.147680821965821,-1.8106956863706003,493
mu,player,1393,Joao Felix,Portugal,-0.018458694390121776,0.04063000610893108,0.95,-0.09993963378412785,0.061002565920850606,0.32575,0.67425,1.0010854630611512,7757.044495118084,2687.766943351838,0.9817106239103731,0.9048920412955491,1.0629016415051804,-1.8289376089626885,-9.510795870445088,6.290164150518041,-1.8289376089626885,494
mu,player,1910,Mohammed Salisu,Ghana,-0.018664029829241903,0.03618636769715199,0.95,-0.08978535174418577,0.05307029093349937,0.30175,0.69825,1.001960395773768,7546.397615996943,3261.325415230037,0.9815090646226642,0.9141273800617624,1.0545037645683528,-1.8490935377335815,-8.587261993823759,5.450376456835282,-1.8490935377335815,495
mu,player,2144,Iliman Ndiaye,Senegal,-0.018693506141432194,0.04811435442454776,0.95,-0.11257109236117042,0.07583622740145289,0.35425,0.64575,1.000437432267249,7471.769487118274,3210.1746601342634,0.9814801337814472,0.8935338214212964,1.078785884121667,-1.8519866218552838,-10.646617857870355,7.878588412166709,-1.8519866218552838,496
mu,player,13867,Bilal El Khannouss,Morocco,-0.019009290741795866,0.05026874251158473,0.95,-0.11731065753519189,0.0792167105139408,0.341,0.659,1.0020083645037214,7207.347101204585,2535.961607839163,0.9811702464010426,0.8893088797416054,1.082438872538998,-1.8829753598957444,-11.069112025839456,8.243887253899796,-1.8829753598957444,497
mu,player,9090,Charles De Ketelaere,Belgium,-0.019342677512876175,0.05659638194640407,0.95,-0.13378058333214735,0.09132739723672703,0.36775,0.63225,1.001039323690842,7014.7539078930695,2827.0574820321726,0.9808431917415925,0.8747819852955757,1.0956276520110342,-1.9156808258407487,-12.521801470442428,9.562765201103417,-1.9156808258407487,498
mu,player,1452,Nestor Araujo,Mexico,-0.01946879296319028,0.046374765013075615,0.95,-0.10964748880984133,0.07387495008252956,0.3355,0.6645,1.0037644672868824,9007.750658339175,2907.4621224221646,0.9807195000606584,0.8961499825203161,1.0766721593129835,-1.9280499939341555,-10.385001747968392,7.6672159312983545,-1.9280499939341555,499
mu,player,13779,Juan Pablo Vargas,Costa Rica,-0.019518819407206855,0.05364606880393302,0.95,-0.12529917790080333,0.08366832704513757,0.367,0.633,1.0031766920567957,7581.06763955736,2538.6794881873943,0.9806704393786686,0.8822329185048852,1.0872682165365775,-1.9329560621331399,-11.776708149511483,8.726821653657746,-1.9329560621331399,500
mu,player,4779,Nico Schlotterbeck,Germany,-0.02007430706288593,0.03605243967135448,0.95,-0.09065635444208474,0.049052093249447246,0.2945,0.7055,1.0006996214871104,6357.547619025294,3292.707654478822,0.980125840328333,0.9133315192962569,1.0502750615557535,-1.9874159671666947,-8.66684807037431,5.027506155575345,-1.9874159671666947,501
mu,player,13109,Awer Mabil,Australia,-0.020396159260974753,0.052748764239884026,0.95,-0.12267463075443867,0.08031475079506875,0.35025,0.64975,1.0018110924762313,7087.993813145733,2204.924167331863,0.979810435431822,0.8845514215730133,1.0836280868060029,-2.0189564568178,-11.544857842698676,8.362808680600287,-2.0189564568178,502
mu,player,286,Chris Mepham,Wales,-0.0203989313499641,0.035157039112747326,0.95,-0.08970549607321826,0.051087840239911246,0.28425,0.71575,1.0018243049689826,8845.987484545072,2788.0341500424943,0.979807719313867,0.9142003812317869,1.052415333638546,-2.019228068613299,-8.579961876821308,5.2415333638546,-2.019228068613299,503
mu,player,1860,Takefusa Kubo,Japan,-0.020435719000843663,0.05330156756366151,0.95,-0.12440460930045934,0.08809217206806547,0.33875,0.66125,1.0005703004043183,7739.040209151441,2841.489118369643,0.9797716751525538,0.8830224894820167,1.0920887774704466,-2.022832484744619,-11.697751051798333,9.208877747044664,-2.022832484744619,504
mu,player,13151,Srdjan Babic,Serbia,-0.020532109726946638,0.052030024381520615,0.95,-0.12217074766709082,0.08192035476991329,0.3475,0.6525,0.9997961242646629,9806.19117605389,3169.0510276760656,0.9796772388008381,0.8849972443860884,1.0853693618944547,-2.0322761199161876,-11.50027556139116,8.536936189445466,-2.0322761199161876,505
mu,player,13860,Marko Livaja,Croatia,-0.020882810500977064,0.05108015030993521,0.95,-0.11839934612939274,0.07642751328234275,0.354,0.646,1.0026417533468481,9200.260610467109,3201.714281593874,0.9793337254736063,0.8883412261398044,1.079423943602643,-2.066627452639369,-11.165877386019563,7.942394360264293,-2.066627452639369,506
mu,player,13857,Borna Barisic,Croatia,-0.020997139864210784,0.048261546919822325,0.95,-0.11453844946784912,0.07341616016888887,0.336,0.664,1.0010593277839006,8310.368190567868,2805.4755435044885,0.9792217652726708,0.8917776493828734,1.0761783062820502,-2.0778234727329203,-10.822235061712659,7.6178306282050245,-2.0778234727329203,507
mu,player,8344,Alex Balde,Spain,-0.021013371234969314,0.03635733161964162,0.95,-0.09258022999480359,0.04953771662163581,0.2765,0.7235,1.0038931281312107,6985.771664264651,2474.134541087146,0.9792058712901348,0.9115760722870004,1.0507852235361366,-2.079412870986519,-8.842392771299956,5.078522353613657,-2.079412870986519,508
mu,player,444,Tariq Lamptey,Ghana,-0.021241043795288544,0.05180185588117532,0.95,-0.1210345299345989,0.08162078204968623,0.338,0.662,1.0002715841247647,7900.981846531769,3013.8965230156846,0.9789829583588803,0.8860033654264088,1.0850442635399915,-2.1017041641119727,-11.399663457359122,8.50442635399915,-2.1017041641119727,509
mu,player,4152,Pape Sarr,Senegal,-0.02129258101403925,0.04724995553849797,0.95,-0.11212032207459424,0.07098289535245837,0.3275,0.6725,1.0007872843224945,8762.958184576877,3119.78674371301,0.9789325056001108,0.8939366907119751,1.073562862796929,-2.1067494399889197,-10.606330928802487,7.356286279692892,-2.1067494399889197,510
mu,player,13997,Abdullah Madu,Saudi Arabia,-0.021339252008081636,0.05569537273906129,0.95,-0.12759466513053117,0.0869517994526602,0.3495,0.6505,1.0002365182784376,7865.590441207967,3072.843773815502,0.9788868189131038,0.8802100866873499,1.09084409916844,-2.1113181086896193,-11.97899133126501,9.084409916844006,-2.1113181086896193,511
mu,player,137,Daniel James,Wales,-0.021358039086763037,0.05058972704968869,0.95,-0.12114022438296226,0.0778421832413539,0.33075,0.66925,1.0025981690682322,7961.364625434809,2828.3529425225443,0.9788684286621668,0.8859097247381895,1.080952052858975,-2.1131571337833166,-11.409027526181049,8.09520528589751,-2.1131571337833166,512
mu,player,13998,Salem Al-Dawsari,Saudi Arabia,-0.021362030080230597,0.03793404736125194,0.95,-0.09289325383135126,0.054727251687117895,0.2855,0.7145,1.0008801883099228,8592.071791394874,3154.6419783539754,0.9788645220124581,0.9112907719027881,1.056252484300673,-2.1135477987541895,-8.870922809721193,5.625248430067309,-2.1135477987541895,513
mu,player,13972,Abolfazl Jalali,Iran,-0.02139928787840673,0.053407727319318435,0.95,-0.12632064077846616,0.0833506164504489,0.34975,0.65025,1.002434443891279,8105.721879324701,3006.4502007717633,0.978828052355049,0.8813322104274282,1.0869228347735436,-2.1171947644951006,-11.866778957257186,8.692283477354357,-2.1171947644951006,514
mu,player,8129,Marcelo Brozovic,Croatia,-0.021498647503982758,0.024300331870183968,0.95,-0.06968836451300466,0.02673554713738305,0.191,0.809,1.000697141212414,6611.179017686113,2810.456898591549,0.978730801197763,0.9326844321882842,1.0270961483285677,-2.126919880223699,-6.731556781171577,2.709614832856766,-2.126919880223699,515
mu,player,8031,Mohammed Kudus,Ghana,-0.02163706355385966,0.040241372118289834,0.95,-0.10233831864681377,0.05466707491488242,0.3045,0.6955,0.9998984765248492,6994.757204310413,2780.496662334511,0.9785953385216889,0.9027240916072543,1.0561889243479379,-2.1404661478311104,-9.72759083927457,5.618892434793787,-2.1404661478311104,516
mu,player,1550,Nemanja Maksimovic,Serbia,-0.022145446796151023,0.04270848958464448,0.95,-0.104400957243046,0.0595843036018925,0.2995,0.7005,1.000183033633048,8349.421954962445,2944.6447985241716,0.978097963489878,0.9008640170444195,1.061395236649404,-2.1902036510122014,-9.913598295558046,6.139523664940394,-2.1902036510122014,517
mu,player,1168,Nouhou Tolo,Cameroon,-0.022274683788618032,0.039678197799833614,0.95,-0.1000365882617188,0.05705528236344875,0.28525,0.71475,1.0008302610049336,8158.5972742164295,2938.109523095912,0.9779715652185806,0.9048043122133415,1.0587143370085073,-2.202843478141936,-9.519568778665855,5.871433700850726,-2.202843478141936,518
mu,player,4625,Robert Lewandowski,Poland,-0.022448353464099256,0.042995846592546544,0.95,-0.10390624439283933,0.06263538745590817,0.30125,0.69875,1.0035007181885636,9393.08973379255,2973.3471389448214,0.977801735961742,0.9013097963072133,1.0646385878708866,-2.2198264038257975,-9.869020369278669,6.463858787088661,-2.2198264038257975,519
mu,player,13790,Brandon Aguilera,Costa Rica,-0.02257609281318562,0.04770409641180097,0.95,-0.11305873139526028,0.07179428607242772,0.3155,0.6845,1.0009974460755455,8220.59760542274,2878.7125317448254,0.9776768401816774,0.8930982056719456,1.0744342952293913,-2.2323159818322558,-10.690179432805436,7.443429522939127,-2.2323159818322558,520
mu,player,13801,Yuki Soma,Japan,-0.02263541569162453,0.05470822955488531,0.95,-0.1355481059520841,0.08386821184418143,0.33925,0.66075,1.0015800067825547,7813.162678741759,2825.1070643581425,0.9776188432976228,0.8732371540133589,1.0874855666473147,-2.238115670237717,-12.676284598664111,8.748556664731467,-2.238115670237717,521
mu,player,428,Ismaïla Sarr,Senegal,-0.02299336661416436,0.041557670956444755,0.95,-0.10760266077421833,0.06072006091869298,0.2775,0.7225,1.0037916397245934,8660.033060949007,2896.4050962206534,0.9772689663538954,0.8979843299520581,1.062601408885259,-2.2731033646104626,-10.201567004794187,6.260140888525889,-2.2731033646104626,522
mu,player,13795,Alvaro Zamora,Costa Rica,-0.023177987997714204,0.05458961871018853,0.95,-0.13300820356902196,0.07977146588362526,0.33775,0.66225,1.000610380239284,8431.739098612506,3220.919125278294,0.9770885582593352,0.8754579101999204,1.0830395279088856,-2.291144174066484,-12.454208980007964,8.303952790888559,-2.291144174066484,523
mu,player,8042,Wojciech Szczesny,Poland,-0.023197114386505978,0.048769445374786814,0.95,-0.11899004865522318,0.07039342028083478,0.31775,0.68225,1.0003069415924153,8177.94447526066,2991.2511217506435,0.9770698702624034,0.8878166356874306,1.0729302107361183,-2.293012973759656,-11.218336431256937,7.293021073611827,-2.293012973759656,524
mu,player,195,Richarlison,Brazil,-0.02320607422127051,0.04620061745845296,0.95,-0.11112231023453913,0.06672478524127902,0.304,0.696,0.9995586694713481,8304.55776503244,2772.577232625818,0.9770611159170313,0.8948292954545278,1.0690012327697693,-2.2938884082968736,-10.517070454547216,6.900123276976933,-2.2938884082968736,525
mu,player,6019,Nikola Vlasic,Croatia,-0.0232184583839127,0.044788730008558625,0.95,-0.1114893760202603,0.0665903623591232,0.297,0.703,1.0018416947277804,7743.484899132648,2754.8969220302433,0.9770490159081848,0.8945008945121679,1.0688575442007644,-2.2950984091815174,-10.549910548783215,6.88575442007644,-2.2950984091815174,526
mu,player,13044,Jawad El Yamiq,Morocco,-0.0238172398915059,0.03324572323560175,0.95,-0.08870050483467241,0.042020805942847864,0.2345,0.7655,0.9999895121693351,7179.464076198444,2966.155381709408,0.9764641521457244,0.9151196064344689,1.042916177379414,-2.353584785427565,-8.488039356553113,4.2916177379414,-2.353584785427565,527
mu,player,13799,Shuichi Gonda,Japan,-0.02414823276160008,0.049064949514319216,0.95,-0.12215005028688324,0.07440260701935524,0.30275,0.69725,1.0020193606022472,8163.437433752916,2855.6322988272773,0.9761410029564506,0.8850155617000977,1.0772404227574215,-2.3858997043549435,-11.498443829990235,7.724042275742149,-2.3858997043549435,528
mu,player,5135,Josh Sargent,United States,-0.02433160989294486,0.04948448206425982,0.95,-0.11886348136017111,0.07248884723514187,0.31775,0.68225,1.0011364741522406,7854.96199175332,2747.2319723033543,0.9759620174309681,0.8879290113489036,1.0751808147844797,-2.403798256903189,-11.207098865109643,7.518081478447969,-2.403798256903189,529
mu,player,9993,Kalidou Koulibaly,Senegal,-0.024354446604507,0.035521268256204934,0.95,-0.09454954148379881,0.044914572369658554,0.2495,0.7505,1.0017814843106854,8087.010680572153,2923.0160831105427,0.9759397299223681,0.9097826615265586,1.045938504044158,-2.4060270077631896,-9.021733847344137,4.5938504044158,-2.4060270077631896,530
mu,player,9806,Lois Openda,Belgium,-0.024702209780718624,0.055488569184167946,0.95,-0.1364448494801207,0.08380442408680586,0.325,0.675,1.0006341303245998,7851.4526983339465,3044.075329686541,0.9756003930299568,0.8724544352485015,1.087416200594216,-2.4399606970043175,-12.754556475149847,8.741620059421606,-2.4399606970043175,531
mu,player,5968,Lovro Majer,Croatia,-0.024856935759921116,0.04597790023853218,0.95,-0.11447233942583544,0.06369412738245755,0.29325,0.70675,1.0001941825310177,7971.468483120646,2782.1743198986455,0.9754494539812322,0.8918366067895578,1.065766360154637,-2.4550546018767827,-10.816339321044222,6.576636015463699,-2.4550546018767827,532
mu,player,92,Andreas Christensen,Denmark,-0.025021360905228697,0.026818172305184435,0.95,-0.07742478262880842,0.026758039738923683,0.1725,0.8275,1.0005951098480086,6788.860613686669,3377.3329657028426,0.9752890787482429,0.9254966352025797,1.0271192506527909,-2.471092125175711,-7.450336479742026,2.711925065279086,-2.471092125175711,533
mu,player,13798,Yuto Nagatomo,Japan,-0.025204105648845173,0.04058617137141308,0.95,-0.10302381137737643,0.05641192545928485,0.27325,0.72675,1.0015065578131235,8995.585846554077,3178.9241702086006,0.9751108660798052,0.9021054928514521,1.0580334248884986,-2.488913392019476,-9.789450714854786,5.803342488849861,-2.488913392019476,534
mu,player,13821,Keanu Baccus,Australia,-0.025601974456290432,0.048926930954266826,0.95,-0.12000391930312765,0.06961172391235915,0.29675,0.70325,1.000530986611732,10444.352130678293,3083.115100394881,0.9747229770519805,0.8869169606139279,1.0720918328079398,-2.527702294801948,-11.308303938607212,7.209183280793985,-2.527702294801948,535
mu,player,14005,Sami Al-Najei,Saudi Arabia,-0.025663347148669267,0.0533200431040544,0.95,-0.12908943791286034,0.07923084993846609,0.31575,0.68425,1.0007385422289448,8866.727077750702,3037.734622388677,0.9746631575142172,0.8788953554640594,1.0824541777099423,-2.533684248578283,-12.11046445359406,8.245417770994234,-2.533684248578283,536
mu,player,1938,Hakim Ziyech,Morocco,-0.02592528020624716,0.03314172002288759,0.95,-0.09176015273954576,0.04212446896437904,0.20875,0.79125,1.0029487540118835,9238.247396053986,2998.478491966371,0.9744078944456384,0.9123239417037561,1.0430242948253585,-2.5592105554361644,-8.767605829624392,4.302429482535852,-2.5592105554361644,537
mu,player,13918,Sang-ho Na,South Korea,-0.026039066176700806,0.050252324055043616,0.95,-0.12466630439287035,0.07386060370349931,0.30275,0.69725,1.0003240245485516,9199.116524098972,2741.1508113707127,0.9742970268054618,0.8827914370639912,1.0766567130768938,-2.570297319453818,-11.720856293600878,7.665671307689381,-2.570297319453818,538
mu,player,8328,Remo Freuler,Switzerland,-0.02627377316271326,0.03558919121064198,0.95,-0.09598342829039659,0.04270096274926609,0.227,0.773,1.000013757720761,8256.208949509672,3152.996773279241,0.9740683793204501,0.9084790709953082,1.0436257652041212,-2.5931620679549905,-9.152092900469178,4.36257652041212,-2.5931620679549905,539
mu,player,3519,Michael Estrada,Ecuador,-0.026446143340333357,0.04783005713958225,0.95,-0.11828788639268709,0.0687400851226753,0.28925,0.71075,1.0066317984980806,10185.055903183835,2851.9089719661365,0.9739004934505667,0.8884402459372324,1.0711577631251836,-2.609950654943327,-11.155975406276763,7.115776312518363,-2.609950654943327,540
mu,player,14023,Mohamed Ali Ben Romdhane,Tunisia,-0.026721608060224306,0.051895389933392114,0.95,-0.13028180280568744,0.07175561429394212,0.31075,0.68925,1.0006052565485704,7562.683595816025,2607.0747785605918,0.9736322551707243,0.8778480160272095,1.07439274574773,-2.636774482927573,-12.215198397279048,7.439274574773003,-2.636774482927573,541
mu,player,4622,Kingsley Coman,France,-0.026746233622186883,0.0436591992379657,0.95,-0.1119905317868016,0.058597813301325935,0.26775,0.73225,1.0018999377084892,8434.581102416561,2539.17403004736,0.9736082792245075,0.8940527225420705,1.060348696828944,-2.6391720775492455,-10.594727745792953,6.034869682894395,-2.6391720775492455,542
mu,player,14028,Issam Jebali,Tunisia,-0.026875286575268123,0.05144598931607736,0.95,-0.12604239596846842,0.07300255033336353,0.309,0.691,1.0007676133434888,7163.414699800514,2634.0692795639106,0.9734826403081402,0.8815774706604745,1.0757332803896804,-2.6517359691859754,-11.842252933952546,7.573328038968041,-2.6517359691859754,543
mu,player,371,Jack Grealish,England,-0.026898635448728874,0.04510694761602594,0.95,-0.1161011583232851,0.06137120824744821,0.27575,0.72425,0.9999964559778242,8123.3629605882215,3285.632035579699,0.9734599108505101,0.8903851488729226,1.0632935442707847,-2.654008914948991,-10.961485112707736,6.329354427078471,-2.654008914948991,544
mu,player,136,Marcus Rashford,England,-0.027122673981843093,0.04408892151557717,0.95,-0.11376613873756883,0.057739647150221486,0.27425,0.72575,1.0003621227271013,6596.184156536131,2792.545018206161,0.9732418427487786,0.8924666448555675,1.0594391318037366,-2.6758157251221437,-10.753335514443252,5.943913180373661,-2.6758157251221437,545
mu,player,70,Cameron Carter-Vickers,United States,-0.02714831222135414,0.043678931299488064,0.95,-0.11425234134020465,0.05719270669393043,0.26625,0.73375,1.0014698500974097,8064.698396954079,2868.6687551368377,0.9732168908611747,0.8920328307194,1.0588598401150466,-2.678310913882531,-10.796716928060002,5.8859840115046635,-2.678310913882531,546
mu,player,1529,Ansu Fati,Spain,-0.027198608201793064,0.05105810901564264,0.95,-0.12919249429251403,0.0760819310113607,0.298,0.702,1.0028962972463649,8977.209330476158,2594.6511104592832,0.9731679431944148,0.8788047843576762,1.0790509782736748,-2.6832056805585203,-12.119521564232382,7.90509782736748,-2.6832056805585203,547
mu,player,8578,Simon Kjaer,Denmark,-0.027225208150713966,0.0447139235484859,0.95,-0.11574643486439698,0.058466903893353,0.28075,0.71925,1.0029459951381885,7545.392296924598,2615.7397790086166,0.9731420573211174,0.8907010453973149,1.0602098962941433,-2.685794267888264,-10.929895460268513,6.020989629414331,-2.685794267888264,548
mu,player,4105,Wahbi Khazri,Tunisia,-0.027609274750480032,0.05230142640569504,0.95,-0.12980268358146738,0.07288792287300054,0.31425,0.68575,1.001370101884495,9621.112063760085,2942.879116049473,0.9727683777235923,0.8782687106610271,1.0756099788827256,-2.723162227640774,-12.173128933897292,7.560997888272558,-2.723162227640774,549
mu,player,13937,Angelo Preciado,Ecuador,-0.027692740608172065,0.042547301519005834,0.95,-0.10956523073094035,0.05778279130360822,0.251,0.749,1.0020798488557603,8504.376894367453,2979.654855533007,0.972687188164935,0.8962237011282193,1.0594848413941869,-2.7312811835064954,-10.377629887178074,5.948484139418686,-2.7312811835064954,550
mu,player,14013,Aymen Dahmen,Tunisia,-0.028014636257644852,0.0512652336491762,0.95,-0.1285861123118273,0.07306809660471887,0.292,0.708,1.0029467571236867,7839.095408304884,2741.75604124534,0.9723741347787316,0.8793378373439812,1.075803793006077,-2.762586522126842,-12.06621626560188,7.580379300607709,-2.762586522126842,551
mu,player,14027,Naim Sliti,Tunisia,-0.02805965193679182,0.05120663715239885,0.95,-0.12708302894056853,0.07195340487429033,0.2975,0.7025,1.0000034988894848,7375.234321791397,2916.4897809652803,0.9723303636818698,0.8806605492491172,1.0746052715295396,-2.766963631813024,-11.933945075088282,7.460527152953955,-2.766963631813024,552
mu,player,4174,Jean-Charles Castelletto,Cameroon,-0.028189955447528177,0.04292142916419472,0.95,-0.11182146763293718,0.05951541593265071,0.25225,0.74775,1.002467502751384,10210.216484280612,2872.445720230101,0.9722036738761289,0.8942038875870524,1.0613221221237803,-2.7796326123871062,-10.579611241294762,6.13221221237803,-2.7796326123871062,553
mu,player,1896,Matty Cash,Poland,-0.028231853455570693,0.04012842653109543,0.95,-0.107358023088296,0.051071639120415145,0.242,0.758,1.001119993938324,8199.909706709015,3054.5678142077954,0.9721629413320941,0.8982040376338257,1.0523982834700825,-2.7837058667905867,-10.179596236617428,5.239828347008246,-2.7837058667905867,554
mu,player,12586,Sofyan Amrabat,Morocco,-0.028491022299153616,0.027277886390233194,0.95,-0.08240113982927666,0.025659397378199122,0.15075,0.84925,1.000300758751468,7256.006588399138,2816.3587294424674,0.9719110196333527,0.9209024739326019,1.0259914335817537,-2.808898036664731,-7.909752606739806,2.599143358175371,-2.808898036664731,555
mu,player,8324,Joakim Maehle,Denmark,-0.02856866104408021,0.03841225419354516,0.95,-0.10306910203600661,0.045325959217500135,0.2305,0.7695,1.0037408482128913,8871.187525870631,2685.3234181704142,0.9718355646107625,0.9020646368247321,1.0463688779073768,-2.816443538923752,-9.793536317526785,4.636887790737676,-2.816443538923752,556
mu,player,926,Alistair Johnston,Canada,-0.028586165566871262,0.037070207033071005,0.95,-0.1022586369358376,0.043963982006487025,0.22075,0.77925,1.0009785747008646,7920.292896435238,3091.7610142467515,0.9718185532418611,0.9027960250732657,1.0449447173985817,-2.818144675813894,-9.720397492673428,4.494471739858175,-2.818144675813894,557
mu,player,963,Tajon Buchanan,Canada,-0.02897141070109253,0.041138953620771884,0.95,-0.10939104565864191,0.052003059408892355,0.242,0.758,1.0009215531516078,7789.739248556474,2692.9093678174486,0.9714442369792675,0.8963798235150958,1.0533789652254082,-2.8555763020732483,-10.362017648490419,5.337896522540819,-2.8555763020732483,558
mu,player,5097,Ibrahima Konaté,France,-0.029556077421452102,0.028091233280894714,0.95,-0.08464269487921554,0.025955143581409424,0.14925,0.85075,0.9998526409349182,7526.203882399536,3093.827243812885,0.9708764318677715,0.9188405321829919,1.0262949115267748,-2.9123568132228494,-8.115946781700812,2.6294911526774767,-2.9123568132228494,559
mu,player,6596,Jeremy Sarmiento,Ecuador,-0.029583855804004848,0.05119840729413451,0.95,-0.12893283933473032,0.07079294772374581,0.279,0.721,1.0021437258467045,8545.610003135433,2732.353529778454,0.970849462865415,0.8790330000042386,1.0733589614427692,-2.915053713458504,-12.096699999576144,7.335896144276921,-2.915053713458504,560
mu,player,6916,Junior Hoilett,Canada,-0.029667910592675397,0.045990243682274175,0.95,-0.12012964234272965,0.06286992572071962,0.24825,0.75175,1.0029787167314481,8114.147054019892,3163.075704666988,0.9707678617485133,0.8868054617269013,1.0648883156421516,-2.923213825148674,-11.319453827309866,6.488831564215158,-2.923213825148674,561
mu,player,1387,Yannick Carrasco,Belgium,-0.029680235345040606,0.04385131509598256,0.95,-0.11639684638223072,0.05672957792282992,0.25825,0.74175,1.0017948052774253,7279.332235025425,3113.824102751822,0.9707558973487425,0.8901219115365248,1.0583695651974996,-2.924410265125754,-10.987808846347525,5.836956519749958,-2.924410265125754,562
mu,player,3848,Abdou Diallo,Senegal,-0.03011373036831375,0.037031732912745974,0.95,-0.10288648743005786,0.04122530626295267,0.2065,0.7935,1.0010277408206192,8978.834700767773,3415.380450028177,0.9703351706964721,0.9022293820449101,1.042086867795639,-2.9664829303527873,-9.77706179550899,4.208686779563897,-2.9664829303527873,563
mu,player,8079,Matheus Nunes,Portugal,-0.03050194158474783,0.04811522156942355,0.95,-0.12482778673644561,0.06402785928939267,0.26575,0.73425,1.0008261910832041,10527.000909026356,2887.8940479525463,0.9699585488086578,0.8826488933433028,1.0661220997518839,-3.004145119134216,-11.735110665669723,6.612209975188388,-3.004145119134216,564
mu,player,4021,Jérémy Doku,Belgium,-0.030598967070283537,0.054265957517053424,0.95,-0.13731964828921664,0.07522183038936751,0.28625,0.71375,1.0012258427844236,7509.375996519417,2834.8644940623703,0.9698644426749307,0.8716915468831239,1.078123284868127,-3.013555732506934,-12.83084531168761,7.812328486812703,-3.013555732506934,565
mu,player,2110,Roberto Alvarado,Mexico,-0.03075312663199673,0.055445465615724124,0.95,-0.14363499110510453,0.07765545797578648,0.28375,0.71625,1.0005356588473782,8903.508060971526,2503.7811443898445,0.9697149403214315,0.8662038624780053,1.0807502306430792,-3.0285059678568538,-13.379613752199472,8.075023064307917,-3.0285059678568538,566
mu,player,320,Fabian Schär,Switzerland,-0.03076425062881876,0.045093478125430325,0.95,-0.12092177271516613,0.06180580368415009,0.23675,0.76325,1.0021374150338505,9174.324006329709,3037.612639862205,0.9697041532755146,0.8861032743349219,1.063755747221371,-3.0295846724485376,-11.389672566507814,6.375574722137101,-3.0295846724485376,567
mu,player,1287,José Cifuentes,Ecuador,-0.03081157092373305,0.0481032101417302,0.95,-0.1272823581009512,0.05934141953985643,0.26375,0.73625,1.0011576947582344,8563.527668389268,3023.0472613174657,0.9696582676746707,0.8804850254153437,1.0611374719676345,-3.034173232532933,-11.951497458465631,6.113747196763453,-3.034173232532933,568
mu,player,5063,Mathias Jensen,Denmark,-0.0311841626375736,0.04548243416168877,0.95,-0.12102199715080228,0.05639747232071828,0.24675,0.75325,1.0026399366433079,7352.521590482814,3010.5912622451215,0.9692970483367231,0.8860144695846136,1.0580181330953082,-3.0702951663276856,-11.398553041538639,5.801813309530823,-3.0702951663276856,569
mu,player,7966,Kieffer Moore,Wales,-0.03142823871855781,0.046211584548252166,0.95,-0.12199078026923951,0.06071360255602255,0.243,0.757,1.0004562447516827,7719.850713675141,2910.1734282049742,0.9690604949815378,0.8851565293698882,1.0625945462421469,-3.093950501846221,-11.48434706301118,6.259454624214689,-3.093950501846221,570
mu,player,3841,Keylor Navas,Costa Rica,-0.03145991187960831,0.04891583108709098,0.95,-0.12891263930785762,0.06430732481866891,0.2585,0.7415,1.0021198885051201,8253.200995599329,3001.788045868099,0.9690298022584829,0.8790507566738026,1.0664200857652344,-3.0970197741517103,-12.094924332619739,6.642008576523439,-3.0970197741517103,571
mu,player,12777,Abdelhamid Sabiri,Morocco,-0.0315732129919454,0.045630100494939776,0.95,-0.12022002489479645,0.057823348800930964,0.251,0.749,1.000674903597839,7333.423088336976,3126.831911188223,0.968920016323551,0.8867253136081339,1.0595278123191958,-3.107998367644904,-11.32746863918661,5.952781231919579,-3.107998367644904,572
mu,player,2099,Takuma Asano,Japan,-0.0318350154641716,0.04772716595992672,0.95,-0.12409476639896981,0.06173393485831414,0.25075,0.74925,1.0002206544363363,7899.280393017327,3029.806856518869,0.9686663838701384,0.8832961301228542,1.0636792990919937,-3.133361612986163,-11.670386987714576,6.367929909199366,-3.133361612986163,573
mu,player,1531,Lionel Messi,Argentina,-0.03187612879200851,0.026418593026022126,0.95,-0.0834954687757329,0.020653039331941028,0.11525,0.88475,1.0007105590792962,7201.366905361309,3259.8719225982727,0.9686265595901936,0.9198952549134951,1.0208677892133735,-3.1373440409806386,-8.01047450865049,2.086778921337351,-3.1373440409806386,574
mu,player,5098,Ko Itakura,Japan,-0.03212235111108917,0.03869583461274829,0.95,-0.10857617856598051,0.04089104345249532,0.21175,0.78825,1.0011373783431425,7016.998347606458,2957.3019579772026,0.9683880914716596,0.8971105516185123,1.0417385951210132,-3.1611908528340393,-10.288944838148772,4.173859512101319,-3.1611908528340393,575
mu,player,14034,Lawrence Ati Zigi,Ghana,-0.032155130525324906,0.052024690377680184,0.95,-0.1330982610779029,0.07004923316635918,0.27675,0.72325,1.0001868116393016,8408.848597346683,2969.0082504152806,0.9683563487975243,0.8753790721914283,1.0725609855277758,-3.1643651202475698,-12.46209278085717,7.256098552777579,-3.1643651202475698,576
mu,player,1225,Richie Laryea,Canada,-0.03242374148481606,0.04752905945051697,0.95,-0.1274097154205065,0.05963240390144753,0.24275,0.75725,1.0003291575642526,9153.750601293314,2787.593830733222,0.9680962726007665,0.8803728963429788,1.0614462913060954,-3.190372739923353,-11.962710365702122,6.144629130609536,-3.190372739923353,577
mu,player,11094,Cody Gakpo,Netherlands,-0.032451033233803814,0.041525391229737564,0.95,-0.11148525557838121,0.04930243230153586,0.21925,0.78075,1.0022317856708527,8055.376142642616,2944.3654862622266,0.9680698519208336,0.8945045802587079,1.0505380193320226,-3.1930148079166387,-10.549541974129205,5.053801933202262,-3.1930148079166387,578
mu,player,8397,Fabian Rieder,Switzerland,-0.0326562492116027,0.05241550268529951,0.95,-0.13830709897888258,0.06953471031802338,0.263,0.737,1.0003022824517582,8433.870382727038,2913.5040248605274,0.9678712089026518,0.870831219299417,1.0720092703416944,-3.212879109734823,-12.916878070058303,7.200927034169435,-3.212879109734823,579
mu,player,1694,Eden Hazard,Belgium,-0.03266193359854515,0.042228071631814315,0.95,-0.11305463810613979,0.049575785290864934,0.21975,0.78025,1.0015130779402899,8565.805477653415,2955.605387056702,0.967865707163827,0.8931018613885965,1.0508252262926632,-3.2134292836172973,-10.689813861140351,5.082522629266317,-3.2134292836172973,580
mu,player,12642,Ivan Ilić,Serbia,-0.03275494185347366,0.051251063781365264,0.95,-0.13189656327285937,0.06461067386782382,0.2615,0.7385,1.0019047379516366,7652.025452704707,3097.2826236728056,0.967775691849547,0.8764316456119798,1.066743632355545,-3.2224308150452963,-12.356835438802015,6.6743632355545035,-3.2224308150452963,581
mu,player,13782,Anthony Contreras,Costa Rica,-0.03302274002610171,0.05395901380887399,0.95,-0.13828625716267923,0.0759035473876541,0.26775,0.73225,1.0019137510058425,8916.585894320977,3056.30380759076,0.967516557987092,0.8708493691927714,1.0788585104170734,-3.248344201290798,-12.915063080722856,7.885851041707337,-3.248344201290798,582
mu,player,6925,Ilias Chair,Morocco,-0.03312352791455652,0.053209440531626816,0.95,-0.13730551753609951,0.06990396340879643,0.26575,0.73425,1.0029625573044394,8840.18523649918,2872.5693062870437,0.9674190489501149,0.8717038646281965,1.0724051861701784,-3.258095104988512,-12.82961353718035,7.240518617017844,-3.258095104988512,583
mu,player,14010,Firas Al-Buraikan,Saudi Arabia,-0.03375661798156976,0.04761731390186839,0.95,-0.12712320891488113,0.06128870073399131,0.23775,0.76225,1.0007158851257707,9094.222796297643,3048.983648936815,0.9668067793909233,0.8806251650417433,1.0632058181834525,-3.31932206090767,-11.937483495825674,6.32058181834525,-3.31932206090767,584
mu,player,8011,Haris Seferovic,Switzerland,-0.03390337412353264,0.05583396994552693,0.95,-0.143616024934442,0.07562982689677439,0.26575,0.73425,0.9999051671328826,7932.316176882176,2844.250623775058,0.9666649049686824,0.8662202912040841,1.078563245147933,-3.3335095031317596,-13.377970879591594,7.8563245147933,-3.3335095031317596,585
mu,player,3309,Carlos Rodríguez,Mexico,-0.034116174439643106,0.04884550366069936,0.95,-0.1285037604693691,0.062386737625465594,0.245,0.755,1.0008164315496184,9351.75803941346,2777.018186302229,0.9664592202569942,0.8794102554168696,1.064373898575368,-3.3540779743005844,-12.058974458313044,6.4373898575367905,-3.3540779743005844,586
mu,player,1340,Shaq Moore,United States,-0.0341922518845649,0.054107285785430774,0.95,-0.14126048389541562,0.07326354468935385,0.261,0.739,1.0027830078849036,9823.444384226192,3050.7719386976933,0.9663856973056505,0.8682631136803793,1.0760140773460294,-3.3614302694349507,-13.173688631962065,7.6014077346029385,-3.3614302694349507,587
mu,player,8341,Gavi,Spain,-0.034279864005747014,0.03212741453785618,0.95,-0.09449827217913552,0.029116224720657197,0.147,0.853,1.0001422867875345,8609.962346122606,3227.1573242887307,0.9663010339136533,0.909829306646731,1.02954424601416,-3.3698966086346704,-9.0170693353269,2.9544246014159947,-3.3698966086346704,588
mu,player,284,Nathan Aké,Netherlands,-0.034553811482048245,0.027282812321258825,0.95,-0.08948625265038236,0.017546646414904332,0.10175,0.89825,1.0012547753753378,7465.570122853069,3088.2184311806304,0.9660363544398577,0.9144008356258768,1.017701493169676,-3.396364556014231,-8.55991643741232,1.7701493169675953,-3.396364556014231,589
mu,player,1830,Kang-in Lee,South Korea,-0.03466461892687259,0.04355467373130925,0.95,-0.1178274382400639,0.05011224913115137,0.21825,0.78175,0.99959238321424,8649.860591431312,3083.1062134266053,0.9659293163502328,0.8888494208018664,1.0513891072663828,-3.4070683649767175,-11.115057919813365,5.138910726638279,-3.4070683649767175,590
mu,player,3965,Jonathan David,Canada,-0.034830511733402875,0.04674744183562515,0.95,-0.12594132444772163,0.05442253228763311,0.23575,0.76425,1.001077428793706,10167.035383438413,3519.684663042408,0.9657690889156905,0.8816665775390984,1.05593067271156,-3.4230911084309534,-11.833342246090162,5.593067271156005,-3.4230911084309534,591
mu,player,13228,Youssouf Sabaly,Senegal,-0.034899581152187276,0.03556423593081263,0.95,-0.10465411689965126,0.03464337341760736,0.16475,0.83525,1.0000054916523942,6469.699026531012,2813.1249149499968,0.9657023861096277,0.9006359834848833,1.0352504451307494,-3.4297613890372336,-9.936401651511673,3.5250445130749375,-3.4297613890372336,592
mu,player,13945,Boualem Khoukhi,Qatar,-0.0354726705531558,0.03427831954020402,0.95,-0.10155499833264596,0.03295258171937848,0.15175,0.84825,1.0038787024529756,7177.532703981088,2818.775775265806,0.9651491108608915,0.9034314907501872,1.0335015312137465,-3.48508891391085,-9.656850924981274,3.350153121374655,-3.48508891391085,593
mu,player,3460,Romario Ibarra,Ecuador,-0.03553206568296666,0.05086031221585862,0.95,-0.13443084877203684,0.062317498485957856,0.2345,0.7655,1.0030802659054738,9365.817698876359,3126.181138564894,0.9650917874065489,0.8742133297116746,1.0643002047937924,-3.4908212593451116,-12.578667028832536,6.430020479379239,-3.4908212593451116,594
mu,player,5178,Osman Bukari,Ghana,-0.035638942667444176,0.051823910819356056,0.95,-0.1339451736485745,0.06619641450740738,0.24775,0.75225,1.0014163700250949,7576.811355165592,2861.8186065002283,0.9649886468183426,0.874638016500071,1.0684365529971709,-3.501135318165738,-12.5361983499929,6.8436552997170885,-3.501135318165738,595
mu,player,112,Michy Batshuayi,Belgium,-0.03578006756047539,0.05220389612523148,0.95,-0.1355446026631948,0.06661426489795444,0.244,0.756,1.0019541520637905,9291.853956632905,3064.0697581696954,0.9648524725078025,0.8732402132207369,1.0688830929150581,-3.5147527492197517,-12.675978677926313,6.888309291505812,-3.5147527492197517,596
mu,player,1363,Inaki Williams,Ghana,-0.03663624363973392,0.047271437704123766,0.95,-0.12822269601318745,0.05492914509501782,0.218,0.782,1.000471371720496,7794.7943175405935,2749.715707269419,0.9640267424364363,0.8796574611208099,1.0564657562427064,-3.597325756356373,-12.03425388791901,5.646575624270644,-3.597325756356373,597
mu,player,2108,Uriel Antuna,Mexico,-0.036676642611271106,0.05323455657432277,0.95,-0.14162445084277184,0.06632222169610567,0.2385,0.7615,0.9999479211503801,8627.944152236689,3153.463715597868,0.9639877975341798,0.8679471521086635,1.068570978451873,-3.6012202465820153,-13.205284789133653,6.85709784518731,-3.6012202465820153,598
mu,player,12529,Matias Vina,Uruguay,-0.03689478084082447,0.054626694124531534,0.95,-0.1455633480937089,0.06862180705232557,0.24875,0.75125,1.0015399327811483,9301.250092286009,3186.121405851115,0.9637775378763832,0.864535121687332,1.0710310761442146,-3.6222462123616794,-13.546487831266795,7.1031076144214556,-3.6222462123616794,599
mu,player,8343,Sergiño Dest,United States,-0.037048439422571154,0.03368853818715355,0.95,-0.1016974761163423,0.029606314057568597,0.1395,0.8605,1.0004836384452829,6978.76062133777,3114.3102215666677,0.9636294565640674,0.9033027810030212,1.0300489383330702,-3.63705434359326,-9.66972189969788,3.0048938333070208,-3.63705434359326,600
mu,player,13871,Devis Epassy,Cameroon,-0.037857263504011286,0.051142928686220994,0.95,-0.1349044502082735,0.05803877179140718,0.241,0.759,1.0019897713192274,8861.498171106075,3353.8147504718227,0.9628503649705078,0.8737993990499608,1.0597560835555717,-3.71496350294922,-12.620060095003915,5.9756083555571715,-3.71496350294922,601
mu,player,17,João Cancelo,Portugal,-0.03819318702398146,0.03516769304652173,0.95,-0.10656193091214765,0.03068318651002793,0.143,0.857,1.0000058212388048,6992.509206577219,2937.434193279652,0.9625269752068573,0.8989193755404468,1.0311587671242206,-3.747302479314274,-10.108062445955323,3.115876712422061,-3.747302479314274,602
mu,player,5035,Edimilson Fernandes,Switzerland,-0.03833990083280072,0.0445749565992415,0.95,-0.1252903847678752,0.04962390468443497,0.194,0.806,1.0011940108401463,7388.914045036755,3237.165215816238,0.9623857695668953,0.882240676130318,1.0508757925819003,-3.7614230433104745,-11.775932386968202,5.087579258190034,-3.7614230433104745,603
mu,player,14024,Ferjani Sassi,Tunisia,-0.03879501562541871,0.04986272165561863,0.95,-0.13431807105518911,0.058181041867518365,0.222,0.778,1.0004068899545762,8014.569415899614,2820.7186311152127,0.9619478732210711,0.8743119270547245,1.0599068658598891,-3.8052126778928885,-12.56880729452755,5.990686585988914,-3.8052126778928885,604
mu,player,13982,Ahmad Nourollahi,Iran,-0.039393804918637115,0.04878451289784212,0.95,-0.13284131291523565,0.055435928631575704,0.2105,0.7895,1.0011223141175376,9054.828754774357,2957.942038892226,0.9613720415520765,0.8756040281354358,1.0570012913836422,-3.862795844792355,-12.43959718645642,5.700129138364218,-3.862795844792355,605
mu,player,14030,Anis Slimane,Tunisia,-0.03944678306898171,0.0487213450577556,0.95,-0.1347390581438235,0.05434081659381426,0.20175,0.79825,1.0030499037851337,8789.886333961002,3018.0926854614163,0.9613211111886322,0.873943930488332,1.0558443901293832,-3.867888881136783,-12.605606951166804,5.584439012938325,-3.867888881136783,606
mu,player,13924,Sergio Rochet,Uruguay,-0.03969087658748113,0.05209927615452918,0.95,-0.14132498778246272,0.06192538524318709,0.22075,0.77925,1.0027670637235009,9642.49385088333,3015.8456057207377,0.9610864875724113,0.8682071091408421,1.0638829603980817,-3.891351242758867,-13.17928908591579,6.388296039808172,-3.891351242758867,607
mu,player,13954,Abdulaziz Hatem,Qatar,-0.039763757823096664,0.03938029964580419,0.95,-0.11544548878523993,0.03716130711844371,0.15975,0.84025,1.0024803118592227,9188.260654497013,3214.528399863524,0.9610164449540909,0.8909691387234225,1.0378604216102827,-3.8983555045909113,-10.903086127657746,3.786042161028269,-3.8983555045909113,608
mu,player,13946,Pedro Miguel,Qatar,-0.039872749286076925,0.04373553973728606,0.95,-0.12588030897058636,0.04540926134006037,0.17975,0.82025,1.0007467331027344,9684.89205092466,2848.3783555107902,0.9609117080736239,0.8817203744872076,1.0464560462864925,-3.9088291926376084,-11.827962551279237,4.645604628649247,-3.9088291926376084,609
mu,player,71,Ben Davies,Wales,-0.04037580540205264,0.0394246077393068,0.95,-0.11783138159944052,0.038353756165817814,0.15225,0.84775,0.9996693617750227,7546.885141621471,2846.785494489035,0.9604284371283587,0.8888459157560793,1.039098755459613,-3.957156287164132,-11.11540842439207,3.9098755459612944,-3.957156287164132,610
mu,player,8062,Aaron Ramsey,Wales,-0.0405582912289539,0.03808086891994921,0.95,-0.11473516561316764,0.0342883186771131,0.14375,0.85625,1.0002226156947933,9419.393666919992,3024.4111190573385,0.9602531885415079,0.8916022395747418,1.0348829397987227,-3.9746811458492126,-10.839776042525816,3.48829397987227,-3.9746811458492126,611
mu,player,55,Takumi Minamino,Japan,-0.04115995740247129,0.05194626014303448,0.95,-0.14603536358019956,0.060943199727446544,0.21325,0.78675,1.0010028305813872,8574.55892300461,3081.975230426939,0.9596756104519734,0.8641271440147451,1.0628385429537401,-4.0324389548026645,-13.58728559852549,6.283854295374014,-4.0324389548026645,612
mu,player,1334,Weston McKennie,United States,-0.04123854752423331,0.037676531379692464,0.95,-0.11444614885109088,0.03347436086989264,0.13475,0.86525,1.0046951517796303,7391.677790250024,2827.7066332342692,0.9596001923924921,0.8918599648087464,1.034040931476426,-4.039980760750794,-10.81400351912536,3.404093147642606,-4.039980760750794,613
mu,player,1681,Achraf Hakimi,Morocco,-0.04140121300810189,0.02967708467380629,0.95,-0.09933846421741956,0.0170796453717012,0.0865,0.9135,1.001390521934459,8547.828220585896,3070.0343550541975,0.9594441112577269,0.9054361984008897,1.0172263364686693,-4.055588874227311,-9.456380159911026,1.7226336468669334,-4.055588874227311,614
mu,player,13813,Fran Karacic,Australia,-0.04141146436107415,0.04983330645258124,0.95,-0.14120496461556542,0.054543028015627576,0.20125,0.79875,1.0012618670247115,8218.64032635122,3292.857089213707,0.9594342757078992,0.8683113203613592,1.056057915512633,-4.056572429210082,-13.168867963864084,5.605791551263306,-4.056572429210082,615
mu,player,1228,Jonathan Osorio,Canada,-0.04146996597302808,0.04641635710568654,0.95,-0.1311227115315067,0.04688170829714305,0.18925,0.81075,1.0001940384403296,9316.828096594429,3057.0931522342935,0.9593781488979769,0.8771101362588383,1.047998032275258,-4.06218511020231,-12.288986374116174,4.799803227525801,-4.06218511020231,616
mu,player,3301,Héctor Moreno,Mexico,-0.04153616560320901,0.03284459772290055,0.95,-0.10481852661992963,0.02270573071699829,0.10375,0.89625,1.002246926832828,8979.227938054542,2816.8823208161925,0.9593146405214549,0.9004879223464446,1.0229654679365414,-4.068535947854512,-9.95120776535554,2.2965467936541417,-4.068535947854512,617
mu,player,1695,Vinícius Junior,Brazil,-0.041728034637308925,0.0395279827392373,0.95,-0.11928960193830729,0.034852955338160664,0.14075,0.85925,1.0006107190913056,8526.519366069382,3001.179936570551,0.9591305954048241,0.8875507271283131,1.0354674376453532,-4.086940459517585,-11.244927287168693,3.5467437645353206,-4.086940459517585,618
mu,player,13861,Bruno Petkovic,Croatia,-0.0419143375731455,0.04753815156583738,0.95,-0.13479427180078016,0.051204722723976484,0.18625,0.81375,1.0006561868788926,7600.679026998924,3004.869218316809,0.9589519232031442,0.8738956781800601,1.052538349746084,-4.104807679685585,-12.61043218199399,5.253834974608407,-4.104807679685585,619
mu,player,13121,Yunus Musah,United States,-0.042557158408229045,0.033761502785966534,0.95,-0.10826568793356099,0.023767980236437926,0.1045,0.8955,1.0012607238133675,9155.402550112667,3094.024200137208,0.958335687013017,0.8973891392882274,1.0240526898615112,-4.166431298698303,-10.26108607117726,2.405268986151121,-4.166431298698303,620
mu,player,14011,Saleh Al-Shehri,Saudi Arabia,-0.04317720766020519,0.04699783976900707,0.95,-0.1350120858539921,0.046978187604667584,0.18,0.82,0.9999039724757613,6916.792211956025,3134.298743679599,0.9577416558704571,0.8737053521489059,1.0480991472773733,-4.225834412954288,-12.629464785109413,4.80991472773733,-4.225834412954288,621
mu,player,4734,Filip Kostic,Serbia,-0.04322257890929138,0.045718670571631335,0.95,-0.13040451926067198,0.046167556314849485,0.17475,0.82525,1.005864609210018,8438.215874173655,2761.5458403509033,0.9576982029209931,0.8777402962402978,1.0472498695858004,-4.230179707900694,-12.225970375970219,4.724986958580035,-4.230179707900694,622
mu,player,8018,Andre Onana,Cameroon,-0.043398934686138875,0.05286168391373899,0.95,-0.14745018017881115,0.06281657254843297,0.2045,0.7955,1.0012757914677344,9447.752833592713,2980.528303397696,0.9575293222024144,0.8629054270445995,1.0648315019879888,-4.247067779758562,-13.709457295540052,6.4831501987988815,-4.247067779758562,623
mu,player,1907,Vitinha,Portugal,-0.04388747402805849,0.03954837230074587,0.95,-0.12143621738361826,0.0352739473902581,0.13025,0.86975,0.9998781390167553,7812.544619768236,2982.2381597309704,0.9570616457059625,0.885647540464723,1.0359034529798632,-4.293835429403748,-11.435245953527694,3.5903452979863193,-4.293835429403748,624
mu,player,12960,Ricardo Rodriguez,Switzerland,-0.044382699281189604,0.036291472698991814,0.95,-0.11730359173968735,0.02791598026812277,0.1075,0.8925,1.0015122896769337,7195.595851618805,3004.1338157310256,0.9565878019495869,0.8893151634384897,1.0283092825215394,-4.341219805041307,-11.06848365615103,2.8309282521539414,-4.341219805041307,625
mu,player,14000,Nawaf Al-Abed,Saudi Arabia,-0.04438621765546078,0.04771521143595124,0.95,-0.13748002223402264,0.05113918545517441,0.17575,0.82425,1.0007077736006023,8547.24338625741,2989.3356954918304,0.9565844363215972,0.8715517614803641,1.0524693715176794,-4.341556367840282,-12.844823851963593,5.246937151767939,-4.341556367840282,626
mu,player,8420,Papu Gómez,Argentina,-0.04479274873937104,0.04520403059534271,0.95,-0.13260894229913317,0.0427067209633715,0.1565,0.8435,1.0031172090817972,9026.47444759757,3024.2599280641607,0.956195634049307,0.8758075164243494,1.043631774642025,-4.380436595069304,-12.41924835756506,4.3631774642024945,-4.380436595069304,627
mu,player,27,Bernardo Silva,Portugal,-0.045212837992123,0.032237682999450755,0.95,-0.10789173562219764,0.01980401004887594,0.078,0.922,1.0005536182235164,7039.757248034084,3011.7268890184228,0.9557940309004039,0.8977247827844758,1.0200014104087254,-4.420596909959606,-10.227521721552424,2.0001410408725384,-4.420596909959606,628
mu,player,13987,Mohammed Al-Owais,Saudi Arabia,-0.04596861330269232,0.04967423436863788,0.95,-0.14395038255690143,0.04722478469727573,0.17525,0.82475,1.0011635583236458,8799.281834923071,2470.1334232033596,0.9550719382741207,0.8659307122611521,1.0483576373499972,-4.492806172587926,-13.406928773884786,4.835763734999721,-4.492806172587926,629
mu,player,4739,Ajdin Hrustic,Australia,-0.04634834683544523,0.05108982938681074,0.95,-0.14925218968595377,0.05349243541991706,0.179,0.821,1.0007085777047497,7953.40102177121,3225.4490492222094,0.954709334283771,0.8613518634498832,1.0549490114911266,-4.529066571622897,-13.864813655011677,5.494901149112663,-4.529066571622897,630
mu,player,4925,Hiroki Ito,Japan,-0.046785963069081275,0.04261941794892998,0.95,-0.1307481624428742,0.03933055623059029,0.131,0.869,1.0000293889472653,8565.853740288989,2974.434858439458,0.9542916293845731,0.8774387185922697,1.040114243074692,-4.570837061542687,-12.256128140773026,4.011424307469191,-4.570837061542687,631
mu,player,13866,Selim Amallah,Morocco,-0.04680790273568563,0.041222091749641976,0.95,-0.12901679534332353,0.03504027711637843,0.127,0.873,1.0032797106732017,8511.91505441037,3162.9975483955727,0.9542706927740531,0.8789592030000307,1.0356614214151847,-4.572930722594693,-12.104079699996928,3.566142141518469,-4.572930722594693,632
mu,player,4020,Kamaldeen Sulemana,Ghana,-0.04690162681727062,0.05454737176025002,0.95,-0.15134619866267457,0.06266622403945342,0.1915,0.8085,1.0001662866958587,8184.52529018262,3065.228086558294,0.9541812588209124,0.8595500720577642,1.064671418193832,-4.581874117908757,-14.044992794223576,6.467141819383193,-4.581874117908757,633
mu,player,4404,Alidu Seidu,Ghana,-0.04872855086704958,0.050145013776853715,0.95,-0.14409945232172688,0.051120634031356554,0.1675,0.8325,1.001466200465626,8248.870186123644,2984.462172640477,0.9524396335243056,0.8658016377943095,1.0524498468934185,-4.75603664756944,-13.419836220569048,5.244984689341847,-4.75603664756944,634
mu,player,2443,Moon-hwan Kim,South Korea,-0.04913942874828283,0.03388484607160855,0.95,-0.11444374455996059,0.017815526138149292,0.07625,0.92375,1.0004856867907959,7743.4564772933645,3071.7283210706487,0.9520483775304018,0.8918621091023271,1.017975169256832,-4.7951622469598165,-10.81378908976729,1.7975169256831958,-4.7951622469598165,635
mu,player,5116,Cristian Romero,Argentina,-0.04949324044757291,0.027110311417300144,0.95,-0.10328142958507983,0.003872802817426035,0.03525,0.96475,1.0003993403098261,7591.0018451034475,3171.727693935709,0.9517115912591162,0.9018731239837351,1.0038803118087423,-4.82884087408838,-9.812687601626491,0.3880311808742265,-4.82884087408838,636
mu,player,2066,Ruben Dias,Portugal,-0.0495897407657542,0.030108455097207405,0.95,-0.11017554339120045,0.00997098531818816,0.04925,0.95075,1.0009540487265334,6675.059545237588,2851.756500277107,0.9516197552189177,0.895676891336438,1.0100208612251083,-4.8380244781082276,-10.432310866356199,1.0020861225108257,-4.8380244781082276,637
mu,player,4928,Wataru Endo,Japan,-0.049900502582892595,0.03384018967315377,0.95,-0.11605595358129686,0.018885217196801543,0.0715,0.9285,1.0012876066735985,7536.069070985702,3185.54563551465,0.9513240740801446,0.8904253994135983,1.0190646708044604,-4.867592591985536,-10.957460058640168,1.9064670804460393,-4.867592591985536,638
mu,player,4661,Manuel Akanji,Switzerland,-0.05196866971349359,0.027979726258537237,0.95,-0.1061397045673683,0.0043132453319775,0.034,0.966,1.0004917218329152,7902.537694643682,3029.7614266527958,0.9493586100542059,0.8992990031213756,1.0043225607630555,-5.064138994579414,-10.070099687862443,0.4322560763055483,-5.064138994579414,639
mu,player,2111,Hirving Lozano,Mexico,-0.052136601400541396,0.04707595486267723,0.95,-0.14389922130141758,0.039516597611319,0.13725,0.86275,1.0017878124412931,9453.0479694033,3175.6855075589483,0.9491991960469123,0.8659750154968484,1.040307765365608,-5.080080395308773,-13.402498450315159,4.0307765365608095,-5.080080395308773,640
mu,player,107,Christian Pulisic,United States,-0.05260057033661645,0.03812047665670557,0.95,-0.1285320112703999,0.021479071884094477,0.0855,0.9145,1.0021192861770982,9052.781045084459,3264.7305072401205,0.9487588992557144,0.8793854117236481,1.021711407618872,-5.124110074428556,-12.061458827635185,2.1711407618872025,-5.124110074428556,641
mu,player,449,Aaron Mooy,Australia,-0.053603390163230916,0.03393955221821922,0.95,-0.12021377826518968,0.016474628842512454,0.05475,0.94525,1.0027633708803305,7009.6857338902,2778.238382907833,0.9478079419199932,0.8867308526700313,1.0166110838589466,-5.219205808000682,-11.326914732996872,1.6611083858946607,-5.219205808000682,642
mu,player,83,Heung-min Son,South Korea,-0.05362873558438156,0.04173528823092071,0.95,-0.1345135053187403,0.026865425573233417,0.101,0.899,1.0052573338287698,8962.792551397468,2829.230586690354,0.947783919632964,0.8741410732430347,1.0272295546328942,-5.2216080367035955,-12.585892675696531,2.7229554632894226,-5.2216080367035955,643
mu,player,8022,Jurrien Timber,Netherlands,-0.05445076269563208,0.033312795382544474,0.95,-0.1199877834920867,0.010731987013234032,0.05125,0.94875,1.0013572955232308,8564.90368775711,3137.343282433624,0.9470051356900298,0.8869312718538748,1.0107897813501832,-5.299486430997025,-11.306872814612523,1.0789781350183159,-5.299486430997025,644
mu,player,13999,Salman Al-Faraj,Saudi Arabia,-0.05568870288815474,0.054567627986274195,0.95,-0.16465976776344865,0.04991966683185792,0.1565,0.8435,1.0010373778758623,8767.751597997121,3320.174815111297,0.9458335253114465,0.8481822339400106,1.051186647830331,-5.416647468855351,-15.181776605998943,5.118664783033089,-5.416647468855351,645
mu,player,916,Walker Zimmerman,United States,-0.05586035038299582,0.030072038996923747,0.95,-0.11390575582518492,0.004097410774963391,0.03475,0.96525,1.0009950177276874,6511.939776230527,3028.815136661781,0.9456711892889745,0.8923420499598089,1.0041058166393313,-5.432881071102546,-10.765795004019107,0.41058166393312945,-5.432881071102546,646
mu,player,90,Antonio Rüdiger,Germany,-0.05642107655924698,0.027537385627127736,0.95,-0.10803924235225512,-0.003228509819106466,0.0195,0.9805,1.000822298200503,6188.618059871383,2998.6466968949167,0.9451410753372878,0.897592372103249,0.9967766962146355,-5.485892466271225,-10.240762789675095,-0.32233037853645063,-5.485892466271225,647
mu,player,1687,Luka Modric,Croatia,-0.0568530100544215,0.024859513664861173,0.95,-0.10605612176967938,-0.008644200130773511,0.0105,0.9895,1.000034415952849,7014.446348448742,2990.1012930034485,0.9447329254023439,0.8993741721893921,0.991393053547148,-5.526707459765612,-10.062582781060792,-0.8606946452851982,-5.526707459765612,648
mu,player,13996,Hassan Tambakti,Saudi Arabia,-0.05706294345609287,0.049329177784913913,0.95,-0.15387596589014924,0.03827997713440141,0.12225,0.87775,1.0035738497771831,7880.509488153456,2727.735456803484,0.9445346152223368,0.85737835857809,1.0390220945879063,-5.546538477766316,-14.262164142191002,3.9022094587906286,-5.546538477766316,649
mu,player,3903,Krépin Diatta,Senegal,-0.05733660219045548,0.04491124479215724,0.95,-0.14654129665815235,0.029574985098943584,0.103,0.897,1.0031531320269442,8488.036004603477,3083.6998890062446,0.9442761704394225,0.8636900640849515,1.0300166684779926,-5.572382956057753,-13.630993591504847,3.001666847799256,-5.572382956057753,650
mu,player,4621,Jamal Musiala,Germany,-0.05808680059073781,0.03573946440034149,0.95,-0.1289912464070407,0.011767681686531188,0.0545,0.9455,1.0017949877961647,8231.651285173724,3419.1332692797887,0.9435680416186994,0.8789816597595753,1.011837193248386,-5.643195838130055,-12.101834024042468,1.1837193248386058,-5.643195838130055,651
mu,player,13981,Ali Gholizadeh,Iran,-0.05926442724805054,0.04577011726858747,0.95,-0.15053571235118487,0.030344493812374685,0.0945,0.9055,1.0020755999505542,8378.62291239887,2857.144476970393,0.9424575247553708,0.8602470080155832,1.0308095803165236,-5.754247524462919,-13.975299198441682,3.080958031652359,-5.754247524462919,652
mu,player,1675,Raphael Varane,France,-0.05963725007969805,0.027397890353875225,0.95,-0.11332762636781074,-0.0070998728612936615,0.015,0.985,1.000523908472304,7554.6894677724895,3302.49473796567,0.942106220563465,0.8928580883390653,0.9929252716931251,-5.789377943653495,-10.714191166093467,-0.7074728306874944,-5.789377943653495,653
mu,player,3316,Joel Campbell,Costa Rica,-0.05996346820216627,0.04130813602691078,0.95,-0.14168292055563267,0.019583986806529396,0.07375,0.92625,0.9996130920342033,7642.417853993899,2824.215694759788,0.9417989385642307,0.8678964049715011,1.0197770110786484,-5.820106143576931,-13.210359502849888,1.9777011078648377,-5.820106143576931,654
mu,player,4695,Nico Elvedi,Switzerland,-0.06072215611279992,0.03185981377504314,0.95,-0.122772270700398,0.0004897707968380003,0.027,0.973,1.0002016262490259,8732.828866551648,3138.3980102311957,0.9410846780799528,0.884465058236337,1.0004898907541377,-5.891532192004723,-11.553494176366296,0.04898907541377451,-5.891532192004723,655
mu,player,123,Luke Shaw,England,-0.0612044767509537,0.02718145008619718,0.95,-0.11376508002548898,-0.008019644124601686,0.01125,0.98875,1.0008517953990888,7426.095978289658,3468.588128757049,0.9406308829636368,0.8924675897212854,0.9920124274299239,-5.936911703636316,-10.753241027871463,-0.7987572570076096,-5.936911703636316,656
mu,player,3870,Kylian Mbappé,France,-0.06126634276113458,0.03126384840605857,0.95,-0.12308094994784828,0.00026481832835113914,0.02575,0.97425,1.0005107759756313,8086.711821137892,2736.6209647289743,0.9405726916839047,0.8841920843606174,1.00026485339582,-5.942730831609532,-11.580791563938265,0.026485339582005274,-5.942730831609532,657
mu,player,9,Aymeric Laporte,Spain,-0.06216761958362051,0.021844461038218098,0.95,-0.10443599904455986,-0.018392154957774912,0.00175,0.99825,1.000410193245661,7425.580298321932,3868.497515048963,0.9397253572158427,0.9008324496994349,0.9817759485513251,-6.027464278415728,-9.916755030056512,-1.8224051448674894,-6.027464278415728,658
mu,player,8027,Noussair Mazraoui,Morocco,-0.06217905145701063,0.03975641108392496,0.95,-0.1379727781954141,0.015194635002921883,0.05775,0.94225,1.000547350645094,8213.961943969874,3305.416782569556,0.9397146144559426,0.8711224049469167,1.0153106603789186,-6.028538554405738,-12.887759505308328,1.5310660378918595,-6.028538554405738,659
mu,player,8054,Adrien Rabiot,France,-0.0651007285519392,0.02662037022302074,0.95,-0.11700724126641121,-0.012873221372993165,0.00675,0.99325,1.0014318190324802,6813.906675914199,2589.7832538337343,0.9369730786824447,0.8895787514633552,0.9872092841246138,-6.302692131755528,-11.04212485366448,-1.279071587538616,-6.302692131755528,660
mu,player,13935,Hernan Galindez,Ecuador,-0.06585342606263507,0.05249314871302003,0.95,-0.1723113641534217,0.036126643781831724,0.10875,0.89125,1.0007257093781803,8136.811781613186,3189.3538599757826,0.9362680867346581,0.8417170518457572,1.036787140821411,-6.373191326534188,-15.828294815424282,3.67871408214111,-6.373191326534188,661
mu,player,4324,Azzedine Ounahi,Morocco,-0.07005881729904823,0.029064685945356224,0.95,-0.1266810788506135,-0.012391657226769206,0.00775,0.99225,1.001948218471865,7040.805276733176,3081.709342010682,0.9323389806325769,0.8810146019871059,0.9876848032079488,-6.766101936742308,-11.89853980128941,-1.2315196792051175,-6.766101936742308,662
mu,player,57,Xherdan Shaqiri,Switzerland,-0.07348557958149289,0.04371832446919337,0.95,-0.16116974869504083,0.01013877579161247,0.042,0.958,1.0056752699442248,7787.926396845562,2952.7051405370335,0.9291495444201984,0.8511475776531167,1.0101903473222602,-7.085045557980163,-14.885242234688334,1.0190347322260207,-7.085045557980163,663
mu,player,13944,Abdelkarim Hassan,Qatar,-0.07737339600568113,0.038531566159199275,0.95,-0.15284926147186528,-0.002183186830105384,0.022,0.978,1.0003858314085832,7819.730505831039,2728.840497255764,0.9255441945713256,0.8582590847723545,0.9978191945889194,-7.445580542867436,-14.174091522764554,-0.21808054110805664,-7.445580542867436,664
mu,player,589,Neco Williams,Wales,-0.07805258181998544,0.04450734853321999,0.95,-0.16335861147406752,0.006953827565091683,0.03975,0.96025,1.000906326234761,8265.166776613241,3265.7683222806463,0.9249157915092403,0.8492865698892719,1.0069780615644452,-7.50842084907597,-15.071343011072813,0.6978061564445248,-7.50842084907597,665
mu,player,162,Gabriel Martinelli,Brazil,-0.078112203441507,0.049651503734643256,0.95,-0.17516536121090598,0.02181731805802196,0.05525,0.94475,1.0012358326726443,8689.408846089715,3068.1451694695083,0.9248606481738635,0.8393182186163117,1.0220570560471909,-7.513935182613651,-16.06817813836883,2.205705604719088,-7.513935182613651,666
mu,player,1926,Thiago Silva,Brazil,-0.08154867753004211,0.025609878379473885,0.95,-0.13064271794675775,-0.03206377997280583,0.0005,0.9995,1.0006906377251976,7648.4835873732945,3284.679321383431,0.9216878432742185,0.8775312445539157,0.9684448127255751,-7.831215672578152,-12.246875544608427,-3.1555187274424856,-7.831215672578152,667
mu,player,1067,Brenden Aaronson,United States,-0.08187020073111637,0.04475166092182243,0.95,-0.1670145188211191,0.006791110890634311,0.0345,0.9655,1.00459138671592,7484.980812628685,3160.306543377725,0.9213915468840922,0.8461873256055876,1.006814222773029,-7.860845311590781,-15.381267439441238,0.6814222773029011,-7.860845311590781,668
mu,player,10,John Stones,England,-0.09787145659694022,0.02263554611695564,0.95,-0.14252733277707505,-0.052342103999874635,0.0,1.0,1.0005061081080742,7393.7287805864025,3188.25376960547,0.906765454980175,0.8671638519720778,0.9490041531864334,-9.323454501982498,-13.28361480279222,-5.099584681356662,-9.323454501982498,669
mu,player,5085,Abdul Rahman Baba,Ghana,-0.09898937959723275,0.046874886738782234,0.95,-0.19027677933430956,-0.009321791512741893,0.013,0.987,1.0001376323183293,8452.225320339116,3006.3847359720908,0.9057523274269921,0.8267302804171925,0.9907215216957121,-9.424767257300793,-17.326971958280744,-0.9278478304287852,-9.424767257300793,670
mu,player,1406,Pervis Estupinan,Ecuador,-0.10291566933295633,0.03623539282139885,0.95,-0.17350167032328317,-0.030617346101326878,0.00225,0.99775,0.9996017525227646,8589.872661667818,3431.291296705827,0.9022030536588492,0.8407157468936218,0.9698466176700345,-9.779694634115078,-15.928425310637817,-3.015338232996545,-9.779694634115078,671
mu,player,1841,Pau Torres,Spain,-0.10572399620870511,0.03139871942610198,0.95,-0.16698680098860802,-0.04320901754067429,0.0,1.0,0.9999758764954022,7269.859598843374,3312.5900616610106,0.8996729269501562,0.8462107804092084,0.9577111907074127,-10.032707304984378,-15.378921959079161,-4.228880929258727,-10.032707304984378,672
mu,player,3865,Neymar,Brazil,-0.11678684296274626,0.03779849435579667,0.95,-0.19218966873064575,-0.04067973241586969,0.001,0.999,0.9996427668341712,6344.127131130268,3340.568058426711,0.8897748347185688,0.8251503484294923,0.9601365813351538,-11.022516528143122,-17.48496515705077,-3.9863418664846217,-11.022516528143122,673
