model,group,player_id,playername,teamname,estimate,posterior_sd,hdi_prob,hdi_lower,hdi_upper,p_gt_zero,p_lt_zero,r_hat,ess_bulk,ess_tail,group_sd_variable,group_sd_estimate,group_sd_posterior_sd,group_sd_hdi_lower,group_sd_hdi_upper,group_sd_r_hat,group_sd_ess_bulk,group_sd_ess_tail,shape_ratio,shape_ratio_hdi_lower,shape_ratio_hdi_upper,conditional_cv_ratio,conditional_cv_ratio_hdi_lower,conditional_cv_ratio_hdi_upper,conditional_cv_pct_difference,conditional_cv_pct_difference_lower,conditional_cv_pct_difference_upper,conditional_cv_pct_change,conditional_variance_ratio,conditional_variance_ratio_hdi_lower,conditional_variance_ratio_hdi_upper,conditional_variance_pct_difference,conditional_variance_pct_difference_lower,conditional_variance_pct_difference_upper,shape_rank,variability_rank
alpha,player,4732,Djibril Sow,Switzerland,0.5630244881516825,0.13862812574501013,0.95,0.2847262801197282,0.8388161977670024,1.0,0.0,1.0021182196475429,7439.3220763642,2806.4203483722476,alpha_1|player_id_sigma,0.2238064787730614,0.010269322064901915,0.20445686044223468,0.24414234882650174,1.0011205461412593,1457.2457413859695,2256.1813268167707,1.755975403772719,1.329398095628398,2.3136264788053897,0.7546416757288043,0.657435841681178,0.8673062456508829,-24.535832427119576,-34.2564158318822,-13.269375434911712,-24.535832427119576,0.5694840587467778,0.432221885927039,0.7522201237450296,-43.051594125322225,-56.7778114072961,-24.777987625497044,1,673
alpha,player,4602,Manuel Neuer,Germany,0.5444814158086945,0.12859883707292613,0.95,0.2903893321896675,0.788474550960933,1.0,0.0,1.0002835320150485,6717.444324362954,3081.6589232348765,alpha_1|player_id_sigma,0.2238064787730614,0.010269322064901915,0.20445686044223468,0.24414234882650174,1.0011205461412593,1457.2457413859695,2256.1813268167707,1.7237142595921504,1.3369479035664042,2.2000378196377284,0.7616708988164922,0.6741940675391938,0.8648539189878954,-23.83291011835078,-32.580593246080625,-13.514608101210456,-23.83291011835078,0.5801425581039231,0.454537640705043,0.7479723011887213,-41.985744189607686,-54.5462359294957,-25.202769881127875,2,672
alpha,player,241,Leander Dendoncker,Belgium,0.5380207767189145,0.1243348548497786,0.95,0.28535408675641516,0.7727876466645769,1.0,0.0,1.00191050276394,7900.012436707181,2634.06848640167,alpha_1|player_id_sigma,0.2238064787730614,0.010269322064901915,0.20445686044223468,0.24414234882650174,1.0011205461412593,1457.2457413859695,2256.1813268167707,1.7126138603144911,1.3302329626157288,2.165795318525343,0.7641353174946147,0.6795028688949092,0.8670340380680199,-23.586468250538527,-32.04971311050908,-13.296596193198006,-23.586468250538527,0.5839027834425956,0.46172414883641205,0.7517480231685366,-41.60972165574044,-53.82758511635879,-24.82519768314634,3,671
alpha,player,96,César Azpilicueta,Spain,0.48400751262361563,0.10739550393266892,0.95,0.2717278221623932,0.6884884284528493,1.0,0.0,1.0006653571556927,7746.206035283968,2765.4966579694947,alpha_1|player_id_sigma,0.2238064787730614,0.010269322064901915,0.20445686044223468,0.24414234882650174,1.0011205461412593,1457.2457413859695,2256.1813268167707,1.6225638353178602,1.3122297928337412,1.9907041660917482,0.7850532286415784,0.7087558186585055,0.8729614247818342,-21.494677135842156,-29.124418134149455,-12.703857521816575,-21.494677135842156,0.6163085718005665,0.5023348104822882,0.76206164915713,-38.36914281994335,-49.766518951771175,-23.793835084286997,4,670
alpha,player,1341,Unai Simon,Spain,0.4831593618928698,0.11513382641841692,0.95,0.2534305280233335,0.710895492894419,1.0,0.0,1.0015535493138334,6209.874688595494,2693.309043240752,alpha_1|player_id_sigma,0.2238064787730614,0.010269322064901915,0.20445686044223468,0.24414234882650174,1.0011205461412593,1457.2457413859695,2256.1813268167707,1.62118824005378,1.2884378660506235,2.0358134991461165,0.7853862209782848,0.7008595655645419,0.8809844848758287,-21.46137790217152,-29.91404344354581,-11.90155151241713,-21.46137790217152,0.6168315161025513,0.49120413064331836,0.7761336625919294,-38.31684838974488,-50.879586935668165,-22.38663374080706,5,669
alpha,player,4613,Benjamin Pavard,France,0.4760948594012272,0.145935265681264,0.95,0.19312813026080264,0.7624216234170709,0.999,0.001,1.0003119141554366,9239.946813433702,3057.7430866969457,alpha_1|player_id_sigma,0.2238064787730614,0.010269322064901915,0.20445686044223468,0.24414234882650174,1.0011205461412593,1457.2457413859695,2256.1813268167707,1.6097757110761013,1.2130382104643704,2.1434605950323853,0.7881653077626561,0.6830338829014398,0.9079517276906057,-21.183469223734384,-31.696611709856015,-9.204827230939427,-21.183469223734384,0.6212045523606025,0.4665352851914178,0.8243763398163558,-37.879544763939755,-53.34647148085823,-17.56236601836442,6,668
alpha,player,4695,Nico Elvedi,Switzerland,0.4373544376222492,0.11263946695346103,0.95,0.22220657083514012,0.6547253966456085,1.0,0.0,1.0020868339081392,7319.083749703037,2915.7322157495237,alpha_1|player_id_sigma,0.2238064787730614,0.010269322064901915,0.20445686044223468,0.24414234882650174,1.0011205461412593,1457.2457413859695,2256.1813268167707,1.5486048636209577,1.2488293229375882,1.9246139393613788,0.803581057145484,0.7208222545859858,0.8948463195800324,-19.6418942854516,-27.917774541401418,-10.515368041996764,-19.6418942854516,0.6457425154030536,0.5195847227064239,0.8007499356659294,-35.42574845969464,-48.04152772935761,-19.925006433407056,7,667
alpha,player,1387,Yannick Carrasco,Belgium,0.43453219444361424,0.16363585718286008,0.95,0.10423469402270147,0.7474059069094803,0.99425,0.00575,1.0006252878011523,6937.106797719521,2818.8775680537474,alpha_1|player_id_sigma,0.2238064787730614,0.010269322064901915,0.20445686044223468,0.24414234882650174,1.0011205461412593,1457.2457413859695,2256.1813268167707,1.544240485673025,1.1098609020714378,2.1115154383258914,0.8047158081715251,0.6881813033492513,0.9492174724736026,-19.52841918284749,-31.181869665074867,-5.078252752639745,-19.52841918284749,0.6475675319211508,0.47359350627947433,0.9010138100491745,-35.24324680788492,-52.64064937205257,-9.898618995082554,8,666
alpha,player,1034,Jhegson Méndez,Ecuador,0.4203981148312589,0.11195694839439929,0.95,0.20214117706638227,0.6285782753302376,1.0,0.0,1.0003124921135795,7059.069323890569,3060.660636999313,alpha_1|player_id_sigma,0.2238064787730614,0.010269322064901915,0.20445686044223468,0.24414234882650174,1.0011205461412593,1457.2457413859695,2256.1813268167707,1.5225675917145058,1.2240207995796504,1.8749430306927286,0.810422909223205,0.7303078381262659,0.9038692278309488,-18.957709077679496,-26.969216187373412,-9.613077216905118,-18.957709077679496,0.6567852917938032,0.5333495384286602,0.8169795810197156,-34.32147082061968,-46.665046157133986,-18.302041898028442,9,665
alpha,player,13462,Martín Cáceres,Uruguay,0.4170168593853448,0.15345651221091625,0.95,0.11375567035621434,0.7035517611021335,0.99625,0.00375,1.0005205498311196,7842.846508488648,3372.7786008425373,alpha_1|player_id_sigma,0.2238064787730614,0.010269322064901915,0.20445686044223468,0.24414234882650174,1.0011205461412593,1457.2457413859695,2256.1813268167707,1.517428095624427,1.1204783253667394,2.020917792809588,0.8117941914981532,0.7034377583937577,0.9447094725817317,-18.820580850184676,-29.656224160624234,-5.529052741826835,-18.820580850184676,0.6590098093501402,0.49482467993403456,0.8924759875856535,-34.09901906498598,-50.51753200659655,-10.75240124143465,10,664
alpha,player,265,Declan Rice,England,0.41677117513706596,0.07674252514275992,0.95,0.267497390966156,0.5668052643353432,1.0,0.0,1.001668184566309,6622.8416911440345,3282.3511265891257,alpha_1|player_id_sigma,0.2238064787730614,0.010269322064901915,0.20445686044223468,0.24414234882650174,1.0011205461412593,1457.2457413859695,2256.1813268167707,1.5170553332362349,1.3066902206326314,1.762626919781842,0.8118939201463149,0.753216457623501,0.8748098806562506,-18.81060798536851,-24.678354237649902,-12.519011934374936,-18.81060798536851,0.6591717375705508,0.5673350320348952,0.7652923272938035,-34.08282624294492,-43.26649679651048,-23.470767270619653,11,663
alpha,player,4737,Jesper Lindström,Denmark,0.3657077780444242,0.15513158680125308,0.95,0.06385607160381833,0.670648331708078,0.99075,0.00925,1.0002801041794196,8710.49131587651,2806.2615466398147,alpha_1|player_id_sigma,0.2238064787730614,0.010269322064901915,0.20445686044223468,0.24414234882650174,1.0011205461412593,1457.2457413859695,2256.1813268167707,1.4415339332345842,1.0659389688340966,1.9555047254609903,0.8328898411961705,0.7151062357519251,0.9685762823866559,-16.711015880382952,-28.48937642480749,-3.142371761334406,-16.711015880382952,0.6937054875677822,0.5113769284112879,0.938140014801955,-30.629451243221784,-48.86230715887121,-6.185998519804503,12,662
alpha,player,4674,Axel Witsel,Belgium,0.36546074614277674,0.10388847332422507,0.95,0.15342053979719414,0.5668681180891235,0.9995,0.0005,1.002877659070047,8270.758455151377,2776.8105080773053,alpha_1|player_id_sigma,0.2238064787730614,0.010269322064901915,0.20445686044223468,0.24414234882650174,1.0011205461412593,1457.2457413859695,2256.1813268167707,1.4411778723467776,1.1658151475335237,1.7627377109820497,0.8329927227304618,0.7531927867545682,0.9261581506326542,-16.700727726953822,-24.680721324543175,-7.3841849367345835,-16.700727726953822,0.693876876121908,0.5672993740191125,0.8577689199832982,-30.612312387809204,-43.27006259808876,-14.223108001670182,13,661
alpha,player,12664,Saša Lukić,Serbia,0.3609493135254326,0.1084901876452356,0.95,0.15167942307718288,0.5649193615178238,0.9995,0.0005,0.9998473875087599,8317.950816948261,2914.620545094497,alpha_1|player_id_sigma,0.2238064787730614,0.010269322064901915,0.20445686044223468,0.24414234882650174,1.0011205461412593,1457.2457413859695,2256.1813268167707,1.4346907396198934,1.1637870933395786,1.759305909243456,0.8348738388346341,0.7539270391125745,0.9269647764098384,-16.512616116536595,-24.607296088742547,-7.303522359016156,-16.512616116536595,0.6970143267704786,0.5684059803050534,0.8592636967045417,-30.29856732295214,-43.15940196949466,-14.073630329545828,14,660
alpha,player,25,Raheem Sterling,England,0.3531845601922414,0.14502439978933077,0.95,0.05659109909695508,0.6340778797451406,0.9885,0.0115,1.0002432486008381,7968.877756648932,2943.455937018152,alpha_1|player_id_sigma,0.2238064787730614,0.010269322064901915,0.20445686044223468,0.24414234882650174,1.0011205461412593,1457.2457413859695,2256.1813268167707,1.423593857945632,1.0582230135701522,1.8852828821470922,0.8381214336600554,0.7283023945710898,0.9721010203231465,-16.187856633994457,-27.16976054289102,-2.789897967685351,-16.187856633994457,0.7024475375603867,0.5304243779379835,0.9449803937133026,-29.75524624396133,-46.95756220620165,-5.501960628669744,15,659
alpha,player,8341,Gavi,Spain,0.35253775221642136,0.10466019712737161,0.95,0.13907900914413784,0.5515466379621786,1.0,0.0,0.9996091128869837,6818.990573559922,2792.2670337259374,alpha_1|player_id_sigma,0.2238064787730614,0.010269322064901915,0.20445686044223468,0.24414234882650174,1.0011205461412593,1457.2457413859695,2256.1813268167707,1.4226733638075508,1.149214894902021,1.7359358068997814,0.838392529308398,0.7589849587465518,0.9328232818720928,-16.160747069160198,-24.101504125344817,-6.717671812790716,-16.160747069160198,0.702902033200133,0.576058167603505,0.870159275202622,-29.7097966799867,-42.39418323964949,-12.984072479737796,16,658
alpha,player,1799,Nemanja Gudelj,Serbia,0.3492127080928983,0.15907917515436118,0.95,0.035367736288144214,0.6629118705498328,0.984,0.016,1.000222571132284,9007.814681203312,2698.3288571458493,alpha_1|player_id_sigma,0.2238064787730614,0.010269322064901915,0.20445686044223468,0.24414234882650174,1.0011205461412593,1457.2457413859695,2256.1813268167707,1.417950767870516,1.0360006137792654,1.9404344097305224,0.8397875346770762,0.7178777886071925,0.9824715738317201,-16.021246532292377,-28.212221139280746,-1.7528426168279876,-16.021246532292377,0.7052431033990015,0.515348519375553,0.9652503933873771,-29.475689660099846,-48.4651480624447,-3.474960661262294,17,657
alpha,player,1519,Sergio Busquets,Spain,0.34899928260826363,0.08330521018870786,0.95,0.18696014541022327,0.5120601047316194,1.0,0.0,1.000307538732462,7341.1792192669345,2959.8421002438363,alpha_1|player_id_sigma,0.2238064787730614,0.010269322064901915,0.20445686044223468,0.24414234882650174,1.0011205461412593,1457.2457413859695,2256.1813268167707,1.4176481733325368,1.205579236226545,1.6687254054181655,0.8398771554896218,0.7741187043441912,0.9107561661520654,-16.012284451037818,-22.588129565580882,-8.924383384793455,-16.012284451037818,0.7053936363133384,0.5992597684155292,0.8294767941840085,-29.460636368666158,-40.07402315844708,-17.052320581599144,18,656
alpha,player,1672,Thibaut Courtois,Belgium,0.3489521762657888,0.13701392199622925,0.95,0.07341725873407262,0.6122636216276887,0.99325,0.00675,1.0028329365340822,7967.095149030983,3144.761478698671,alpha_1|player_id_sigma,0.2238064787730614,0.010269322064901915,0.20445686044223468,0.24414234882650174,1.0011205461412593,1457.2457413859695,2256.1813268167707,1.4175813946850362,1.0761794885347185,1.8446021578294811,0.8398969374930471,0.7362895621332284,0.9639569631850875,-16.010306250695294,-26.371043786677163,-3.60430368149125,-16.010306250695294,0.7054268656101994,0.5421223193063412,0.9292130268730161,-29.45731343898006,-45.787768069365875,-7.07869731269839,19,655
alpha,player,8344,Alex Balde,Spain,0.3481389874291652,0.11781889877808338,0.95,0.11460516768037188,0.5814609312507453,0.99825,0.00175,1.000159565413523,7994.226836713808,2985.793287667874,alpha_1|player_id_sigma,0.2238064787730614,0.010269322064901915,0.20445686044223468,0.24414234882650174,1.0011205461412593,1457.2457413859695,2256.1813268167707,1.4164291018991866,1.1214305731146064,1.7886496170259787,0.8402385043346688,0.7477171863443802,0.9443082937033268,-15.976149566533115,-25.228281365561976,-5.569170629667319,-15.976149566533115,0.7060007441665614,0.5590809907547566,0.8917181535568884,-29.399925583343855,-44.09190092452434,-10.828184644311156,20,654
alpha,player,1960,Timothy Castagne,Belgium,0.34298083707791915,0.1018125567546288,0.95,0.14271261719483355,0.5416537173902299,0.99975,0.00025,1.0012278342048158,9697.607767849266,2958.2698235420066,alpha_1|player_id_sigma,0.2238064787730614,0.010269322064901915,0.20445686044223468,0.24414234882650174,1.0011205461412593,1457.2457413859695,2256.1813268167707,1.4091417583940014,1.1533982871972641,1.718847000320257,0.8424083394840408,0.7627485482518644,0.9311300633674916,-15.759166051595919,-23.725145174813555,-6.8869936632508395,-15.759166051595919,0.709651810432259,0.5817853478603268,0.8670031949067489,-29.0348189567741,-41.82146521396732,-13.299680509325107,21,653
alpha,player,1682,Daniel Carvajal,Spain,0.34160246225482827,0.12142496584570657,0.95,0.09668856644516374,0.5721199343345209,0.99725,0.00275,1.002597124953844,7471.803032651689,2635.4643028114283,alpha_1|player_id_sigma,0.2238064787730614,0.010269322064901915,0.20445686044223468,0.24414234882650174,1.0011205461412593,1457.2457413859695,2256.1813268167707,1.4072007708835328,1.101517270757566,1.7720196376815052,0.8429891168162191,0.7512175662067052,0.9528056955871765,-15.701088318378087,-24.87824337932948,-4.719430441282347,-15.701088318378087,0.7106306510705892,0.5643278317775254,0.9078386935433634,-28.93693489294108,-43.56721682224746,-9.216130645663656,22,652
alpha,player,13953,Karim Boudiaf,Qatar,0.33868597482805635,0.12778729950949982,0.95,0.08792316118426056,0.5831113744029877,0.99575,0.00425,1.0033294119773395,8733.217749012392,3059.1207586866863,alpha_1|player_id_sigma,0.2238064787730614,0.010269322064901915,0.20445686044223468,0.24414234882650174,1.0011205461412593,1457.2457413859695,2256.1813268167707,1.4031026664681459,1.0919042181776768,1.7916041189862617,0.8442192971296277,0.7471004085135606,0.9569907237837167,-15.578070287037226,-25.289959148643938,-4.300927621628325,-15.578070287037226,0.7127062216460428,0.5581590204011292,0.9158312454080821,-28.72937783539572,-44.18409795988708,-8.416875459191786,23,651
alpha,player,1067,Brenden Aaronson,United States,0.3386307546318386,0.15336048346133993,0.95,0.04362489671576561,0.6393542838486185,0.9865,0.0135,1.0015514213905987,7424.7526183100235,3109.5125763774886,alpha_1|player_id_sigma,0.2238064787730614,0.010269322064901915,0.20445686044223468,0.24414234882650174,1.0011205461412593,1457.2457413859695,2256.1813268167707,1.40302518900277,1.0445904520817682,1.8952566862535463,0.8442426064290315,0.7263835180044594,0.9784237228198573,-15.575739357096852,-27.361648199554057,-2.1576277180142656,-15.575739357096852,0.7127455785100846,0.5276330152285349,0.957312981376669,-28.725442148991544,-47.23669847714651,-4.268701862333102,24,650
alpha,player,18,Rodri,Spain,0.3379446713777603,0.05984278330454419,0.95,0.2201989903667927,0.45619764094205867,1.0,0.0,1.000751692301214,5429.923828412476,3116.4516370942583,alpha_1|player_id_sigma,0.2238064787730614,0.010269322064901915,0.20445686044223468,0.24414234882650174,1.0011205461412593,1457.2457413859695,2256.1813268167707,1.4020629270491969,1.2463247125252424,1.5780622036479774,0.8445322664662414,0.7960455903482409,0.8957450085488587,-15.546773353375865,-20.395440965175915,-10.425499145114125,-15.546773353375865,0.7132347491026065,0.6336885819128792,0.8023591203401951,-28.676525089739346,-36.63114180871207,-19.764087965980494,25,649
alpha,player,2083,Joe Rodon,Wales,0.33670694253653094,0.10312883207601752,0.95,0.13432815924356556,0.5316729573683121,0.9985,0.0015,1.0003675936176557,6106.795652429108,2637.542386324558,alpha_1|player_id_sigma,0.2238064787730614,0.010269322064901915,0.20445686044223468,0.24414234882650174,1.0011205461412593,1457.2457413859695,2256.1813268167707,1.4003286268452688,1.1437680961392973,1.7017769287431594,0.845055079196431,0.7665644668832134,0.9350417674498794,-15.494492080356903,-23.343553311678654,-6.4958232550120565,-15.494492080356903,0.7141180868756861,0.5876210818879453,0.8743031068757944,-28.588191312431388,-41.23789181120547,-12.569689312420563,26,648
alpha,player,13961,Akram Afif,Qatar,0.3348542259699689,0.10715559334905393,0.95,0.11652454690693885,0.5430046715499032,0.99775,0.00225,1.00170128672767,7929.474212728594,3326.3374045769424,alpha_1|player_id_sigma,0.2238064787730614,0.010269322064901915,0.20445686044223468,0.24414234882650174,1.0011205461412593,1457.2457413859695,2256.1813268167707,1.3977366166712122,1.1235850906673568,1.7211706530459354,0.8458382656685042,0.762233503060036,0.9434024855589772,-15.416173433149583,-23.776649693996397,-5.6597514441022785,-15.416173433149583,0.7154423716691031,0.5809999131871739,0.8900082497588562,-28.455762833089693,-41.90000868128261,-10.999175024114383,27,647
alpha,player,4608,Niklas Süle,Germany,0.3299878283918223,0.08973949560288363,0.95,0.1461466680648179,0.5032066483301897,0.99975,0.00025,1.0010517817581455,7451.005330595905,2972.7567197700055,alpha_1|player_id_sigma,0.2238064787730614,0.010269322064901915,0.20445686044223468,0.24414234882650174,1.0011205461412593,1457.2457413859695,2256.1813268167707,1.3909511982477671,1.157365924223446,1.6540166256428115,0.8478988642185888,0.7775531134328292,0.9295326611479761,-15.210113578141115,-22.24468865671708,-7.046733885202395,-15.210113578141115,0.718932483943173,0.6045888442090861,0.8640309681408381,-28.1067516056827,-39.54111557909139,-13.596903185916187,28,646
alpha,player,9,Aymeric Laporte,Spain,0.32961481862196396,0.07100840879343011,0.95,0.18811776415418063,0.467584434940018,1.0,0.0,1.0000724779641563,6781.563524525696,3316.4423238048576,alpha_1|player_id_sigma,0.2238064787730614,0.010269322064901915,0.20445686044223468,0.24414234882650174,1.0011205461412593,1457.2457413859695,2256.1813268167707,1.3904324566152877,1.2069756454465284,1.5961339673384487,0.8480570162462959,0.7915262641399734,0.910229164478976,-15.194298375370408,-20.84737358600266,-8.977083552102405,-15.194298375370408,0.7192007028045703,0.626513826823383,0.8285171318680946,-28.079929719542974,-37.348617317661706,-17.148286813190538,29,645
alpha,player,13811,Nathaniel Atkinson,Australia,0.32509110994446433,0.18849507022517953,0.95,-0.049290682212771726,0.6851420464604249,0.95725,0.04275,1.00066630390067,10025.432967594039,3095.70246993622,alpha_1|player_id_sigma,0.2238064787730614,0.010269322064901915,0.20445686044223468,0.24414234882650174,1.0011205461412593,1457.2457413859695,2256.1813268167707,1.3841567506806525,0.9519043878046862,1.9840536433191136,0.8499773686479979,0.7099426951714503,1.0249515478741258,-15.002263135200211,-29.005730482854975,2.495154787412579,-15.002263135200211,0.7224615272137745,0.5040186304273028,1.0505256754895662,-27.753847278622544,-49.59813695726972,5.052567548956621,30,644
alpha,player,3846,Marquinhos,Brazil,0.31705646306848734,0.07779821244826153,0.95,0.1616976089666093,0.47092488585956854,1.0,0.0,1.0011969763611632,6579.7134597086615,3282.540435850677,alpha_1|player_id_sigma,0.2238064787730614,0.010269322064901915,0.20445686044223468,0.24414234882650174,1.0011205461412593,1457.2457413859695,2256.1813268167707,1.3730800980523716,1.1755047254826134,1.6014746897616818,0.8533988706914015,0.7902053402489592,0.9223331335375232,-14.660112930859848,-20.979465975104084,-7.766686646247678,-14.660112930859848,0.7282896324973595,0.6244244797579734,0.8506984092211467,-27.171036750264054,-37.55755202420266,-14.93015907788533,31,643
alpha,player,8583,Theo Hernandez,France,0.3150023569076752,0.0798477061356073,0.95,0.15598951553386506,0.47262242382135766,1.0,0.0,1.0017518758759814,6832.159495730868,3045.2631095750507,alpha_1|player_id_sigma,0.2238064787730614,0.010269322064901915,0.20445686044223468,0.24414234882650174,1.0011205461412593,1457.2457413859695,2256.1813268167707,1.3702625405354896,1.168813948635366,1.604195562581467,0.8542758068832833,0.7895349230225396,0.9249692754353518,-14.57241931167167,-21.04650769774604,-7.503072456464821,-14.57241931167167,0.7297871542260848,0.6233653946722074,0.8555681604993998,-27.021284577391526,-37.66346053277926,-14.443183950060023,32,642
alpha,player,11853,Antonio Silva,Portugal,0.3111974063584091,0.15251034113603376,0.95,0.004113447670049078,0.6055714691754728,0.97575,0.02425,1.0015349038699661,7020.867810482789,2698.2870973174577,alpha_1|player_id_sigma,0.2238064787730614,0.010269322064901915,0.20445686044223468,0.24414234882650174,1.0011205461412593,1457.2457413859695,2256.1813268167707,1.3650586658504817,1.0041219195080873,1.83229901215508,0.85590259245259,0.7387573695659941,0.9979453897721585,-14.409740754740996,-26.124263043400585,-0.20546102278414802,-14.409740754740996,0.7325692477670644,0.5457624510880669,0.9958950009675054,-26.743075223293555,-45.42375489119331,-0.4104999032494616,33,641
alpha,player,8045,Matthijs De Ligt,Netherlands,0.31025238449002346,0.1735909698896129,0.95,-0.03393016647718401,0.6482683974313634,0.96225,0.03775,1.002633272499811,6615.473147915165,3017.8132614443766,alpha_1|player_id_sigma,0.2238064787730614,0.010269322064901915,0.20445686044223468,0.24414234882650174,1.0011205461412593,1457.2457413859695,2256.1813268167707,1.363769264911626,0.9666390060876336,1.9122267437614078,0.8563071113484023,0.7231531896385208,1.0171098075247385,-14.369288865159769,-27.684681036147918,1.7109807524738452,-14.369288865159769,0.733261868945845,0.5229505356843664,1.0345123605630104,-26.6738131054155,-47.70494643156336,3.4512360563010436,34,640
alpha,player,1336,Timothy Weah,United States,0.2990602636075971,0.11742097263640622,0.95,0.06994824711704932,0.5255062707380427,0.9935,0.0065,1.0009774446521535,7487.488213028855,3176.228869281948,alpha_1|player_id_sigma,0.2238064787730614,0.010269322064901915,0.20445686044223468,0.24414234882650174,1.0011205461412593,1457.2457413859695,2256.1813268167707,1.3485908919764424,1.0724526773001055,1.6913148949052599,0.8611124907561641,0.7689316959222761,0.9656304030128913,-13.888750924383586,-23.106830407772392,-3.436959698710873,-13.888750924383586,0.7415147217362849,0.5912559529939075,0.9324420752228388,-25.848527826371516,-40.87440470060925,-6.755792477716116,35,639
alpha,player,1841,Pau Torres,Spain,0.2990418679305488,0.10023816488690551,0.95,0.09699210172412202,0.49390085665955136,0.998,0.002,0.9998545624915529,6783.495779386908,2586.7960827134225,alpha_1|player_id_sigma,0.2238064787730614,0.010269322064901915,0.20445686044223468,0.24414234882650174,1.0011205461412593,1457.2457413859695,2256.1813268167707,1.3485660839621043,1.1018516708581692,1.638696086935752,0.8611204111662305,0.7811794169400191,0.9526611014885051,-13.88795888337695,-21.882058305998086,-4.7338898511494865,-13.88795888337695,0.7415283625270979,0.6102412814507482,0.9075631742892918,-25.847163747290214,-38.97587185492518,-9.24368257107082,36,638
alpha,player,5097,Ibrahima Konaté,France,0.29829439337247315,0.09173945310904316,0.95,0.10930325649751607,0.47153893791151236,0.99925,0.00075,1.0009307986235332,5693.517847685216,3280.614772413316,alpha_1|player_id_sigma,0.2238064787730614,0.010269322064901915,0.20445686044223468,0.24414234882650174,1.0011205461412593,1457.2457413859695,2256.1813268167707,1.3475584417648276,1.1155005818528339,1.6024583805688362,0.861442304113574,0.789962763884175,0.9468149340827513,-13.855769588642596,-21.003723611582505,-5.318506591724869,-13.855769588642596,0.7420828433165033,0.6240411683235247,0.8964585194021247,-25.791715668349667,-37.59588316764753,-10.354148059787526,37,637
alpha,player,3460,Romario Ibarra,Ecuador,0.29568263752005053,0.20116313246988743,0.95,-0.08692104433220176,0.6869685835275405,0.93575,0.06425,1.0008931312628857,8409.14450592059,2998.6877698629314,alpha_1|player_id_sigma,0.2238064787730614,0.010269322064901915,0.20445686044223468,0.24414234882650174,1.0011205461412593,1457.2457413859695,2256.1813268167707,1.3440435401485076,0.9167494753427499,1.9876809024950006,0.8625679774392254,0.7092946228244063,1.0444187621077408,-13.743202256077458,-29.070537717559375,4.441876210774076,-13.743202256077458,0.7440235157035961,0.5030988619676167,1.0908105506426657,-25.597648429640387,-49.69011380323833,9.081055064266575,38,636
alpha,player,13865,Badr Benoun,Morocco,0.29244600107136626,0.20618617986373752,0.95,-0.11639668675305068,0.7031441925928883,0.918,0.082,1.0012118006163093,7401.000927917761,2773.301505941141,alpha_1|player_id_sigma,0.2238064787730614,0.010269322064901915,0.20445686044223468,0.24414234882650174,1.0011205461412593,1457.2457413859695,2256.1813268167707,1.3397003922247808,0.8901220536259671,2.0200942981841035,0.8639650170392732,0.703581122540207,1.0599252040067138,-13.60349829607268,-29.6418877459793,5.992520400671375,-13.60349829607268,0.7464355506676716,0.4950263959949378,1.1234414380886737,-25.356444933232837,-50.49736040050622,12.344143808867369,39,635
alpha,player,13820,Aziz Behich,Australia,0.2900751897750624,0.10308983403767433,0.95,0.09066999109410478,0.49008341706388187,0.99725,0.00275,1.0013840869709534,7614.541135012735,3251.6609544477933,alpha_1|player_id_sigma,0.2238064787730614,0.010269322064901915,0.20445686044223468,0.24414234882650174,1.0011205461412593,1457.2457413859695,2256.1813268167707,1.3365279774855265,1.0949076163664353,1.6324523886610922,0.8649897733062129,0.7826718934654222,0.9556772805696857,-13.501022669378715,-21.73281065345778,-4.432271943031429,-13.501022669378715,0.7482073079243334,0.6125752928207492,0.9133190645970698,-25.179269207566655,-38.74247071792508,-8.66809354029302,40,634
alpha,player,4915,Hee-chan Hwang,South Korea,0.2817195351936484,0.14201453184802748,0.95,0.0023945261355378636,0.5536114971803398,0.97675,0.02325,1.0001339658765032,7877.988924000645,3091.557934624012,alpha_1|player_id_sigma,0.2238064787730614,0.010269322064901915,0.20445686044223468,0.24414234882650174,1.0011205461412593,1457.2457413859695,2256.1813268167707,1.325406937853165,1.0023973953028864,1.739523973207044,0.8686111105808552,0.7582017645682927,0.9988034533657095,-13.138888941914484,-24.17982354317073,-0.1196546634290474,-13.138888941914484,0.7544852614245067,0.5748699157944728,0.997608338455267,-24.551473857549333,-42.51300842055272,-0.23916615447330258,41,633
alpha,player,1168,Nouhou Tolo,Cameroon,0.2812046171383658,0.13309066668656902,0.95,0.01726733005734865,0.5357713507137702,0.981,0.019,1.0013984691458555,8813.459558058817,2877.887258365888,alpha_1|player_id_sigma,0.2238064787730614,0.010269322064901915,0.20445686044223468,0.24414234882650174,1.0011205461412593,1457.2457413859695,2256.1813268167707,1.3247246375697106,1.017417272191157,1.7087657917556478,0.8688347711432638,0.7649952339108647,0.9914034980292042,-13.116522885673621,-23.500476608913534,-0.8596501970795756,-13.116522885673621,0.7548738595475676,0.5852177079063385,0.9828808959045424,-24.512614045243243,-41.47822920936615,-1.7119104095457582,42,632
alpha,player,70,Cameron Carter-Vickers,United States,0.2777397150426854,0.16560274073673192,0.95,-0.054741769598515955,0.5940581827903061,0.95375,0.04625,1.0008839812085157,9854.65070502944,2785.588953624387,alpha_1|player_id_sigma,0.2238064787730614,0.010269322064901915,0.20445686044223468,0.24414234882650174,1.0011205461412593,1457.2457413859695,2256.1813268167707,1.32014253924206,0.9467295907531614,1.8113242050591505,0.8703412894607462,0.7430223964893796,1.0277489085335814,-12.965871053925381,-25.697760351062037,2.7748908533581362,-12.965871053925381,0.7574939601401943,0.5520822816848208,1.0562678189919679,-24.250603985980568,-44.79177183151792,5.626781899196787,43,631
alpha,player,158,Mattéo Guendouzi,France,0.27640276985499124,0.185823932946894,0.95,-0.09296797361635938,0.6362851338753814,0.9335,0.0665,1.004556544856612,8005.543071823512,2689.76837882387,alpha_1|player_id_sigma,0.2238064787730614,0.010269322064901915,0.20445686044223468,0.24414234882650174,1.0011205461412593,1457.2457413859695,2256.1813268167707,1.3183787603277342,0.9112226829960576,1.8894487764777748,0.8709232832618248,0.7274990637072286,1.0475813038138562,-12.907671673817521,-27.25009362927714,4.758130381385617,-12.907671673817521,0.7585073653275568,0.5292548876948943,1.0974265881003387,-24.14926346724432,-47.07451123051057,9.742658810033866,44,630
alpha,player,1895,William Saliba,France,0.27608352225478805,0.17245097899753933,0.95,-0.059441685849061,0.6142046065706925,0.944,0.056,1.0013198139730963,8170.623173617449,3008.267230336389,alpha_1|player_id_sigma,0.2238064787730614,0.010269322064901915,0.20445686044223468,0.24414234882650174,1.0011205461412593,1457.2457413859695,2256.1813268167707,1.3179579382491342,0.942290480858442,1.8481859797907456,0.8710623144419435,0.7355753452834279,1.0301669154266553,-12.893768555805652,-26.442465471657208,3.0166915426655283,-12.893768555805652,0.7587495556409553,0.5410710885888342,1.0612438736396697,-24.125044435904474,-45.89289114111658,6.1243873639669655,45,629
alpha,player,11241,Andries Noppert,Netherlands,0.2746011702539305,0.11799472860424727,0.95,0.034461067420320075,0.4974521130840309,0.988,0.012,1.0003400965216709,6819.519701824876,3099.457379978818,alpha_1|player_id_sigma,0.2238064787730614,0.010269322064901915,0.20445686044223468,0.24414234882650174,1.0011205461412593,1457.2457413859695,2256.1813268167707,1.316005707966038,1.0350617299683833,1.6445258623290997,0.8717081642389045,0.7797935634728528,0.9829170629966375,-12.829183576109548,-22.02064365271472,-1.7082937003362497,-12.829183576109548,0.7598751236007608,0.6080780016336902,0.966125952729936,-24.01248763992392,-39.192199836630984,-3.3874047270064045,46,628
alpha,player,1383,Koke,Spain,0.2716461802521626,0.15094336288052293,0.95,-0.030627474546039913,0.5586683040975863,0.96225,0.03775,1.0019027345310567,8370.800618750396,2703.6555877580636,alpha_1|player_id_sigma,0.2238064787730614,0.010269322064901915,0.20445686044223468,0.24414234882650174,1.0011205461412593,1457.2457413859695,2256.1813268167707,1.312122664259943,0.9698367946819333,1.7483426885456792,0.8729970606283124,0.756287146088402,1.0154315933849793,-12.70029393716876,-24.3712853911598,1.5431593384979347,-12.70029393716876,0.7621238678656733,0.57197024733854,1.0311013208443582,-23.787613213432667,-42.80297526614601,3.110132084435824,47,627
alpha,player,13798,Yuto Nagatomo,Japan,0.26884890516575866,0.13447619472051606,0.95,0.006252748737499688,0.5236354708165086,0.97775,0.02225,1.0005506528168921,8977.024747812058,3153.773317069303,alpha_1|player_id_sigma,0.2238064787730614,0.010269322064901915,0.20445686044223468,0.24414234882650174,1.0011205461412593,1457.2457413859695,2256.1813268167707,1.3084574249521674,1.0062723379784708,1.6881537409977976,0.8742189213633781,0.7696512911026571,0.9968785076505984,-12.578107863662192,-23.034870889734293,-0.3121492349401622,-12.578107863662192,0.7642587224697482,0.5923631098959871,0.993766759015684,-23.574127753025177,-40.76368901040129,-0.6233240984315991,48,626
alpha,player,4713,Jonas Hofmann,Germany,0.2605585624111385,0.19820259783550473,0.95,-0.13282201388030976,0.6523176536684991,0.908,0.092,1.0003255301972886,8779.862657091904,2918.5192907000874,alpha_1|player_id_sigma,0.2238064787730614,0.010269322064901915,0.20445686044223468,0.24414234882650174,1.0011205461412593,1457.2457413859695,2256.1813268167707,1.2976547054156162,0.8756209266112176,1.9199855379017803,0.8778502296116614,0.7216905545024848,1.0686658559987796,-12.214977038833863,-27.830944549751525,6.866585599877961,-12.214977038833863,0.7706210256292465,0.5208372564581039,1.1420467117776043,-22.93789743707535,-47.91627435418961,14.204671177760432,49,625
alpha,player,213,Daniel Amartey,Ghana,0.2593122817378331,0.10920387164364286,0.95,0.042224280224487064,0.4689995027687276,0.98875,0.01125,1.000574862550891,7677.831671628764,2650.711337482942,alpha_1|player_id_sigma,0.2238064787730614,0.010269322064901915,0.20445686044223468,0.24414234882650174,1.0011205461412593,1457.2457413859695,2256.1813268167707,1.296038470785821,1.0431284055901753,1.598394203982859,0.8783974239710044,0.7909664305379763,0.979109161001669,-12.16025760289956,-20.90335694620237,-2.0890838998330996,-12.16025760289956,0.7715820344388964,0.6256278942379873,0.9586547491573922,-22.84179655611036,-37.437210576201274,-4.134525084260776,50,624
alpha,player,4691,Yann Sommer,Switzerland,0.25892596618387936,0.12675664862002137,0.95,0.01725715507444812,0.5096301386414113,0.9805,0.0195,0.9995543294275494,7690.532234762105,2928.933751663417,alpha_1|player_id_sigma,0.2238064787730614,0.010269322064901915,0.20445686044223468,0.24414234882650174,1.0011205461412593,1457.2457413859695,2256.1813268167707,1.2955378876637826,1.0174069200404763,1.6646753819718094,0.8785671096522477,0.7750598170470848,0.9914085417988543,-12.14328903477523,-22.494018295291518,-0.8591458201145707,-12.14328903477523,0.7718801661627046,0.6007177200010606,0.9828908967517307,-22.81198338372954,-39.92822799989394,-1.7109103248269308,51,623
alpha,player,90,Antonio Rüdiger,Germany,0.25887545133332035,0.09020477547462874,0.95,0.0797271433565521,0.43346885092948756,0.998,0.002,1.0003678532853046,7205.957517633887,3013.9601572078086,alpha_1|player_id_sigma,0.2238064787730614,0.010269322064901915,0.20445686044223468,0.24414234882650174,1.0011205461412593,1457.2457413859695,2256.1813268167707,1.2954724454139106,1.082991525923881,1.542599300294887,0.8785893002756107,0.8051437665958149,0.9609205269848801,-12.141069972438935,-19.485623340418513,-3.9079473015119937,-12.141069972438935,0.7719191585587871,0.6482564848880961,0.9233682591808996,-22.80808414412129,-35.174351511190395,-7.66317408191004,52,622
alpha,player,13955,Ali Asad,Qatar,0.2584284374064951,0.19842184366863885,0.95,-0.12394890696780726,0.644162285247629,0.899,0.101,1.0030417498238946,7895.801468832142,3288.3688197030015,alpha_1|player_id_sigma,0.2238064787730614,0.010269322064901915,0.20445686044223468,0.24414234882650174,1.0011205461412593,1457.2457413859695,2256.1813268167707,1.2948934806013002,0.8834249765904498,1.9043910244114173,0.8787856930489607,0.7246393888029533,1.0639351645440491,-12.12143069510393,-27.53606111970467,6.393516454404913,-12.12143069510393,0.7722642943075421,0.5251022438047177,1.1319580343533728,-22.773570569245795,-47.48977561952823,13.195803435337282,53,621
alpha,player,4408,Salis Abdul Samed,Ghana,0.2574927862555194,0.10798763823488497,0.95,0.0416648718783626,0.46815400237061106,0.99175,0.00825,0.9996504868272394,8432.742697549327,3141.4758510100687,alpha_1|player_id_sigma,0.2238064787730614,0.010269322064901915,0.20445686044223468,0.24414234882650174,1.0011205461412593,1457.2457413859695,2256.1813268167707,1.2936824786518155,1.0425450340406788,1.5970433322088307,0.8791969076523961,0.7913008824437585,0.9793830602234767,-12.080309234760389,-20.86991175562415,-2.0616939776523346,-12.080309234760389,0.772987202425536,0.6261570865562709,0.9591911786527021,-22.7012797574464,-37.38429134437291,-4.080882134729791,54,620
alpha,player,2144,Iliman Ndiaye,Senegal,0.2574417364873307,0.17504053783732537,0.95,-0.09221760202001747,0.5887039473115482,0.92775,0.07225,1.0007037398899992,6875.524334863721,3161.852598769724,alpha_1|player_id_sigma,0.2238064787730614,0.010269322064901915,0.20445686044223468,0.24414234882650174,1.0011205461412593,1457.2457413859695,2256.1813268167707,1.2936164381468611,0.9119066952148956,1.8016518658348848,0.8792193493379695,0.7450142199110755,1.0471883399080837,-12.078065066203047,-25.498578008892448,4.718833990808369,-12.078065066203047,0.7730266642502825,0.5550461878697084,1.0966034192394483,-22.697333574971744,-44.49538121302916,9.660341923944827,55,619
alpha,player,1550,Nemanja Maksimovic,Serbia,0.2506087695743374,0.15209992274775758,0.95,-0.048497379055077484,0.5452951417419329,0.9465,0.0535,1.0028139856739342,8212.849836592408,2812.2059909498003,alpha_1|player_id_sigma,0.2238064787730614,0.010269322064901915,0.20445686044223468,0.24414234882650174,1.0011205461412593,1457.2457413859695,2256.1813268167707,1.284807330272549,0.9526598361715233,1.7251174614201046,0.8822283248302901,0.7613610661690013,1.024545079842842,-11.777167516970987,-23.863893383099864,2.4545079842841933,-11.777167516970987,0.7783268171328598,0.5796706730779985,1.0496926206301755,-22.16731828671402,-42.032932692200156,4.969262063017554,56,618
alpha,player,1926,Thiago Silva,Brazil,0.2489504379347415,0.08084059267359486,0.95,0.08879522569533484,0.4069473756233892,0.9985,0.0015,1.0014833651204684,6317.3862777846825,3142.8652741258857,alpha_1|player_id_sigma,0.2238064787730614,0.010269322064901915,0.20445686044223468,0.24414234882650174,1.0011205461412593,1457.2457413859695,2256.1813268167707,1.282678459300895,1.0928568444112348,1.5022250499250578,0.882960141759361,0.8158916719355512,0.9565735359201896,-11.703985824063901,-18.410832806444876,-4.342646407981043,-11.703985824063901,0.7796186119357108,0.6656792203337892,0.9150329296228543,-22.03813880642892,-33.43207796662108,-8.496707037714568,57,617
alpha,player,10,John Stones,England,0.24843652116667064,0.06914302263196018,0.95,0.10944672670555859,0.3794838719115066,1.0,0.0,1.0016140357423096,5562.410409870337,3124.2690317655506,alpha_1|player_id_sigma,0.2238064787730614,0.010269322064901915,0.20445686044223468,0.24414234882650174,1.0011205461412593,1457.2457413859695,2256.1813268167707,1.2820194386879935,1.115660634434498,1.461530058018425,0.8831870549229265,0.8271725699007831,0.9467470166510271,-11.681294507707351,-17.282743009921685,-5.325298334897289,-11.681294507707351,0.7800193739834324,0.684214460396266,0.8963299135376203,-21.998062601656766,-31.5785539603734,-10.367008646237974,58,616
alpha,player,4020,Kamaldeen Sulemana,Ghana,0.24354833156451525,0.19246015564869834,0.95,-0.13476015407194022,0.6137258107148893,0.89275,0.10725,1.0002625607795221,6873.976803947982,3009.347463796911,alpha_1|player_id_sigma,0.2238064787730614,0.010269322064901915,0.20445686044223468,0.24414234882650174,1.0011205461412593,1457.2457413859695,2256.1813268167707,1.2757679762128782,0.8739254940244642,1.8473012878131954,0.8853482878654806,0.7357514615770011,1.0697019700747459,-11.465171213451942,-26.42485384229989,6.970197007474588,-11.465171213451942,0.783841590826338,0.5413302132126933,1.1442623047817926,-21.615840917366203,-45.866978678730675,14.426230478179258,59,615
alpha,player,1339,Tyler Adams,United States,0.242038644359264,0.0873406082804884,0.95,0.06659038297376785,0.4047500937986042,0.99425,0.00575,1.000340525509702,7181.618804930613,2823.313893471772,alpha_1|player_id_sigma,0.2238064787730614,0.010269322064901915,0.20445686044223468,0.24414234882650174,1.0011205461412593,1457.2457413859695,2256.1813268167707,1.2738434187277563,1.0688575662348831,1.4989278618783863,0.8860168396509461,0.8167885364822514,0.967252992593556,-11.398316034905386,-18.321146351774864,-3.2747007406443984,-11.398316034905386,0.7850258401450504,0.667143513328818,0.9355783516811897,-21.49741598549496,-33.285648667118195,-6.442164831881025,60,614
alpha,player,1695,Vinícius Junior,Brazil,0.24107353943943116,0.11311635699736408,0.95,0.01546220251923329,0.4564077266441773,0.98225,0.01775,1.0007397664323898,7737.703817432461,3177.0913033826528,alpha_1|player_id_sigma,0.2238064787730614,0.010269322064901915,0.20445686044223468,0.24414234882650174,1.0011205461412593,1457.2457413859695,2256.1813268167707,1.2726146192328425,1.0155823608780936,1.578393766781135,0.886444492430599,0.7959619758414874,0.9922987068377893,-11.355550756940103,-20.403802415851256,-0.7701293162210687,-11.355550756940103,0.7857838381605422,0.6335554669854846,0.9846567235919489,-21.42161618394578,-36.64445330145154,-1.534327640805111,61,613
alpha,player,1381,Marcos Llorente,Spain,0.2397414022268597,0.12675210385996022,0.95,-0.014917702093694243,0.48121522849160514,0.9685,0.0315,1.003501861625329,8694.25396785193,2889.842380948658,alpha_1|player_id_sigma,0.2238064787730614,0.010269322064901915,0.20445686044223468,0.24414234882650174,1.0011205461412593,1457.2457413859695,2256.1813268167707,1.2709204506243617,0.985193015589315,1.6180394956279232,0.8870351219562784,0.7861500399521829,1.0074867375669994,-11.296487804372157,-21.38499600478171,0.7486737566999357,-11.296487804372157,0.7868313075839898,0.6180318853168189,1.015029526373396,-21.316869241601022,-38.19681146831812,1.502952637339594,62,612
alpha,player,1696,Marco Asensio,Spain,0.2380891137123442,0.11867200764782548,0.95,-0.004488503393792882,0.46847978817506625,0.97325,0.02675,1.0001817013627172,9013.799199927358,3153.294949100894,alpha_1|player_id_sigma,0.2238064787730614,0.010269322064901915,0.20445686044223468,0.24414234882650174,1.0011205461412593,1457.2457413859695,2256.1813268167707,1.2688222572486891,0.995521554883068,1.5975637110169758,0.8877682437187383,0.7911719956441393,1.0022467719147177,-11.22317562812617,-20.88280043558607,0.22467719147176712,-11.22317562812617,0.7881324545554532,0.6259531266915301,1.0044985918134721,-21.18675454445468,-37.40468733084698,0.4498591813472119,63,611
alpha,player,3367,Henry Martín,Mexico,0.23580777345914894,0.19769694833601006,0.95,-0.15675398783602987,0.612500464935016,0.88525,0.11475,0.9999291578754655,9292.628564329154,2994.3914876621097,alpha_1|player_id_sigma,0.2238064787730614,0.010269322064901915,0.20445686044223468,0.24414234882650174,1.0011205461412593,1457.2457413859695,2256.1813268167707,1.265930941250854,0.854914352279063,1.8450390912455799,0.8887814722035606,0.7362023746682491,1.0815303121736475,-11.121852779643937,-26.37976253317509,8.153031217364749,-11.121852779643937,0.7899325053323287,0.541993936467169,1.1697078161504275,-21.006749466767126,-45.8006063532831,16.970781615042753,64,610
alpha,player,4152,Pape Sarr,Senegal,0.23498006279247713,0.1699410544570634,0.95,-0.11611666533699387,0.568364457608498,0.92025,0.07975,1.0032416932950423,7989.863587429369,2418.2383027046794,alpha_1|player_id_sigma,0.2238064787730614,0.010269322064901915,0.20445686044223468,0.24414234882650174,1.0011205461412593,1457.2457413859695,2256.1813268167707,1.2648835502356661,0.8903713417652667,1.7653773394789842,0.8891493752800763,0.7526294814385815,1.0597768135168149,-11.08506247199237,-24.737051856141846,5.977681351681485,-11.08506247199237,0.7905866115609501,0.5664511363305083,1.1231268944678536,-20.941338843904987,-43.354886366949174,12.312689446785363,65,609
alpha,player,11967,Victor Nelsson,Denmark,0.2320549680279074,0.1458769978978319,0.95,-0.06254573134467696,0.5102374939494646,0.94225,0.05775,1.0022519767910087,7324.410285383845,2997.348179990854,alpha_1|player_id_sigma,0.2238064787730614,0.010269322064901915,0.20445686044223468,0.24414234882650174,1.0011205461412593,1457.2457413859695,2256.1813268167707,1.2611890519980398,0.9393701031732148,1.6656867384965235,0.8904507498003266,0.77482448443455,1.0317669992755159,-10.954925019967343,-22.517551556545,3.176699927551585,-10.954925019967343,0.7929025378199638,0.6003529816792662,1.0645431407940023,-20.709746218003623,-39.96470183207338,6.454314079400225,66,608
alpha,player,8054,Adrien Rabiot,France,0.2315664077431386,0.08122319776079288,0.95,0.07678748397890227,0.39117996383441755,0.99775,0.00225,0.999862870358721,7925.952154230175,3293.706607179106,alpha_1|player_id_sigma,0.2238064787730614,0.010269322064901915,0.20445686044223468,0.24414234882650174,1.0011205461412593,1457.2457413859695,2256.1813268167707,1.2605730356084728,1.0798125745351819,1.4787246064190889,0.8906682958062769,0.8223493436643475,0.9623339549988086,-10.933170419372306,-17.765065633565246,-3.7666045001191417,-10.933170419372306,0.7932900131544577,0.6762584430251832,0.9260866409436489,-20.67099868455423,-32.374155697481676,-7.39133590563511,67,607
alpha,player,2088,Maya Yoshida,Japan,0.22448983997530397,0.08933901885170313,0.95,0.04682376380809455,0.39105231582133154,0.99275,0.00725,1.0002502031143072,7154.758594007438,3222.911114721803,alpha_1|player_id_sigma,0.2238064787730614,0.010269322064901915,0.20445686044223468,0.24414234882650174,1.0011205461412593,1457.2457413859695,2256.1813268167707,1.2516839941431255,1.0479373083240802,1.4785358622078462,0.893825315004641,0.8224018309691955,0.9768600499240059,-10.617468499535898,-17.75981690308045,-2.313995007599412,-10.617468499535898,0.7989236937431459,0.6763447715814852,0.9542555571375313,-20.107630625685413,-32.36552284185148,-4.57444428624687,68,606
alpha,player,3299,César Montes,Mexico,0.22163229394473433,0.10154922891762388,0.95,0.023064678971642213,0.41765929404170105,0.98525,0.01475,1.0014352946121825,8442.604591044803,3088.840772578053,alpha_1|player_id_sigma,0.2238064787730614,0.010269322064901915,0.20445686044223468,0.24414234882650174,1.0011205461412593,1457.2457413859695,2256.1813268167707,1.2481123550061255,1.0233327255151083,1.51840325722685,0.8951033012538255,0.8115334710131402,0.9885339030528407,-10.489669874617446,-18.846652898685978,-1.1466096947159277,-10.489669874617446,0.8012099199154968,0.6585865745746353,0.977199277484883,-19.879008008450317,-34.14134254253647,-2.2800722515117,69,605
alpha,player,1530,Pedri,Spain,0.2196948611024264,0.06831972285688227,0.95,0.0832823557340124,0.3488098314233157,0.9985,0.0015,0.9995006252878091,7382.401446294115,3304.2914621505715,alpha_1|player_id_sigma,0.2238064787730614,0.010269322064901915,0.20445686044223468,0.24414234882650174,1.0011205461412593,1457.2457413859695,2256.1813268167707,1.2456965621125617,1.0868486431743454,1.417379623645591,0.8959708226436464,0.8399567171189827,0.9592139060086321,-10.402917735635365,-16.004328288101732,-4.0786093991367895,-10.402917735635365,0.8027637150287323,0.7055272866332988,0.9200913174803369,-19.723628497126768,-29.447271336670124,-7.99086825196631,70,604
alpha,player,1534,Antoine Griezmann,France,0.21953827225463104,0.07982748211546328,0.95,0.05941655406404241,0.36925461341186205,0.996,0.004,1.0009323613534524,6970.44611158472,3229.2194768456548,alpha_1|player_id_sigma,0.2238064787730614,0.010269322064901915,0.20445686044223468,0.24414234882650174,1.0011205461412593,1457.2457413859695,2256.1813268167707,1.2455015151946824,1.0612172030219265,1.4466558947799828,0.896040974909264,0.8314140885728742,0.9707286760974011,-10.395902509073595,-16.858591142712577,-2.92713239025989,-10.395902509073595,0.8028894287163444,0.6912493866774633,0.942314162597813,-19.71105712836556,-30.875061332253672,-5.768583740218702,71,603
alpha,player,92,Andreas Christensen,Denmark,0.2169997477171794,0.08706918877340278,0.95,0.044264645809500645,0.38844647899539686,0.99325,0.00675,1.0014191150772092,7654.111916108871,3043.332350641802,alpha_1|player_id_sigma,0.2238064787730614,0.010269322064901915,0.20445686044223468,0.24414234882650174,1.0011205461412593,1457.2457413859695,2256.1813268167707,1.2423437887157294,1.0452589416868214,1.4746880545664067,0.8971790079883892,0.823474051814081,0.9781108000255626,-10.282099201161078,-17.652594818591904,-2.188919997443739,-10.282099201161078,0.8049301723750302,0.6781095140110996,0.956700737126646,-19.506982762496982,-32.18904859889003,-4.329926287335395,72,602
alpha,player,1876,William Carvalho,Portugal,0.21643825573174888,0.10236008947523907,0.95,0.009496698001837061,0.41322659773336967,0.98,0.02,1.0006472552674073,8287.965407583943,2665.077164400062,alpha_1|player_id_sigma,0.2238064787730614,0.010269322064901915,0.20445686044223468,0.24414234882650174,1.0011205461412593,1457.2457413859695,2256.1813268167707,1.241646418437449,1.0095419347247392,1.5116875320953043,0.8974309227600069,0.8133341064040364,0.9952629065859999,-10.256907723999309,-18.666589359596365,-0.4737093414000082,-10.256907723999309,0.8053822611258774,0.6615123686400525,0.9905482532260128,-19.46177388741226,-33.84876313599475,-0.9451746773987191,73,601
alpha,player,4703,Denis Zakaria,Switzerland,0.21600903913444983,0.18244946897939765,0.95,-0.15657758489633086,0.5722431337942763,0.88375,0.11625,1.000432946680588,8484.94205517866,3194.645966488487,alpha_1|player_id_sigma,0.2238064787730614,0.010269322064901915,0.20445686044223468,0.24414234882650174,1.0011205461412593,1457.2457413859695,2256.1813268167707,1.2411135975426444,0.8550651749863892,1.7722379629920473,0.8976235395513376,0.7511712928327757,1.0814349238171854,-10.237646044866244,-24.882870716722426,8.143492381718541,-10.237646044866244,0.8057280187566717,0.5642583111760637,1.1695014944514817,-19.427198124332833,-43.57416888239363,16.950149445148167,74,600
alpha,player,4498,Amadou Onana,Belgium,0.2119636399971452,0.14602854422029343,0.95,-0.0764366014418743,0.4938990800746791,0.92725,0.07275,1.000882335004687,9218.722527362967,2733.1159134964587,alpha_1|player_id_sigma,0.2238064787730614,0.010269322064901915,0.20445686044223468,0.24414234882650174,1.0011205461412593,1457.2457413859695,2256.1813268167707,1.2361029395549878,0.9264116455896237,1.63869317565566,0.8994409997659464,0.7811801108560946,1.038958013407771,-10.055900023405362,-21.881988914390536,3.895801340777094,-10.055900023405362,0.8089941120599651,0.6102423655971403,1.079433753624222,-19.100588794003492,-38.975763440285974,7.9433753624222,75,599
alpha,player,1363,Inaki Williams,Ghana,0.20719461980293968,0.15928687336336947,0.95,-0.10855700734262072,0.514197779805381,0.9025,0.0975,1.0006950502572958,9517.760764611956,3131.4033467725644,alpha_1|player_id_sigma,0.2238064787730614,0.010269322064901915,0.20445686044223468,0.24414234882650174,1.0011205461412593,1457.2457413859695,2256.1813268167707,1.2302219740419467,0.897127750490137,1.672296413590003,0.9015882850058692,0.7732917392393874,1.0557785994295517,-9.841171499413083,-22.670826076061257,5.577859942955166,-9.841171499413083,0.8128614356598244,0.5979801139758768,1.1146684510134257,-18.71385643401756,-40.20198860241232,11.466845101342571,76,598
alpha,player,6967,Riley McGree,Australia,0.2061844870209064,0.1381149091494352,0.95,-0.06956530675102392,0.4745693950501078,0.92975,0.07025,1.0018483305776917,9119.554414310309,2977.88421432497,alpha_1|player_id_sigma,0.2238064787730614,0.010269322064901915,0.20445686044223468,0.24414234882650174,1.0011205461412593,1457.2457413859695,2256.1813268167707,1.228979913925223,0.9327992133093527,1.6073219276709498,0.9020437619605284,0.7887666961225174,1.0353946448109974,-9.795623803947162,-21.12333038774826,3.539464481099741,-9.795623803947162,0.8136829484919025,0.6221529009120316,1.0720420705032916,-18.63170515080975,-37.78470990879684,7.204207050329159,77,597
alpha,player,13954,Abdulaziz Hatem,Qatar,0.20570045108309767,0.13289254293133992,0.95,-0.05415514032320648,0.4599048605044353,0.93925,0.06075,1.0023560174523365,7923.901757337411,2665.0797779772106,alpha_1|player_id_sigma,0.2238064787730614,0.010269322064901915,0.20445686044223468,0.24414234882650174,1.0011205461412593,1457.2457413859695,2256.1813268167707,1.228385187426149,0.947285132979634,1.5839232841635265,0.9022620991793604,0.7945713991653914,1.0274474989409585,-9.773790082063961,-20.542860083460855,2.744749894095855,-9.773790082063961,0.8140768956155459,0.6313437083716478,1.0556483630800308,-18.592310438445413,-36.86562916283522,5.564836308003085,78,596
alpha,player,4661,Manuel Akanji,Switzerland,0.20410847257813633,0.08735878962105124,0.95,0.03062616966967157,0.37303645213731823,0.98975,0.01025,1.0008778090684343,6330.3491120647695,3056.21279474617,alpha_1|player_id_sigma,0.2238064787730614,0.010269322064901915,0.20445686044223468,0.24414234882650174,1.0011205461412593,1457.2457413859695,2256.1813268167707,1.2264311803932368,1.031099975385489,1.4521372723752748,0.902980576025216,0.8298434370300528,0.9848035642704963,-9.701942397478403,-17.01565629699472,-1.5196435729503688,-9.701942397478403,0.8153739206788309,0.6886401299818512,0.9698380601998735,-18.462607932116914,-31.13598700181488,-3.016193980012649,79,595
alpha,player,1789,Jules Kounde,France,0.19952769856342115,0.08342434787149411,0.95,0.03391417971588886,0.359835582013976,0.9915,0.0085,1.0027172693078943,8227.171917371714,3262.6799160589276,alpha_1|player_id_sigma,0.2238064787730614,0.010269322064901915,0.20445686044223468,0.24414234882650174,1.0011205461412593,1457.2457413859695,2256.1813268167707,1.2208260240897353,1.034495822193043,1.433093768797421,0.9050511212742574,0.8353388809568335,0.9831858723752128,-9.494887872574264,-16.466111904316648,-1.6814127624787178,-9.494887872574264,0.8191175321197905,0.6977910460382148,0.9666544596382083,-18.088246788020946,-30.220895396178516,-3.3345540361791715,80,594
alpha,player,1513,Jordi Alba,Spain,0.19866023733097557,0.07527852589968613,0.95,0.05074269388446928,0.3398556937239935,0.9955,0.0045,1.0000428339688903,6354.149946380949,3124.1066649846875,alpha_1|player_id_sigma,0.2238064787730614,0.010269322064901915,0.20445686044223468,0.24414234882650174,1.0011205461412593,1457.2457413859695,2256.1813268167707,1.2197674640385596,1.0520521589995362,1.4047448624366377,0.9054437547972355,0.8437256918564682,0.9749478009133586,-9.455624520276452,-15.627430814353183,-2.505219908664136,-9.455624520276452,0.8198283931013163,0.7118730430986758,0.950523214505794,-18.017160689868373,-28.81269569013242,-4.947678549420598,81,593
alpha,player,1529,Ansu Fati,Spain,0.19798121490754483,0.17690463605148207,0.95,-0.15096685018957512,0.5420632281933733,0.86925,0.13075,1.000716036921142,9048.040610127895,3114.173489283525,alpha_1|player_id_sigma,0.2238064787730614,0.010269322064901915,0.20445686044223468,0.24414234882650174,1.0011205461412593,1457.2457413859695,2256.1813268167707,1.2189394957154476,0.8598762029198631,1.71955103088006,0.9057512152937564,0.7625923873545082,1.0784053531034086,-9.424878470624364,-23.74076126454918,7.840535310340857,-9.424878470624364,0.8203852640061164,0.5815471492510482,1.1629581056020872,-17.961473599388356,-41.84528507489518,16.29581056020872,82,592
alpha,player,2005,Kalvin Phillips,England,0.19776387354300182,0.20560881394251035,0.95,-0.20707202375987885,0.597174631177685,0.832,0.168,1.0031170569761936,8628.753876104476,2379.1155893810233,alpha_1|player_id_sigma,0.2238064787730614,0.010269322064901915,0.20445686044223468,0.24414234882650174,1.0011205461412593,1457.2457413859695,2256.1813268167707,1.218674598529754,0.8129610953642109,1.81697790861885,0.905849649244636,0.7418655025988259,1.1090857329081705,-9.415035075536405,-25.813449740117413,10.908573290817047,-9.415035075536405,0.82056358703663,0.5503644239462084,1.2300711629404537,-17.943641296337,-44.96355760537916,23.00711629404537,83,591
alpha,player,13848,Kamil Glik,Poland,0.19521390781547904,0.11072521146859825,0.95,-0.02151633507296662,0.40693305025647925,0.9615,0.0385,1.0011273564920529,8342.822204285956,2783.1504651880205,alpha_1|player_id_sigma,0.2238064787730614,0.010269322064901915,0.20445686044223468,0.24414234882650174,1.0011205461412593,1457.2457413859695,2256.1813268167707,1.2155709788141822,0.9787134899822972,1.502203530154176,0.9070053286037023,0.8158975159302602,1.0108162447019646,-9.299467139629769,-18.410248406973984,1.0816244701964628,-9.299467139629769,0.82265866611551,0.6656887565011692,1.0217494805533822,-17.734133388449003,-33.43112434988308,2.1749480553382217,84,590
alpha,player,4897,Lukas Klostermann,Germany,0.19457944575249922,0.16453148142046156,0.95,-0.1296022070109902,0.507794828305232,0.88,0.12,1.0004077664042734,8575.055201682793,2901.178093179937,alpha_1|player_id_sigma,0.2238064787730614,0.010269322064901915,0.20445686044223468,0.24414234882650174,1.0011205461412593,1457.2457413859695,2256.1813268167707,1.2147999897507842,0.8784448006104627,1.6616229879388507,0.9072931044829683,0.7757713811290718,1.066946791302071,-9.270689551703171,-22.422861887092814,6.694679130207093,-9.270689551703171,0.8231807774423423,0.6018212357789076,1.1383754554697851,-17.68192225576577,-39.817876422109244,13.837545546978514,85,589
alpha,player,26,Leroy Sané,Germany,0.19005881317491072,0.14296319465978413,0.95,-0.09050644623266726,0.46880647618100146,0.908,0.092,1.0002449194552505,9321.679145461947,2992.37375542193,alpha_1|player_id_sigma,0.2238064787730614,0.010269322064901915,0.20445686044223468,0.24414234882650174,1.0011205461412593,1457.2457413859695,2256.1813268167707,1.209320719556781,0.9134684454518401,1.5980857011794025,0.9093461933066895,0.7910427729974945,1.046292771882677,-9.065380669331047,-20.895722700250552,4.629277188267711,-9.065380669331047,0.8269104992813672,0.6257486687115656,1.0947285644939357,-17.308950071863283,-37.425133128843434,9.472856449393575,86,588
alpha,player,13178,Nico Williams,Spain,0.18996678916339124,0.13541805970760576,0.95,-0.07891856424515548,0.4514920398026891,0.91625,0.08375,1.000436384385805,9779.172995885754,2918.9612761452377,alpha_1|player_id_sigma,0.2238064787730614,0.010269322064901915,0.20445686044223468,0.24414234882650174,1.0011205461412593,1457.2457413859695,2256.1813268167707,1.2092094381333138,0.9241151773979394,1.5706539162372768,0.9093880351115788,0.7979207319187711,1.0402481413263016,-9.061196488842116,-20.207926808122888,4.024814132630161,-9.061196488842116,0.8269865984040982,0.6366774944257875,1.0821161955328251,-17.301340159590183,-36.332250557421254,8.211619553282512,87,587
alpha,player,13118,Eray Comert,Switzerland,0.18710953259059052,0.1687946453169052,0.95,-0.1523735533687603,0.5235022416839946,0.868,0.132,1.0035911808733033,8298.81029888345,2852.9062386255027,alpha_1|player_id_sigma,0.2238064787730614,0.010269322064901915,0.20445686044223468,0.24414234882650174,1.0011205461412593,1457.2457413859695,2256.1813268167707,1.2057593477621964,0.8586674627001877,1.6879288447210348,0.910688141044785,0.769702562797285,1.0791641180307177,-8.931185895521498,-23.0297437202715,7.916411803071766,-8.931185895521498,0.8293528902396062,0.5924420351767083,1.1645951936450165,-17.064710976039375,-40.75579648232917,16.459519364501652,88,586
alpha,player,9947,Milos Veljkovic,Serbia,0.18538767173801188,0.12329946731466343,0.95,-0.05905887627644899,0.42379718921836107,0.93425,0.06575,1.0004679128534735,8329.59625880762,3033.7356732130334,alpha_1|player_id_sigma,0.2238064787730614,0.010269322064901915,0.20445686044223468,0.24414234882650174,1.0011205461412593,1457.2457413859695,2256.1813268167707,1.2036849843387472,0.9426512677266233,1.5277517178419826,0.9114725177727183,0.8090467351072699,1.0299697554176352,-8.852748222728168,-19.095326489273013,2.9969755417635247,-8.852748222728168,0.8307821506549382,0.6545566195877329,1.0608376970750633,-16.921784934506178,-34.54433804122671,6.083769707506326,89,585
alpha,player,1684,Federico Valverde,Uruguay,0.18505511395252763,0.10107821376895863,0.95,-0.015693539491456538,0.3814428404103012,0.96475,0.03525,1.0018442731878467,8403.551804982457,3010.788610911567,alpha_1|player_id_sigma,0.2238064787730614,0.010269322064901915,0.20445686044223468,0.24414234882650174,1.0011205461412593,1457.2457413859695,2256.1813268167707,1.2032847560791353,0.9844289624326381,1.4643959555471104,0.9116240890149383,0.8263627640578093,1.0078776363249433,-8.83759109850617,-17.36372359421907,0.7877636324943316,-8.83759109850617,0.8310584796723162,0.6828754178212625,1.0158173298039546,-16.894152032768382,-31.712458217873753,1.581732980395456,90,584
alpha,player,2099,Takuma Asano,Japan,0.18492688780874317,0.1742147480865428,0.95,-0.15800124694302578,0.5237705864920604,0.86,0.14,1.0007402075307816,8081.242478823292,3069.000607187843,alpha_1|player_id_sigma,0.2238064787730614,0.010269322064901915,0.20445686044223468,0.24414234882650174,1.0011205461412593,1457.2457413859695,2256.1813268167707,1.203130473406736,0.8538487172671149,1.6883818524413166,0.9116825379093451,0.7695992968819171,1.082204996794091,-8.831746209065495,-23.040070311808293,8.220499679409098,-8.831746209065495,0.8311650499288245,0.5922830777611412,1.1711676550860985,-16.883495007117556,-40.77169222388588,17.116765508609856,91,583
alpha,player,13991,Mohammed Al-Burayk,Saudi Arabia,0.18484876884783097,0.16626769769083038,0.95,-0.14609000607193734,0.5036896773067909,0.8665,0.1335,1.0016409214837596,7863.091199910907,2927.51798489428,alpha_1|player_id_sigma,0.2238064787730614,0.010269322064901915,0.20445686044223468,0.24414234882650174,1.0011205461412593,1457.2457413859695,2256.1813268167707,1.2030364897753114,0.8640799272444507,1.6548157565869408,0.9117181484510768,0.7773653457657306,1.0757789491440892,-8.82818515489232,-22.263465423426943,7.5778949144089225,-8.82818515489232,0.8312299822150598,0.6042968807974738,1.157300347421561,-16.877001778494016,-39.57031192025262,15.730034742156107,92,582
alpha,player,687,Kellyn Acosta,United States,0.18446391052544828,0.21845607728618957,0.95,-0.23797451944592896,0.6217088458044293,0.79775,0.20225,1.0005928955708534,9479.809220704281,2746.169097027036,alpha_1|player_id_sigma,0.2238064787730614,0.010269322064901915,0.20445686044223468,0.24414234882650174,1.0011205461412593,1457.2457413859695,2256.1813268167707,1.202573580253096,0.7882227751909356,1.8621073789561482,0.9118936064907065,0.7328205499933549,1.1263555681149622,-8.81063935092935,-26.71794500066451,12.635556811496219,-8.81063935092935,0.8315499495586275,0.5370259584925632,1.2686768658235794,-16.845005044137253,-46.29740415074368,26.86768658235794,93,581
alpha,player,13824,Kye Rowles,Australia,0.18422768932591765,0.10166048872494178,0.95,-0.0234566058635825,0.38169997922887905,0.962,0.038,1.0019646224214935,7409.985368917608,2838.365732056836,alpha_1|player_id_sigma,0.2238064787730614,0.010269322064901915,0.20445686044223468,0.24414234882650174,1.0011205461412593,1457.2457413859695,2256.1813268167707,1.2022895404288796,0.9768163618516206,1.4647725570104027,0.9120013171522514,0.82625652591501,1.011797349144227,-8.79986828477486,-17.374347408499002,1.179734914422692,-8.79986828477486,0.8317464024874416,0.6826998466171414,1.0237338757352847,-16.825359751255842,-31.730015338285856,2.3733875735284737,94,580
alpha,player,20,Ilkay Gündogan,Germany,0.18239105993106047,0.09928676314638021,0.95,-0.016141430334470425,0.3700241538473814,0.96525,0.03475,1.0012771866500114,7345.093239648264,2566.464794520753,alpha_1|player_id_sigma,0.2238064787730614,0.010269322064901915,0.20445686044223468,0.24414234882650174,1.0011205461412593,1457.2457413859695,2256.1813268167707,1.2000834066630057,0.983988144441307,1.4477695834465694,0.9128392060298194,0.8310942467297194,1.008103371182238,-8.716079397018062,-16.890575327028056,0.8103371182238028,-8.716079397018062,0.833275416065151,0.6907176469472398,1.016272406988993,-16.672458393484902,-30.92823530527602,1.6272406988993016,95,579
alpha,player,107,Christian Pulisic,United States,0.18180297082490865,0.1073910446202393,0.95,-0.031237996686160313,0.38728373654418774,0.95475,0.04525,1.0002167000743947,7281.400725701147,2780.9042050168478,alpha_1|player_id_sigma,0.2238064787730614,0.010269322064901915,0.20445686044223468,0.24414234882650174,1.0011205461412593,1457.2457413859695,2256.1813268167707,1.1993778581681,0.969244868556865,1.4729743686438275,0.9131076608930975,0.8239529351238377,1.0157416124357153,-8.689233910690252,-17.604706487616227,1.5741612435715258,-8.689233910690252,0.8337656003816639,0.6788984392991871,1.0317310232335066,-16.623439961833608,-32.11015607008129,3.173102323350663,96,578
alpha,player,2073,Joachim Andersen,Denmark,0.17639342207573205,0.0889335164033162,0.95,-0.002696041560350409,0.34631191230923924,0.9735,0.0265,1.0001246740455791,6269.567479215093,2734.666537698451,alpha_1|player_id_sigma,0.2238064787730614,0.010269322064901915,0.20445686044223468,0.24414234882650174,1.0011205461412593,1457.2457413859695,2256.1813268167707,1.1929072824023246,0.9973075894958047,1.4138435422530782,0.9155807541674565,0.8410064444853844,1.0013489297685862,-8.441924583254345,-15.899355551461557,0.1348929768586249,-8.441924583254345,0.8382881174018485,0.7072918396659479,1.002699679148693,-16.17118825981515,-29.27081603340521,0.2699679148693068,97,577
alpha,player,5038,Jae-sung Lee,South Korea,0.17594307363887193,0.12268222652975519,0.95,-0.07351864903902483,0.41274586685555353,0.9255,0.0745,1.0019584975164995,7517.73958079643,2781.2445818214183,alpha_1|player_id_sigma,0.2238064787730614,0.010269322064901915,0.20445686044223468,0.24414234882650174,1.0011205461412593,1457.2457413859695,2256.1813268167707,1.192370179423197,0.9291188184568466,1.5109609918701685,0.9157869425614699,0.813529627310794,1.037443303623379,-8.421305743853013,-18.647037268920595,3.7443303623379,-8.421305743853013,0.8386657241660849,0.6618304545124395,1.0762886082329906,-16.133427583391512,-33.81695454875605,7.628860823299055,98,576
alpha,player,14008,Riad Sharahili,Saudi Arabia,0.17533443489255496,0.18606203129803722,0.95,-0.19544604197249704,0.5415969026030475,0.8325,0.1675,0.9997022235495688,7775.107582291469,2710.2909623823716,alpha_1|player_id_sigma,0.2238064787730614,0.010269322064901915,0.20445686044223468,0.24414234882650174,1.0011205461412593,1457.2457413859695,2256.1813268167707,1.191644677538722,0.822467721102825,1.7187493471678326,0.9160656766797218,0.7627702162578501,1.1026573298683822,-8.393432332027817,-23.722978374214986,10.265732986838216,-8.393432332027817,0.8391763239906767,0.5818184028100474,1.2158531871124703,-16.082367600932336,-41.81815971899526,21.585318711247027,99,575
alpha,player,4621,Jamal Musiala,Germany,0.17343561750030403,0.10189285756664813,0.95,-0.03230366749055147,0.3705072565963466,0.9565,0.0435,1.0035053754688341,8150.022472682298,3049.1738692065637,alpha_1|player_id_sigma,0.2238064787730614,0.010269322064901915,0.20445686044223468,0.24414234882650174,1.0011205461412593,1457.2457413859695,2256.1813268167707,1.1893841087824717,0.9682125227662215,1.4484691738856263,0.9169358103902795,0.8308935190161009,1.0162829797433293,-8.306418960972051,-16.910648098389913,1.6282979743329262,-8.306418960972051,0.8407712803760786,0.6903840399429596,1.0328310949159802,-15.922871962392138,-30.96159600570404,3.283109491598024,100,574
alpha,player,13109,Awer Mabil,Australia,0.17002952891027945,0.20781927634908348,0.95,-0.23645853414216694,0.5814295131975097,0.799,0.201,1.0013101311879649,7799.4574230076905,2406.191673341711,alpha_1|player_id_sigma,0.2238064787730614,0.010269322064901915,0.20445686044223468,0.24414234882650174,1.0011205461412593,1457.2457413859695,2256.1813268167707,1.185339852597746,0.7894186155433911,1.7885934220198645,0.9184987231681514,0.7477289323458219,1.125502122364592,-8.15012768318486,-25.227106765417805,12.550212236459203,-8.15012768318486,0.8436399044615244,0.5590985562670228,1.2667550274472013,-15.636009553847563,-44.090144373297726,26.675502744720127,101,573
alpha,player,163,Bukayo Saka,England,0.16974706436849737,0.11144719572203811,0.95,-0.04842286371441221,0.38284421592335766,0.93225,0.06775,0.9999025646975448,9625.949861099247,2224.7435184048954,alpha_1|player_id_sigma,0.2238064787730614,0.010269322064901915,0.20445686044223468,0.24414234882650174,1.0011205461412593,1457.2457413859695,2256.1813268167707,1.1850050834018657,0.9527308265886585,1.4664495627819973,0.9186284539895085,0.8257839445961197,1.0245069083911105,-8.137154601049145,-17.42160554038803,2.450690839111047,-8.137154601049145,0.8438782364791546,0.6819191231527273,1.0496144053411112,-15.61217635208454,-31.80808768472727,4.961440534111117,102,572
alpha,player,7988,Boulaye Dia,Senegal,0.16735171499483303,0.15534629676026046,0.95,-0.1374928491963747,0.4660511871478381,0.857,0.143,0.9999939129949886,8850.011798267255,2657.6201393559422,alpha_1|player_id_sigma,0.2238064787730614,0.010269322064901915,0.20445686044223468,0.24414234882650174,1.0011205461412593,1457.2457413859695,2256.1813268167707,1.182169979105781,0.87154058219043,1.593688573633316,0.9197293311502162,0.7921332997427152,1.0711645537251169,-8.027066884978385,-20.786670025728483,7.1164553725116875,-8.027066884978385,0.8459020425780239,0.6274751645612822,1.147393501157129,-15.409795742197607,-37.25248354387178,14.739350115712902,103,571
alpha,player,6,Ederson,Brazil,0.16311311442237886,0.1856749096847717,0.95,-0.19389170395905062,0.5238670087542039,0.80375,0.19625,1.0014259014735947,8390.562052766767,2867.2438819713834,alpha_1|player_id_sigma,0.2238064787730614,0.010269322064901915,0.20445686044223468,0.24414234882650174,1.0011205461412593,1457.2457413859695,2256.1813268167707,1.177169837044041,0.8237471079888234,1.6885446578877996,0.9216805806965096,0.769562194523723,1.1018007116782422,-7.83194193034904,-23.0437805476277,10.180071167824224,-7.83194193034904,0.8494950928330551,0.5922259712401684,1.2139648082546808,-15.050490716694487,-40.77740287598316,21.39648082546808,104,570
alpha,player,1675,Raphael Varane,France,0.1595551403813365,0.08310435188913311,0.95,-0.005398597110035811,0.32013529574378613,0.97025,0.02975,1.0011225937146924,6656.75838899472,2819.2231387110864,alpha_1|player_id_sigma,0.2238064787730614,0.010269322064901915,0.20445686044223468,0.24414234882650174,1.0011205461412593,1457.2457413859695,2256.1813268167707,1.1729889394949742,0.9946159491271457,1.3773140964658093,0.9233216978168467,0.8520861452021018,1.0027029449415197,-7.667830218315331,-14.79138547978982,0.27029449415196805,-7.667830218315331,0.8525229576593844,0.7260507988453774,1.0054131957943961,-14.747704234061565,-27.394920115462263,0.5413195794396142,105,569
alpha,player,4673,Thomas Delaney,Denmark,0.15916442735863642,0.1817703340235487,0.95,-0.20517408644911472,0.5099468178927202,0.8095,0.1905,1.001542242760395,8474.6660977531,2586.8761428466005,alpha_1|player_id_sigma,0.2238064787730614,0.010269322064901915,0.20445686044223468,0.24414234882650174,1.0011205461412593,1457.2457413859695,2256.1813268167707,1.1725307269614615,0.8145055096964915,1.665202633605865,0.9235020923426348,0.7749371040812126,1.1080337445424482,-7.649790765736519,-22.506289591878737,10.803374454244818,-7.649790765736519,0.8528561145612245,0.6005275152817762,1.2277387790447596,-14.714388543877554,-39.947248471822384,22.77387790447596,106,568
alpha,player,4779,Nico Schlotterbeck,Germany,0.1567414401422509,0.11678943182171428,0.95,-0.07579657307748784,0.3848094112993159,0.90525,0.09475,1.0002968472324076,8318.5940653842,2963.931670937746,alpha_1|player_id_sigma,0.2238064787730614,0.010269322064901915,0.20445686044223468,0.24414234882650174,1.0011205461412593,1457.2457413859695,2256.1813268167707,1.1696931391070213,0.9270047651063092,1.4693342562465925,0.9246215872181786,0.8249729297173145,1.0386255853024682,-7.537841278182144,-17.50270702826855,3.862558530246818,-7.537841278182144,0.8549250795498637,0.6805803347663691,1.0787431064448947,-14.507492045013626,-31.941966523363085,7.874310644489468,107,567
alpha,player,12643,Darko Lazović,Serbia,0.15558757109502433,0.2128483879313244,0.95,-0.25862434772938697,0.5681128222088054,0.7645,0.2355,0.9997061628746224,10332.938126766325,3388.122508969014,alpha_1|player_id_sigma,0.2238064787730614,0.010269322064901915,0.20445686044223468,0.24414234882650174,1.0011205461412593,1457.2457413859695,2256.1813268167707,1.1683442447724242,0.7721130145794005,1.7649331639340455,0.9251551872444604,0.7527241815061201,1.1380453367297707,-7.484481275553955,-24.72758184938799,13.80453367297707,-7.484481275553955,0.8559121204853326,0.5665936934240584,1.2951471884523773,-14.408787951466739,-43.34063065759416,29.51471884523773,108,566
alpha,player,123,Luke Shaw,England,0.15360937707498665,0.07487760427008117,0.95,-0.00011826528456288392,0.29602013607589384,0.9745,0.0255,1.0009138549411054,7058.028701988951,3435.530976817709,alpha_1|player_id_sigma,0.2238064787730614,0.010269322064901915,0.20445686044223468,0.24414234882650174,1.0011205461412593,1457.2457413859695,2256.1813268167707,1.1660353176799043,0.9998817417085002,1.344497229457735,0.926070708168833,0.8624224319965638,1.0000591343906506,-7.392929183116703,-13.757756800343623,0.005913439065063919,-7.392929183116703,0.8576069565283239,0.7437724512108677,1.0001182722781774,-14.239304347167614,-25.622754878913234,0.011827227817740038,109,565
alpha,player,13044,Jawad El Yamiq,Morocco,0.15348383866829401,0.10692725940440008,0.95,-0.05666943785219698,0.35776728478024533,0.92275,0.07725,1.0017519336837548,7118.298183186234,2447.8352838646,alpha_1|player_id_sigma,0.2238064787730614,0.010269322064901915,0.20445686044223468,0.24414234882650174,1.0011205461412593,1457.2457413859695,2256.1813268167707,1.165888944651886,0.9449063680251091,1.4301327680900873,0.926128838713812,0.8362031923413712,1.028739965536007,-7.387116128618798,-16.37968076586288,2.8739965536006995,-7.387116128618798,0.857714625897394,0.6992357788819001,1.058305916691025,-14.2285374102606,-30.076422111809986,5.830591669102492,110,564
alpha,player,8343,Sergiño Dest,United States,0.15060706610417612,0.09305755896570858,0.95,-0.03895995928312266,0.3293013824419608,0.946,0.054,1.0048538519452854,8157.239788298193,3004.0351210753024,alpha_1|player_id_sigma,0.2238064787730614,0.010269322064901915,0.20445686044223468,0.24414234882650174,1.0011205461412593,1457.2457413859695,2256.1813268167707,1.1625397670439963,0.9617892191051962,1.3899967130699973,0.927461928249846,0.848189932537016,1.0196709524783494,-7.253807175015403,-15.181006746298397,1.967095247834938,-7.253807175015403,0.8601856283529224,0.7194261616571479,1.0397288513281042,-13.981437164707755,-28.05738383428521,3.972885132810422,111,563
alpha,player,5006,Renato Steffen,Switzerland,0.1504479205028633,0.21192693068713858,0.95,-0.25443816138886655,0.5677830766616035,0.7595,0.2405,0.9999838782291053,8095.94987487194,3278.514865305222,alpha_1|player_id_sigma,0.2238064787730614,0.010269322064901915,0.20445686044223468,0.24414234882650174,1.0011205461412593,1457.2457413859695,2256.1813268167707,1.1623547686749487,0.7753519982990363,1.764351281024051,0.9275357319293228,0.7528482954609064,1.13566579298014,-7.246426807067719,-24.715170453909362,13.566579298013991,-7.246426807067719,0.8603225340056646,0.5667805559783922,1.2897367933452102,-13.96774659943354,-43.32194440216078,28.97367933452102,112,562
alpha,player,4925,Hiroki Ito,Japan,0.14927334675889414,0.14568272410660776,0.95,-0.14335343904859216,0.42482779387634045,0.84525,0.15475,1.001621889771863,8100.5690365769815,2844.258271417044,alpha_1|player_id_sigma,0.2238064787730614,0.010269322064901915,0.20445686044223468,0.24414234882650174,1.0011205461412593,1457.2457413859695,2256.1813268167707,1.1609902987746168,0.8664477782927332,1.529327037505083,0.9280806214755588,0.8086299388376746,1.0743079851231738,-7.191937852444119,-19.137006116232534,7.4307985123173825,-7.191937852444119,0.8613336399584595,0.6538823779846215,1.1541376468994136,-13.866636004154053,-34.61176220153786,15.413764689941356,113,561
alpha,player,13049,Gonzalo Plata,Ecuador,0.14771465821993365,0.11752966480248332,0.95,-0.08677609235675575,0.3722886599423217,0.89475,0.10525,1.0016364825426423,8193.362184868942,2853.9522919536826,alpha_1|player_id_sigma,0.2238064787730614,0.010269322064901915,0.20445686044223468,0.24414234882650174,1.0011205461412593,1457.2457413859695,2256.1813268167707,1.1591820860883566,0.9168823696216014,1.4510517813683637,0.9288041977103938,0.8301537702652703,1.0443430695693396,-7.11958022896062,-16.984622973472973,4.434306956933964,-7.11958022896062,0.8626772376844484,0.6891552822856432,1.0906524469575103,-13.732276231555163,-31.084471771435684,9.06524469575103,114,560
alpha,player,1531,Lionel Messi,Argentina,0.14489258692609605,0.072678887406514,0.95,0.005255452260748739,0.28718846178796664,0.97775,0.02225,1.0001422218803044,8657.873845696238,3405.8226801256005,alpha_1|player_id_sigma,0.2238064787730614,0.010269322064901915,0.20445686044223468,0.24414234882650174,1.0011205461412593,1457.2457413859695,2256.1813268167707,1.1559154031729286,1.0052692863742048,1.3326753481891829,0.9301156986120304,0.8662391698498769,0.9973757233198688,-6.988430138796964,-13.376083015012307,-0.262427668013121,-6.988430138796964,0.8651152128045454,0.750370299382204,0.9947583334678314,-13.48847871954546,-24.9629700617796,-0.5241666532168621,115,559
alpha,player,13216,Stefan Mitrović,Serbia,0.14477466938702133,0.20150888653792423,0.95,-0.25606684403890084,0.5475167971082711,0.76025,0.23975,1.0011858681635257,8307.961573217042,2856.0518485945386,alpha_1|player_id_sigma,0.2238064787730614,0.010269322064901915,0.20445686044223468,0.24414234882650174,1.0011205461412593,1457.2457413859695,2256.1813268167707,1.1557791085091316,0.7740902237458148,1.7289543384168609,0.9301705387057843,0.7605157947821596,1.1365909892284127,-6.982946129421574,-23.94842052178404,13.659098922841274,-6.982946129421574,0.865217231076209,0.5783842741131399,1.2918390767952217,-13.478276892379103,-42.16157258868601,29.18390767952217,116,558
alpha,player,13788,Yeltsin Tejeda,Costa Rica,0.1441323682760634,0.1237287946895797,0.95,-0.10002365532399424,0.384630206845253,0.87975,0.12025,1.0005061713430567,8687.069651890946,2860.320105633364,alpha_1|player_id_sigma,0.2238064787730614,0.010269322064901915,0.20445686044223468,0.24414234882650174,1.0011205461412593,1457.2457413859695,2256.1813268167707,1.155036988661429,0.9048160140668338,1.4690709685952306,0.9304693114639305,0.8250468524408286,1.0512835305287527,-6.953068853606947,-17.495314755917136,5.128353052875267,-6.953068853606947,0.865773139576161,0.6807023087225186,1.1051970615609987,-13.422686042383901,-31.92976912774814,10.519706156099872,117,557
alpha,player,1971,Tim Ream,United States,0.1439485168786172,0.08386192291579511,0.95,-0.025622901692016115,0.3066640048446731,0.95825,0.04175,0.9999323175033108,5888.954114263199,2839.4121844566293,alpha_1|player_id_sigma,0.2238064787730614,0.010269322064901915,0.20445686044223468,0.24414234882650174,1.0011205461412593,1457.2457413859695,2256.1813268167707,1.1548246530166622,0.9747025790079106,1.3588843128135444,0.930554849437036,0.8578448679537753,1.012893869071995,-6.944515056296396,-14.215513204622464,1.2893869071995079,-6.944515056296396,0.8659323278107848,0.7358978174746302,1.0259539900036359,-13.406767218921523,-26.41021825253698,2.595399000363585,118,556
alpha,player,137,Daniel James,Wales,0.14373282207936564,0.17591406629659562,0.95,-0.20106740085264885,0.4775464855747865,0.791,0.209,1.0000108407837887,9071.338828146752,2885.906786676184,alpha_1|player_id_sigma,0.2238064787730614,0.010269322064901915,0.20445686044223468,0.24414234882650174,1.0011205461412593,1457.2457413859695,2256.1813268167707,1.154575590206701,0.8178573054163758,1.6121142005274642,0.9306552127696219,0.7875934546220874,1.1057609056901025,-6.934478723037807,-21.240654537791258,10.576090569010255,-6.934478723037807,0.8661191250552702,0.6203034497635541,1.2227071805525958,-13.388087494472977,-37.96965502364459,22.270718055259575,119,555
alpha,player,4677,Jude Bellingham,England,0.14346033811303024,0.08164620886222303,0.95,-0.01839424760288799,0.30031174178698505,0.95925,0.04075,1.00252258349437,7745.0096508897905,2938.523086292264,alpha_1|player_id_sigma,0.2238064787730614,0.010269322064901915,0.20445686044223468,0.24414234882650174,1.0011205461412593,1457.2457413859695,2256.1813268167707,1.154261029728737,0.981773894044834,1.3502796805712958,0.9307820157192015,0.8605738275589597,1.0092395473028775,-6.921798428079851,-13.942617244104028,0.923954730287746,-6.921798428079851,0.8663551607862999,0.7405873126794781,1.0185644638401168,-13.364483921370008,-25.94126873205219,1.8564463840116785,120,554
alpha,player,12642,Ivan Ilić,Serbia,0.14069996842736873,0.18852177893484126,0.95,-0.23859009888391208,0.503869701419035,0.7745,0.2255,1.0017732659940684,8722.896187012395,2772.6809902441973,alpha_1|player_id_sigma,0.2238064787730614,0.010269322064901915,0.20445686044223468,0.24414234882650174,1.0011205461412593,1457.2457413859695,2256.1813268167707,1.151079236056676,0.7877377107711371,1.6551136901412549,0.9320675538853529,0.7772953766616789,1.1267023021366032,-6.7932446114647105,-22.270462333832107,12.670230213660316,-6.7932446114647105,0.8687499250058254,0.6041881025796213,1.2694580776399214,-13.125007499417462,-39.58118974203787,26.945807763992136,121,553
alpha,player,162,Gabriel Martinelli,Brazil,0.14055221858435135,0.15612429222797583,0.95,-0.16906715629790026,0.4353842075208364,0.81725,0.18275,1.001830217205541,9402.747799266359,3392.3983025971634,alpha_1|player_id_sigma,0.2238064787730614,0.010269322064901915,0.20445686044223468,0.24414234882650174,1.0011205461412593,1457.2457413859695,2256.1813268167707,1.1509091768436686,0.8444521911988507,1.5455567594227917,0.9321364128461809,0.8043730669856969,1.0882093836753113,-6.786358715381913,-19.56269330143031,8.820938367531127,-6.786358715381913,0.8688782921537458,0.6470160308919765,1.1841996627190006,-13.112170784625421,-35.29839691080235,18.41996627190006,122,552
alpha,player,74,Eric Dier,England,0.1391420473099349,0.1633927653038188,0.95,-0.19045750238845624,0.45561129030083336,0.80425,0.19575,1.0024864114520455,7936.762418345748,3005.5919047894863,alpha_1|player_id_sigma,0.2238064787730614,0.010269322064901915,0.20445686044223468,0.24414234882650174,1.0011205461412593,1457.2457413859695,2256.1813268167707,1.1492873415845313,0.8265808846959921,1.577137177084437,0.9327938806010949,0.7962790054835202,1.0999104321756348,-6.720611939890508,-20.372099451647983,9.991043217563478,-6.720611939890508,0.8701044236868496,0.6340602545738239,1.2098029588087917,-12.98955763131504,-36.593974542617616,20.980295880879176,123,551
alpha,player,1406,Pervis Estupinan,Ecuador,0.1390754015359282,0.09910306041105783,0.95,-0.05608174426092628,0.3281479312025629,0.91475,0.08525,1.0005696172985,6064.803764091332,2742.5430246581036,alpha_1|player_id_sigma,0.2238064787730614,0.010269322064901915,0.20445686044223468,0.24414234882650174,1.0011205461412593,1457.2457413859695,2256.1813268167707,1.14921074899241,0.945461846651575,1.3883943439435311,0.9328249645040754,0.848679246487864,1.0284377180030015,-6.717503549592463,-15.132075351213603,2.8437718003001544,-6.717503549592463,0.8701624144020295,0.7202564634192086,1.0576841398112216,-12.983758559797053,-27.974353658079142,5.768413981122156,124,550
alpha,player,4231,Alexander Djiku,Ghana,0.1383703477168456,0.18197046010381537,0.95,-0.21329960459267544,0.48139345925327476,0.76775,0.23225,1.0024304044774124,9334.1055814504,2445.033389556333,alpha_1|player_id_sigma,0.2238064787730614,0.010269322064901915,0.20445686044223468,0.24414234882650174,1.0011205461412593,1457.2457413859695,2256.1813268167707,1.1484007791346258,0.8079140461937815,1.6183279057406539,0.9331538683762816,0.786079985013512,1.11254457569537,-6.6846131623718446,-21.392001498648806,11.254457569537003,-6.6846131623718446,0.8707761420656186,0.6179217428388432,1.2377554329091909,-12.92238579343814,-38.207825716115686,23.77554329091909,125,549
alpha,player,136,Marcus Rashford,England,0.13739865094440523,0.13957382033920965,0.95,-0.13826134893068773,0.4061438235222621,0.83775,0.16225,1.0002940789087673,10446.834589310176,2736.540842005397,alpha_1|player_id_sigma,0.2238064787730614,0.010269322064901915,0.20445686044223468,0.24414234882650174,1.0011205461412593,1457.2457413859695,2256.1813268167707,1.1472854237854286,0.8708710607810374,1.501018418690283,0.9336073498300232,0.8162195435302558,1.0715762276503489,-6.639265016997675,-18.378045646974417,7.157622765034888,-6.639265016997675,0.8716226836566393,0.6662143432407392,1.1482756116653525,-12.83773163433607,-33.378565675926076,14.827561166535252,126,548
alpha,player,3888,Aurélien Tchouaméni,France,0.13661300682068853,0.06687353020566582,0.95,0.0032083375384807495,0.2635496175422672,0.97725,0.02275,1.002091293593571,6082.950479680044,2958.147748281085,alpha_1|player_id_sigma,0.2238064787730614,0.010269322064901915,0.20445686044223468,0.24414234882650174,1.0011205461412593,1457.2457413859695,2256.1813268167707,1.146384419714627,1.0032134897619116,1.3015418726484158,0.9339741634356711,0.8765383616067326,0.998397117221739,-6.602583656432892,-12.34616383932674,-0.1602882778261039,-6.602583656432892,0.8723077379653617,0.7683194993682151,0.9967968036766788,-12.769226203463834,-23.16805006317849,-0.32031963233212224,127,547
alpha,player,3309,Carlos Rodríguez,Mexico,0.13639090705161153,0.18445383800533086,0.95,-0.2283638415157768,0.4925378640282353,0.77575,0.22425,1.0001487593947398,8479.39066916376,3020.878127236446,alpha_1|player_id_sigma,0.2238064787730614,0.010269322064901915,0.20445686044223468,0.24414234882650174,1.0011205461412593,1457.2457413859695,2256.1813268167707,1.1461298362722432,0.7958346494673411,1.6364640776959083,0.9340778869178163,0.781711969280149,1.1209560315069782,-6.592211308218365,-21.828803071985103,12.09560315069782,-6.592211308218365,0.8725014988288529,0.6110736029158487,1.2565424245718737,-12.749850117114715,-38.89263970841513,25.654242457187372,128,546
alpha,player,4618,Leon Goretzka,Germany,0.1352974776857663,0.1518428137123808,0.95,-0.16370515410676967,0.4270843511271927,0.8165,0.1835,1.0015286285555804,8427.514725932704,2740.1761428588075,alpha_1|player_id_sigma,0.2238064787730614,0.010269322064901915,0.20445686044223468,0.24414234882650174,1.0011205461412593,1457.2457413859695,2256.1813268167707,1.1448773091519513,0.8489923068757085,1.5327819481562817,0.9345887006355441,0.8077180934663581,1.0852958005304545,-6.541129936445589,-19.228190653364187,8.52958005304545,-6.541129936445589,0.8734560393556347,0.6524085185129285,1.17786697464904,-12.654396064436535,-34.759148148707155,17.786697464904,129,545
alpha,player,240,Rúben Neves,Portugal,0.134091657687418,0.08629037445239551,0.95,-0.04277872091636157,0.29955154044748084,0.9365,0.0635,1.0014025043277326,6882.751668785678,3318.988512950109,alpha_1|player_id_sigma,0.2238064787730614,0.010269322064901915,0.20445686044223468,0.24414234882650174,1.0011205461412593,1457.2457413859695,2256.1813268167707,1.1434976251893494,0.9581233792751553,1.3492535862179864,0.9351523434041293,0.8609009944214188,1.0216197525429376,-6.484765659587066,-13.909900557858123,2.1619752542937576,-6.484765659587066,0.8745099053742347,0.7411505221957877,1.043706918785893,-12.549009462576532,-25.88494778042123,4.3706918785892945,130,544
alpha,player,7966,Kieffer Moore,Wales,0.13398625335288217,0.15608113816134872,0.95,-0.17970778973248822,0.4247696907599056,0.7975,0.2025,1.0035289152691087,9137.06127847494,2868.120102273766,alpha_1|player_id_sigma,0.2238064787730614,0.010269322064901915,0.20445686044223468,0.24414234882650174,1.0011205461412593,1457.2457413859695,2256.1813268167707,1.1433771019350714,0.835514321607209,1.5292381814195886,0.9352016292580767,0.8086534311386615,1.0940144309030793,-6.4798370741923295,-19.13465688613385,9.401443090307925,-6.4798370741923295,0.8746020873669611,0.65392037169233,1.1968675750241884,-12.53979126330389,-34.607962830767,19.68675750241884,131,543
alpha,player,10756,Jordan Veretout,France,0.1316979329258405,0.17586848452306034,0.95,-0.22736529664914906,0.4683216379837459,0.78125,0.21875,1.0027449360400111,8479.391861639418,2722.4797618388698,alpha_1|player_id_sigma,0.2238064787730614,0.010269322064901915,0.20445686044223468,0.24414234882650174,1.0011205461412593,1457.2457413859695,2256.1813268167707,1.1407636800706324,0.7966297229634668,1.5973110759880975,0.936272262124861,0.791234560118992,1.120396508750257,-6.372773787513896,-20.876543988100803,12.039650875025698,-6.372773787513896,0.8766057488244045,0.6260521291266946,1.2552883368197645,-12.339425117559555,-37.39478708733054,25.528833681976447,132,542
alpha,player,13815,Mathew Leckie,Australia,0.1312065226061565,0.12373294973376836,0.95,-0.10801225644549445,0.3683860363423461,0.8545,0.1455,0.9998711472584727,7167.8259891648095,2886.4259884537473,alpha_1|player_id_sigma,0.2238064787730614,0.010269322064901915,0.20445686044223468,0.24414234882650174,1.0011205461412593,1457.2457413859695,2256.1813268167707,1.1402032347415123,0.8976165947741457,1.4453999081818387,0.9365023373148552,0.8317752405955928,1.0554910704196478,-6.349766268514479,-16.822475940440718,5.549107041964785,-6.349766268514479,0.8770366277961869,0.6918500508678563,1.114061399735614,-12.296337220381314,-30.814994913214367,11.406139973561391,133,541
alpha,player,8741,Gael Ondoua,Cameroon,0.13092658006901875,0.1943905582450214,0.95,-0.254400964359439,0.5089218188401048,0.75025,0.24975,1.0009781940246525,8874.636211904595,2870.874667159408,alpha_1|player_id_sigma,0.2238064787730614,0.010269322064901915,0.20445686044223468,0.24414234882650174,1.0011205461412593,1457.2457413859695,2256.1813268167707,1.1398840880285808,0.7753808396265364,1.6634966769353514,0.9366334299094112,0.7753343607682094,1.1356446714795942,-6.336657009058877,-22.466563923179063,13.564467147959425,-6.336657009058877,0.8772821820238679,0.6011433709878479,1.2896888198599954,-12.271781797613212,-39.88566290121521,28.968881985999538,134,540
alpha,player,4607,Lucas Hernández,France,0.13077824168249122,0.21900057792154143,0.95,-0.29919693339563475,0.5544269556394797,0.7215,0.2785,1.0042925784117467,9069.341202671614,2512.607659491774,alpha_1|player_id_sigma,0.2238064787730614,0.010269322064901915,0.20445686044223468,0.24414234882650174,1.0011205461412593,1457.2457413859695,2256.1813268167707,1.1397150120026767,0.7414133860013629,1.7409430612709176,0.9367029018315979,0.7578926865613174,1.1613678212363592,-6.329709816840213,-24.210731343868265,16.136782123635918,-6.329709816840213,0.877412326299736,0.5744013243431312,1.348775216203288,-12.258767370026401,-42.55986756568688,34.8775216203288,135,539
alpha,player,1394,Alvaro Morata,Spain,0.12947285840229217,0.1533228495607552,0.95,-0.17841564471066348,0.4216480652794775,0.79725,0.20275,1.001560087710621,9460.159042634301,3073.062114936523,alpha_1|player_id_sigma,0.2238064787730614,0.010269322064901915,0.20445686044223468,0.24414234882650174,1.0011205461412593,1457.2457413859695,2256.1813268167707,1.138228217711149,0.8365946250826062,1.5244719156655615,0.9373144795490007,0.8099165732240982,1.0933078465296795,-6.268552045099929,-19.008342677590186,9.33078465296795,-6.268552045099929,0.878558433572214,0.6559648555830659,1.195322047283365,-12.144156642778603,-34.4035144416934,19.5322047283365,136,538
alpha,player,1694,Eden Hazard,Belgium,0.12880122466491947,0.1381097453180862,0.95,-0.14337893947650843,0.3810527061108531,0.8185,0.1815,0.9999263948646058,7364.189905644334,3094.845834535153,alpha_1|player_id_sigma,0.2238064787730614,0.010269322064901915,0.20445686044223468,0.24414234882650174,1.0011205461412593,1457.2457413859695,2256.1813268167707,1.1374640019045914,0.8664256837853306,1.4638247558864133,0.9376292984202824,0.8265239760098989,1.0743216828671656,-6.237070157971758,-17.34760239901011,7.432168286716556,-6.237070157971758,0.8791487012561109,0.6831418829192119,1.1541670782785387,-12.085129874388912,-31.685811708078816,15.41670782785387,137,537
alpha,player,4606,Dayot Upamecano,France,0.12870028398888264,0.07562666844602767,0.95,-0.017764829856246202,0.27566042942814317,0.9545,0.0455,1.0010342556529725,6107.369175915877,3008.8693448114977,alpha_1|player_id_sigma,0.2238064787730614,0.010269322064901915,0.20445686044223468,0.24414234882650174,1.0011205461412593,1457.2457413859695,2256.1813268167707,1.1373491913138984,0.9823920344708051,1.3174004376452109,0.9376766220821202,0.8712466040425587,1.00892198063518,-6.2323377917879785,-12.875339595744128,0.8921980635179905,-6.2323377917879785,0.8792374475993352,0.7590706450556911,1.0179235630088144,-12.07625524006648,-24.09293549443089,1.792356300881437,138,536
alpha,player,371,Jack Grealish,England,0.12761848096614328,0.1460833645642126,0.95,-0.1614111166387987,0.4077043293598826,0.80725,0.19275,1.0029015088652087,8847.588723235103,3010.1567849598187,alpha_1|player_id_sigma,0.2238064787730614,0.010269322064901915,0.20445686044223468,0.24414234882650174,1.0011205461412593,1457.2457413859695,2256.1813268167707,1.13611946879952,0.8509421627037533,1.5033625952699363,0.9381839499790242,0.815582934239452,1.0840516595782248,-6.181605002097578,-18.441706576054795,8.40516595782248,-6.181605002097578,0.8801891239982442,0.6651755226226345,1.1751680006343035,-11.981087600175577,-33.48244773773656,17.51680006343035,139,535
alpha,player,2095,Daichi Kamada,Japan,0.1273696160683728,0.12093627214537364,0.95,-0.11452494252604294,0.36047563939046184,0.85,0.15,1.0015397787246325,8587.216342510996,2987.7674042194058,alpha_1|player_id_sigma,0.2238064787730614,0.010269322064901915,0.20445686044223468,0.24414234882650174,1.0011205461412593,1457.2457413859695,2256.1813268167707,1.135836763723206,0.8917896946530348,1.4340113246482062,0.938300697768881,0.8350715913229793,1.0589337135923658,-6.169930223111897,-16.492840867702075,5.893371359236577,-6.169930223111897,0.880408199433569,0.6973445626346929,1.1213406097825185,-11.959180056643104,-30.26554373653071,12.13406097825185,140,534
alpha,player,1829,Carlos Soler,Spain,0.12673378328929397,0.1383572594143016,0.95,-0.14043536336437193,0.38725380756766997,0.8135,0.1865,0.9997395062232528,8427.540046958014,2999.3670836033634,alpha_1|player_id_sigma,0.2238064787730614,0.010269322064901915,0.20445686044223468,0.24414234882650174,1.0011205461412593,1457.2457413859695,2256.1813268167707,1.135114791028424,0.8689798310502702,1.4729302846882342,0.9385990463614589,0.823965265250118,1.072741672051683,-6.1400953638541145,-17.603473474988196,7.2741672051682915,-6.1400953638541145,0.88096816983064,0.6789187583386974,1.1507746949562403,-11.903183016936003,-32.10812416613026,15.07746949562403,141,533
alpha,player,13791,Roan Wilson,Costa Rica,0.12646558968613975,0.21350504247335678,0.95,-0.29187092731456277,0.550823051327078,0.725,0.275,0.999821661095301,8452.46394800862,3154.3859160382062,alpha_1|player_id_sigma,0.2238064787730614,0.010269322064901915,0.20445686044223468,0.24414234882650174,1.0011205461412593,1457.2457413859695,2256.1813268167707,1.134810401322135,0.7468649296144545,1.7346801612894929,0.938724917930838,0.7592596041121807,1.1571215092507858,-6.127508206916199,-24.074039588781925,15.712150925078582,-6.127508206916199,0.8812044715442586,0.5764751464365855,1.3389301871708161,-11.879552845574137,-42.352485356341454,33.89301871708162,142,532
alpha,player,4560,Carlos Gruezo,Ecuador,0.12625146519637914,0.20779953927470515,0.95,-0.27404938410953317,0.5328904522821951,0.7225,0.2775,1.0008638729650559,10790.46308124123,2698.024807255237,alpha_1|player_id_sigma,0.2238064787730614,0.010269322064901915,0.20445686044223468,0.24414234882650174,1.0011205461412593,1457.2457413859695,2256.1813268167707,1.1345674366372498,0.7602945278655258,1.7038500952772362,0.9388254253080535,0.7660979647188257,1.1468564664134613,-6.117457469194654,-23.390203528117425,14.685646641346128,-6.117457469194654,0.8813931792048476,0.5869060915463272,1.3152797545543709,-11.86068207951524,-41.309390845367275,31.527975455437087,143,531
alpha,player,6596,Jeremy Sarmiento,Ecuador,0.1261832926515154,0.17308155650991305,0.95,-0.22144433817835846,0.46282106663726064,0.7705,0.2295,1.001632306103573,6972.8753504634005,3014.7250835866926,alpha_1|player_id_sigma,0.2238064787730614,0.010269322064901915,0.20445686044223468,0.24414234882650174,1.0011205461412593,1457.2457413859695,2256.1813268167707,1.1344900929241635,0.8013605260932289,1.5885490725567286,0.9388574269126712,0.7934136764164458,1.1170845031316117,-6.114257308732885,-20.658632358355423,11.708450313161167,-6.114257308732885,0.8814532680690816,0.6295052619246605,1.2478777871367996,-11.854673193091836,-37.04947380753395,24.787778713679963,144,530
alpha,player,8025,Nicolas Tagliafico,Argentina,0.12457065679424678,0.11602783332089224,0.95,-0.10714521964151981,0.3488579975207711,0.8505,0.1495,1.0017910465757813,7580.454926647718,2649.1452928467147,alpha_1|player_id_sigma,0.2238064787730614,0.010269322064901915,0.20445686044223468,0.24414234882650174,1.0011205461412593,1457.2457413859695,2256.1813268167707,1.1326620479022405,0.898395198888108,1.4174478949348424,0.9396147497688896,0.8399364886440178,1.055033594786705,-6.038525023111041,-16.00635113559822,5.503359478670511,-6.038525023111041,0.8828758779832531,0.7054933049556422,1.1130958861285571,-11.712412201674693,-29.45066950443578,11.309588612855714,145,529
alpha,player,4758,Ellyes Skhiri,Tunisia,0.12256872324703016,0.11671482030244232,0.95,-0.11389369277803224,0.34288444064731716,0.851,0.149,1.0002509027050317,6664.021029991447,2911.9970148258058,alpha_1|player_id_sigma,0.2238064787730614,0.010269322064901915,0.20445686044223468,0.24414234882650174,1.0011205461412593,1457.2457413859695,2256.1813268167707,1.1303968019433674,0.8923528143889596,1.4090059287051337,0.9405557437867057,0.8424489430410603,1.0585995405118755,-5.9444256213294295,-15.755105695893967,5.859954051187555,-5.9444256213294295,0.8846451071701632,0.7097202216309997,1.120632987171954,-11.53548928298368,-29.027977836900032,12.063298717195403,146,528
alpha,player,8050,Alex Sandro,Brazil,0.12214899747161699,0.11034779812355033,0.95,-0.08853747038135303,0.33202937743847893,0.861,0.139,1.001378721891021,7516.620171846982,2853.0365569174814,alpha_1|player_id_sigma,0.2238064787730614,0.010269322064901915,0.20445686044223468,0.24414234882650174,1.0011205461412593,1457.2457413859695,2256.1813268167707,1.1299224448260656,0.915268814621933,1.3937937940025125,0.9407531522447758,0.847033792256461,1.0452632161578015,-5.924684775522415,-15.296620774353897,4.526321615780149,-5.924684775522415,0.8850164934584823,0.7174662452243616,1.0925751910525507,-11.498350654151768,-28.253375477563836,9.257519105255074,147,527
alpha,player,9820,Achraf Dari,Morocco,0.12090405442230152,0.12370247443243071,0.95,-0.12025744374099065,0.3596445099951795,0.83025,0.16975,1.0030021984396362,7511.466305966213,2687.058565660202,alpha_1|player_id_sigma,0.2238064787730614,0.010269322064901915,0.20445686044223468,0.24414234882650174,1.0011205461412593,1457.2457413859695,2256.1813268167707,1.1285166309927646,0.886692133990783,1.4328199708362899,0.9413389265887905,0.8354186897122596,1.0619732369291235,-5.8661073411209514,-16.458131028774037,6.197323692912349,-5.8661073411209514,0.8861189747113363,0.6979243871205487,1.12778715595372,-11.388102528866373,-30.20756128794513,12.778715595372002,148,526
alpha,player,11,Nicolás Otamendi,Argentina,0.11831208782884761,0.06429087660690137,0.95,-0.00992079843558331,0.24473823611875292,0.9675,0.0325,1.0017800142224675,6751.413886109261,2903.115068483606,alpha_1|player_id_sigma,0.2238064787730614,0.010269322064901915,0.20445686044223468,0.24414234882650174,1.0011205461412593,1457.2457413859695,2256.1813268167707,1.1255953411634039,0.9901282503501693,1.2772869218588758,0.9425596769794047,0.8848217045470768,1.0049727223654767,-5.744032302059532,-11.517829545292324,0.4972722365476745,-5.744032302059532,0.8884187446675198,0.7829094488375944,1.0099701726986776,-11.15812553324802,-21.70905511624056,0.9970172698677615,149,525
alpha,player,3930,Lucas Paquetá,Brazil,0.11770044791781263,0.09763068011519235,0.95,-0.07520319961130188,0.3066381484977545,0.887,0.113,0.9997956042782773,7439.736279736717,3163.09917449789,alpha_1|player_id_sigma,0.2238064787730614,0.010269322064901915,0.20445686044223468,0.24414234882650174,1.0011205461412593,1457.2457413859695,2256.1813268167707,1.1249070926306655,0.9275549883647481,1.3588491774835676,0.9428479746192299,0.8578559583927188,1.0383174845776169,-5.715202538077014,-14.214404160728122,3.8317484577616856,-5.715202538077014,0.8889623032435839,0.7359168453498901,1.0781031987795895,-11.103769675641606,-26.40831546501099,7.810319877958949,150,524
alpha,player,21,Phil Foden,England,0.11648503542326619,0.11436736873404457,0.95,-0.11488453509237967,0.3312009026923399,0.847,0.153,1.000582739665522,8107.710753551847,2915.0670681727197,alpha_1|player_id_sigma,0.2238064787730614,0.010269322064901915,0.20445686044223468,0.24414234882650174,1.0011205461412593,1457.2457413859695,2256.1813268167707,1.1235406970304271,0.8914690713584335,1.3926395492401944,0.9434211233590308,0.847384737991868,1.0591241230551351,-5.657887664096917,-15.261526200813202,5.912412305513515,-5.657887664096917,0.8900434160000157,0.7180608941815466,1.1217439080373093,-10.995658399998431,-28.193910581845337,12.174390803730928,151,523
alpha,player,157,Granit Xhaka,Switzerland,0.11600016718663829,0.08748833872322655,0.95,-0.05326463971867557,0.2864166690204993,0.908,0.092,1.00116568032194,7633.041576920758,2643.14490974055,alpha_1|player_id_sigma,0.2238064787730614,0.010269322064901915,0.20445686044223468,0.24414234882650174,1.0011205461412593,1457.2457413859695,2256.1813268167707,1.1229960598831752,0.9481290666691766,1.3316471958053913,0.9436498685539706,0.8665735129197122,1.0269901294609987,-5.63501314460294,-13.342648708028781,2.6990129460998658,-5.63501314460294,0.890475074421926,0.7509496532940106,1.054708726010319,-10.952492557807403,-24.905034670598937,5.470872601031895,152,522
alpha,player,9178,Marcos Acuña,Argentina,0.11589285112191101,0.09648305418914818,0.95,-0.07777908404378343,0.3024551272909737,0.887,0.113,0.9996564574326054,6876.418730730091,2643.0633788946902,alpha_1|player_id_sigma,0.2238064787730614,0.010269322064901915,0.20445686044223468,0.24414234882650174,1.0011205461412593,1457.2457413859695,2256.1813268167707,1.1228755508317185,0.9251687885168747,1.353176954343067,0.9437005043076527,0.8596520508443444,1.0396556390477052,-5.629949569234727,-14.034794915565563,3.9655639047705193,-5.629949569234727,0.890570641830518,0.7390016485208873,1.0808838478036924,-10.942935816948197,-26.099835147911264,8.088384780369239,153,521
alpha,player,11960,Enner Valencia,Ecuador,0.11562216145407021,0.1360284457476364,0.95,-0.15923330989755163,0.37431652895716383,0.80025,0.19975,1.0000889962175337,6483.875721512779,2764.410543245972,alpha_1|player_id_sigma,0.2238064787730614,0.010269322064901915,0.20445686044223468,0.24414234882650174,1.0011205461412593,1457.2457413859695,2256.1813268167707,1.1225716411562976,0.8527973696899953,1.4539973098783343,0.9438282379395274,0.8293124752922101,1.0828718745247143,-5.617176206047258,-17.068752470778993,8.287187452471434,-5.617176206047258,0.8908117427320332,0.6877591816752925,1.172611496636669,-10.918825726796676,-31.224081832470752,17.2611496636669,154,520
alpha,player,9918,Mario Götze,Germany,0.11279378552524628,0.18703864315245952,0.95,-0.2633186030371962,0.467379552800811,0.7245,0.2755,1.0028078690617042,7750.1894461947195,2900.3594032532733,alpha_1|player_id_sigma,0.2238064787730614,0.010269322064901915,0.20445686044223468,0.24414234882650174,1.0011205461412593,1457.2457413859695,2256.1813268167707,1.1194010724418226,0.7684970128203997,1.595806981494683,0.9451639327132225,0.7916073530904396,1.140719611615559,-5.4836067286777475,-20.83926469095604,14.07196116155589,-5.4836067286777475,0.8933348597019249,0.626642201466852,1.3012412323243516,-10.666514029807505,-37.3357798533148,30.124123232435164,155,519
alpha,player,8061,Danilo,Brazil,0.11241498827468127,0.09116479457385544,0.95,-0.06949887813363456,0.28798316035773397,0.8915,0.1085,1.0004406625207967,8626.824847175856,3131.506071023498,alpha_1|player_id_sigma,0.2238064787730614,0.010269322064901915,0.20445686044223468,0.24414234882650174,1.0011205461412593,1457.2457413859695,2256.1813268167707,1.1189771266931134,0.9328611799295503,1.3337348443166215,0.9453429624161996,0.8658950387098578,1.0353602554647563,-5.465703758380036,-13.410496129014216,3.5360255464756296,-5.465703758380036,0.8936733165898362,0.7497742180623463,1.0719708585960452,-10.632668341016382,-25.022578193765366,7.197085859604524,156,518
alpha,player,8027,Noussair Mazraoui,Morocco,0.11037385258069564,0.12057978984860587,0.95,-0.12974967256957565,0.34846945984479016,0.82025,0.17975,1.0021220461173315,8131.082015214234,2946.661591901306,alpha_1|player_id_sigma,0.2238064787730614,0.010269322064901915,0.20445686044223468,0.24414234882650174,1.0011205461412593,1457.2457413859695,2256.1813268167707,1.1166954719147304,0.878315269808155,1.4168972700001135,0.9463082415306534,0.8400996779804406,1.0670254631546627,-5.3691758469346595,-15.99003220195594,6.702546315466273,-5.3691758469346595,0.8954992879888375,0.70576746894284,1.1385433390204225,-10.450071201116252,-29.423253105715997,13.85433390204225,157,517
alpha,player,13926,Diego Godin,Uruguay,0.10875732606792113,0.12260542595735235,0.95,-0.14281024012987484,0.34777012377933,0.815,0.185,1.0014072599139614,8484.491447294811,2972.591256315675,alpha_1|player_id_sigma,0.2238064787730614,0.010269322064901915,0.20445686044223468,0.24414234882650174,1.0011205461412593,1457.2457413859695,2256.1813268167707,1.1148917623426389,0.8669185596414107,1.41590672903903,0.9470734169014108,0.8403934853466655,1.0740162432754872,-5.292658309858922,-15.960651465333452,7.401624327548717,-5.292658309858922,0.8969480570013134,0.7062612102131162,1.1535108908195906,-10.305194299868658,-29.373878978688385,15.351089081959056,158,516
alpha,player,67,Jan Vertonghen,Belgium,0.10839682600688491,0.08542953614068582,0.95,-0.05494331617468703,0.2713986294355865,0.893,0.107,1.0022077970435221,6783.25369027528,2838.244762869746,alpha_1|player_id_sigma,0.2238064787730614,0.010269322064901915,0.20445686044223468,0.24414234882650174,1.0011205461412593,1457.2457413859695,2256.1813268167707,1.1144899162313915,0.9465387998728554,1.3117978874240015,0.9472441422998771,0.8731051228835128,1.0278524833891223,-5.275585770012292,-12.689487711648717,2.7852483389122273,-5.275585770012292,0.8972714651214296,0.762312555605434,1.056480727609186,-10.272853487857036,-23.7687444394566,5.64807276091861,159,515
alpha,player,3301,Héctor Moreno,Mexico,0.10707822640817574,0.10240532828845339,0.95,-0.0966954861120572,0.3096770719462975,0.8505,0.1495,1.0001556141079258,5720.970885622481,3180.942076240891,alpha_1|player_id_sigma,0.2238064787730614,0.010269322064901915,0.20445686044223468,0.24414234882650174,1.0011205461412593,1457.2457413859695,2256.1813268167707,1.1130213187339069,0.9078324116237455,1.3629848969967588,0.9478688660903406,0.8565534688910699,1.0495355605774053,-5.21311339096594,-14.344653110893013,4.953556057740527,-5.21311339096594,0.898455387303388,0.733683845069325,1.1015248929165284,-10.154461269661198,-26.631615493067496,10.152489291652845,160,514
alpha,player,32,Alisson,Brazil,0.10700519714972523,0.1393192817465655,0.95,-0.17202912818198882,0.3785322069951147,0.77525,0.22475,1.0013741644812049,7373.4049051790125,3042.5460191303123,alpha_1|player_id_sigma,0.2238064787730614,0.010269322064901915,0.20445686044223468,0.24414234882650174,1.0011205461412593,1457.2457413859695,2256.1813268167707,1.1129400385803108,0.8419546482030986,1.4601398327571835,0.9479034778024531,0.8275662591156966,1.089822200459242,-5.20965221975469,-17.24337408843034,8.982220045924194,-5.20965221975469,0.8985210032299857,0.6848659132267483,1.1877124286138239,-10.147899677001426,-31.513408677325174,18.771242861382387,161,513
alpha,player,4622,Kingsley Coman,France,0.10565837697861716,0.13093643080872075,0.95,-0.15836517815898374,0.3562144550679108,0.7955,0.2045,1.002591825763863,8022.537007306474,2437.2110481373547,alpha_1|player_id_sigma,0.2238064787730614,0.010269322064901915,0.20445686044223468,0.24414234882650174,1.0011205461412593,1457.2457413859695,2256.1813268167707,1.1114421174287543,0.8535380316027306,1.427913738768437,0.9485420205409666,0.8368526850279376,1.0824019388020831,-5.145797945903341,-16.314731497206235,8.240193880208313,-5.145797945903341,0.8997319647319394,0.7003224164384686,1.1715939571225087,-10.026803526806061,-29.96775835615314,17.15939571225087,162,512
alpha,player,4656,Gregor Kobel,Switzerland,0.10352074707815898,0.1942407262553399,0.95,-0.29209656183601546,0.48150896132763626,0.708,0.292,1.00109456098516,7021.592631051512,2400.6726041839165,alpha_1|player_id_sigma,0.2238064787730614,0.010269322064901915,0.20445686044223468,0.24414234882650174,1.0011205461412593,1457.2457413859695,2256.1813268167707,1.1090688030635159,0.7466964301138381,1.618514836766017,0.9495563784173089,0.7860345893899052,1.1572520598938314,-5.044362158269111,-21.39654106100948,15.72520598938314,-5.044362158269111,0.9016573157929955,0.6178503757173568,1.339232330128516,-9.834268420700454,-38.21496242826432,33.923233012851604,163,511
alpha,player,195,Richarlison,Brazil,0.10323098023633255,0.13414346118729,0.95,-0.16183863846256932,0.36172959815955724,0.77725,0.22275,0.9998877590825052,8297.104551947854,3097.0789668130233,alpha_1|player_id_sigma,0.2238064787730614,0.010269322064901915,0.20445686044223468,0.24414234882650174,1.0011205461412593,1457.2457413859695,2256.1813268167707,1.1087474782559696,0.8505784441127885,1.4358106436238622,0.9496939633604119,0.8345481827509367,1.0842834122184526,-5.030603663958811,-16.54518172490633,8.428341221845258,-5.030603663958811,0.9019186240432073,0.6964706693328908,1.1756705180120905,-9.808137595679266,-30.352933066710918,17.567051801209054,164,510
alpha,player,14007,Nasser Al-Dawsari,Saudi Arabia,0.10273677043246772,0.2061979951253084,0.95,-0.307617271855331,0.5011456481897008,0.6835,0.3165,0.999814693970573,8227.679218582583,2898.122851433404,alpha_1|player_id_sigma,0.2238064787730614,0.010269322064901915,0.20445686044223468,0.24414234882650174,1.0011205461412593,1457.2457413859695,2256.1813268167707,1.1081996597619903,0.7351966446175906,1.650611207633927,0.9499286663910342,0.7783547949663346,1.1662676836892116,-5.007133360896576,-22.164520503366536,16.626768368921162,-5.007133360896576,0.9023644712314489,0.6058361868470847,1.3601803100177992,-9.763552876855108,-39.416381315291524,36.01803100177992,165,509
alpha,player,8420,Papu Gómez,Argentina,0.10200587539289159,0.13866797446876603,0.95,-0.17005849507366783,0.36612055106957564,0.76975,0.23025,1.001443852628224,8251.341594572383,3102.001720166076,alpha_1|player_id_sigma,0.2238064787730614,0.010269322064901915,0.20445686044223468,0.24414234882650174,1.0011205461412593,1457.2457413859695,2256.1813268167707,1.107389978060025,0.8436154678041307,1.4421290823793702,0.9502758789062544,0.8327179617039009,1.0887489094565674,-4.972412109374558,-16.72820382960991,8.874890945656745,-4.972412109374558,0.9030242460310545,0.6934192037442994,1.185374187842865,-9.697575396894553,-30.658079625570057,18.537418784286498,166,508
alpha,player,9837,Jackson Porozo,Ecuador,0.10108624659619832,0.15141127963606846,0.95,-0.19283603678040317,0.39313334590915966,0.7505,0.2495,1.0025442230165642,8615.593575244298,2694.652601078266,alpha_1|player_id_sigma,0.2238064787730614,0.010269322064901915,0.20445686044223468,0.24414234882650174,1.0011205461412593,1457.2457413859695,2256.1813268167707,1.1063720584728534,0.8246171699413543,1.4816159435824683,0.9507129299112491,0.8215465545330941,1.1012192977122868,-4.928707008875088,-17.84534454669059,10.121929771228677,-4.928707008875088,0.9038550751004316,0.6749387412651981,1.212683941653942,-9.614492489956838,-32.50612587348019,21.268394165394213,167,507
alpha,player,12576,Nikola Milenkovic,Serbia,0.10055190410719199,0.09855522076393909,0.95,-0.0966411265969657,0.2872594156324439,0.8475,0.1525,1.0015698040351928,6543.658363305773,3301.187798041061,alpha_1|player_id_sigma,0.2238064787730614,0.010269322064901915,0.20445686044223468,0.24414234882650174,1.0011205461412593,1457.2457413859695,2256.1813268167707,1.1057810347919568,0.9078817622947528,1.3327699099832986,0.9509669670020905,0.8662084388953312,1.0495070348429962,-4.9033032997909505,-13.379156110466884,4.950703484299623,-4.9033032997909505,0.904338172329155,0.7503170596134867,1.101465016184938,-9.566182767084497,-24.96829403865133,10.146501618493797,168,506
alpha,player,13929,Nicolas De La Cruz,Uruguay,0.09971440767659163,0.184973747786173,0.95,-0.2641145434151657,0.4655242686759329,0.70925,0.29075,1.0029037775811231,9508.79481107549,2701.9600539278017,alpha_1|player_id_sigma,0.2238064787730614,0.010269322064901915,0.20445686044223468,0.24414234882650174,1.0011205461412593,1457.2457413859695,2256.1813268167707,1.1048553348116148,0.7678855783825055,1.59284905088485,0.9513652661100321,0.7923420220703432,1.1411736743606975,-4.863473388996786,-20.765797792965678,14.117367436069749,-4.863473388996786,0.9050958695606123,0.6278058799385202,1.3022773550538953,-9.490413043938773,-37.21941200614798,30.227735505389532,169,505
alpha,player,2443,Moon-hwan Kim,South Korea,0.09921463944150227,0.09361945539913002,0.95,-0.08385123813940318,0.28044709632401227,0.85875,0.14125,1.005100057257504,6801.00975985143,2677.75039383896,alpha_1|player_id_sigma,0.2238064787730614,0.010269322064901915,0.20445686044223468,0.24414234882650174,1.0011205461412593,1457.2457413859695,2256.1813268167707,1.1043033011668373,0.9195680425735255,1.323721511076033,0.9516030268851002,0.8691639136840978,1.0428169101740778,-4.839697311489976,-13.083608631590216,4.281691017407785,-4.839697311489976,0.9055483207768849,0.7554459088506579,1.087467108145011,-9.445167922311516,-24.455409114934213,8.74671081450109,170,504
alpha,player,483,Jordan Ayew,Ghana,0.09660381825271044,0.1537279532967425,0.95,-0.21273979210350744,0.39511231742856384,0.74725,0.25275,1.0023540078494808,10119.908281202972,2953.0045312473244,alpha_1|player_id_sigma,0.2238064787730614,0.010269322064901915,0.20445686044223468,0.24414234882650174,1.0011205461412593,1457.2457413859695,2256.1813268167707,1.101423923115491,0.8083664531867425,1.4845509224994948,0.9528460707228306,0.8207340479645834,1.112233211099735,-4.715392927716944,-17.926595203541662,11.223321109973504,-4.715392927716944,0.9079156344919375,0.6736043774883311,1.2370627158732277,-9.208436550806255,-32.639562251166886,23.706271587322767,171,503
alpha,player,13852,Damian Szymanski,Poland,0.09463048723525039,0.21867160063270497,0.95,-0.33184729206637786,0.5307059231262322,0.66325,0.33675,1.0004162168252024,8580.091559736633,2803.0037621625042,alpha_1|player_id_sigma,0.2238064787730614,0.010269322064901915,0.20445686044223468,0.24414234882650174,1.0011205461412593,1457.2457413859695,2256.1813268167707,1.0992525922065537,0.7175968972271416,1.700132047637045,0.9537866750305484,0.7669352035488721,1.1804829637250895,-4.621332496945163,-23.306479645112788,18.048296372508954,-4.621332496945163,0.909709021465829,0.5881896064425499,1.3935400276451713,-9.0290978534171,-41.18103935574501,39.354002764517126,172,502
alpha,player,5065,Christian Nörgaard,Denmark,0.09165878334287288,0.207999332179088,0.95,-0.31834774082537853,0.4948372337706955,0.67325,0.32675,0.9995249086248867,7818.528384554653,2997.0685337995205,alpha_1|player_id_sigma,0.2238064787730614,0.010269322064901915,0.20445686044223468,0.24414234882650174,1.0011205461412593,1457.2457413859695,2256.1813268167707,1.0959907879582003,0.7273498152075095,1.6402312430740462,0.955204914203682,0.7808137632812677,1.1725417992847729,-4.479508579631797,-21.918623671873227,17.254179928477285,-4.479508579631797,0.9124164281188637,0.6096701329294556,1.3748542710699727,-8.75835718811363,-39.03298670705444,37.48542710699727,173,501
alpha,player,5195,Piero Hincapie,Ecuador,0.09125932507165067,0.09938977469365087,0.95,-0.10383830991257272,0.27950238601081656,0.82125,0.17875,1.0013178701514684,7477.798333817771,3025.9967664715227,alpha_1|player_id_sigma,0.2238064787730614,0.010269322064901915,0.20445686044223468,0.24414234882650174,1.0011205461412593,1457.2457413859695,2256.1813268167707,1.0955530728030571,0.9013710283996463,1.322471568222635,0.9553957155091831,0.869574564719587,1.053290585747712,-4.460428449081688,-13.042543528041294,5.329058574771195,-4.460428449081688,0.9127809732133039,0.7561599236072593,1.109421058024758,-8.721902678669613,-24.384007639274074,10.94210580247581,174,500
alpha,player,13992,Ali Al-Bulayhi,Saudi Arabia,0.09106641906725277,0.13402829200913155,0.95,-0.1702676068556599,0.3485439735505435,0.749,0.251,1.0023188568180637,9079.799840975762,2910.8036762091137,alpha_1|player_id_sigma,0.2238064787730614,0.010269322064901915,0.20445686044223468,0.24414234882650174,1.0011205461412593,1457.2457413859695,2256.1813268167707,1.0953417544201245,0.8434390763137543,1.4170028521999847,0.9554878707384848,0.840068379093389,1.0888627505201398,-4.451212926151515,-15.993162090661095,8.886275052013982,-4.451212926151515,0.9129570711283634,0.705714881552594,1.1856220894702845,-8.704292887163657,-29.4285118447406,18.562208947028445,175,499
alpha,player,3890,Youssouf Fofana,France,0.09093940022948906,0.11473382606900366,0.95,-0.13903118960184344,0.3155399214416383,0.788,0.212,1.0015498171433934,7398.054981908089,2940.0414416083718,alpha_1|player_id_sigma,0.2238064787730614,0.010269322064901915,0.20445686044223468,0.24414234882650174,1.0011205461412593,1457.2457413859695,2256.1813268167707,1.095202634219154,0.8702008868158017,1.3709993431012204,0.9555485551448993,0.8540462235506282,1.0719887785260103,-4.445144485510067,-14.59537764493718,7.198877852601027,-4.445144485510067,0.9130730412395047,0.7293949519610896,1.1491599412856877,-8.692695876049527,-27.06050480389104,14.915994128568766,176,498
alpha,player,66,Toby Alderweireld,Belgium,0.09060386515082199,0.08411435287562036,0.95,-0.07982492208775242,0.25118587974795153,0.86025,0.13975,1.0004308613602744,6970.51019509304,3131.3239911724077,alpha_1|player_id_sigma,0.2238064787730614,0.010269322064901915,0.20445686044223468,0.24414234882650174,1.0011205461412593,1457.2457413859695,2256.1813268167707,1.0948352169612614,0.9232779778179567,1.285549019651641,0.9557088786228713,0.881973790084849,1.040719666691479,-4.429112137712865,-11.8026209915151,4.071966669147908,-4.429112137712865,0.9133794606785863,0.7778777663966332,1.083097424638423,-8.662053932141367,-22.21222336033668,8.309742463842307,177,497
alpha,player,328,DeAndre Yedlin,United States,0.09058401445032689,0.1957916821005212,0.95,-0.29906557080801505,0.47431946882103004,0.6855,0.3145,1.0010480694849857,7877.189788834051,2543.9660978091315,alpha_1|player_id_sigma,0.2238064787730614,0.010269322064901915,0.20445686044223468,0.24414234882650174,1.0011205461412593,1457.2457413859695,2256.1813268167707,1.0948134839309867,0.7415107863794866,1.6069202659576425,0.9557183644153012,0.7888652690243695,1.1612915436003057,-4.428163558469878,-21.113473097563052,16.129154360030572,-4.428163558469878,0.9133975920806585,0.6223084126728908,1.3485980492375806,-8.660240791934148,-37.76915873271092,34.85980492375806,178,496
alpha,player,2094,Junya Ito,Japan,0.08939285363221693,0.12812177465977714,0.95,-0.16239446483387115,0.3344270309944195,0.7565,0.2435,1.0009690722026938,7966.796678681104,3104.355754194827,alpha_1|player_id_sigma,0.2238064787730614,0.010269322064901915,0.20445686044223468,0.24414234882650174,1.0011205461412593,1457.2457413859695,2256.1813268167707,1.093510161393263,0.8501058015484587,1.3971396381336236,0.9562877410876862,0.8460189538937032,1.084584790752285,-4.371225891231378,-15.398104610629682,8.458479075228498,-4.371225891231378,0.9144862437545895,0.7157480703473958,1.1763241683311778,-8.551375624541047,-28.425192965260415,17.63241683311778,179,495
alpha,player,4002,Nayef Aguerd,Morocco,0.08870159203371339,0.10528666721034541,0.95,-0.11772940111664683,0.2911248576963913,0.801,0.199,1.0000145111673557,8872.250315219839,3183.3393015250763,alpha_1|player_id_sigma,0.2238064787730614,0.010269322064901915,0.20445686044223468,0.24414234882650174,1.0011205461412593,1457.2457413859695,2256.1813268167707,1.0927545210137963,0.8889365653138616,1.3379316245822384,0.9566183207099116,0.864535916407729,1.060631728151148,-4.33816792900884,-13.546408359227103,6.063172815114792,-4.33816792900884,0.9151186115178512,0.7474223507589518,1.1249396627608907,-8.488138848214877,-25.25776492410482,12.493966276089076,180,494
alpha,player,7535,Karol Swiderski,Poland,0.08760741738628115,0.2068702355603721,0.95,-0.3141520680757588,0.4915724416715061,0.658,0.342,1.0000227516359737,8696.39165956953,2985.9527533187756,alpha_1|player_id_sigma,0.2238064787730614,0.010269322064901915,0.20445686044223468,0.24414234882650174,1.0011205461412593,1457.2457413859695,2256.1813268167707,1.0915595106153009,0.7304079479825959,1.6348849610692142,0.9571418176530203,0.7820894014740227,1.1700845767738,-4.2858182346979685,-21.791059852597726,17.008457677379994,-4.2858182346979685,0.9161204591001275,0.611663831897995,1.3690979168039228,-8.387954089987248,-38.833616810200496,36.90979168039228,181,493
alpha,player,4868,David Raum,Germany,0.08711598093513684,0.10364535730850238,0.95,-0.11886009782480941,0.2871508529944809,0.80175,0.19825,1.000681952817792,8059.977094485576,2927.9957681631804,alpha_1|player_id_sigma,0.2238064787730614,0.010269322064901915,0.20445686044223468,0.24414234882650174,1.0011205461412593,1457.2457413859695,2256.1813268167707,1.0910232102727533,0.8879320156931948,1.3326252288196996,0.9573770337393311,0.8662554591080553,1.0612315240837908,-4.262296626066886,-13.374454089194465,6.1231524083790845,-4.262296626066886,0.9165707847315203,0.7503985204345078,1.1262123477092054,-8.342921526847968,-24.960147956549218,12.621234770920541,182,492
alpha,player,8324,Joakim Maehle,Denmark,0.08465182520519483,0.11197662526432837,0.95,-0.12854385657724685,0.29945560050563114,0.77225,0.22775,0.9993801569178375,7874.51503537898,2893.9134775285847,alpha_1|player_id_sigma,0.2238064787730614,0.010269322064901915,0.20445686044223468,0.24414234882650174,1.0011205461412593,1457.2457413859695,2256.1813268167707,1.0883380688396795,0.8793749951953032,1.3491241451167695,0.9585573237463206,0.8609422928076236,1.066382338862686,-4.144267625367936,-13.905770719237642,6.638233886268607,-4.144267625367936,0.9188321429077085,0.7412216315448479,1.1371712926382525,-8.116785709229147,-25.877836845515212,13.717129263825246,183,491
alpha,player,14000,Nawaf Al-Abed,Saudi Arabia,0.0842803583022899,0.1603073077991817,0.95,-0.2434527170690229,0.3908345636764669,0.70725,0.29275,1.0012457771896366,8612.24511955589,2679.7435936116467,alpha_1|player_id_sigma,0.2238064787730614,0.010269322064901915,0.20445686044223468,0.24414234882650174,1.0011205461412593,1457.2457413859695,2256.1813268167707,1.0879338623472492,0.7839165410276965,1.4782139429031727,0.9587353764411339,0.8224913757250648,1.1294449965062048,-4.1264623558866065,-17.75086242749352,12.944499650620479,-4.1264623558866065,0.9191735220397228,0.6764920631421096,1.2756460001329009,-8.08264779602772,-32.350793685789036,27.564600013290086,184,490
alpha,player,118,Harry Maguire,England,0.08369497411773268,0.0734263942862999,0.95,-0.06530793529829215,0.22812004630524177,0.8705,0.1295,1.0003368304680726,5907.200562615629,3289.3550316409915,alpha_1|player_id_sigma,0.2238064787730614,0.010269322064901915,0.20445686044223468,0.24414234882650174,1.0011205461412593,1457.2457413859695,2256.1813268167707,1.0872971894376937,0.9367789516523003,1.2562361228858883,0.9590160317752009,0.8922044013542171,1.0331929591891864,-4.098396822479911,-10.779559864578292,3.319295918918641,-4.098396822479911,0.9197117492018532,0.7960286937958369,1.067487690918108,-8.028825079814684,-20.397130620416316,6.748769091810791,185,489
alpha,player,1532,Ousmane Dembele,France,0.08283364170621627,0.08958553927319149,0.95,-0.09686596166233705,0.25539180446588644,0.8205,0.1795,1.0003074969038004,7858.407602225675,3461.725548633004,alpha_1|player_id_sigma,0.2238064787730614,0.010269322064901915,0.20445686044223468,0.24414234882650174,1.0011205461412593,1457.2457413859695,2256.1813268167707,1.0863610683410763,0.9076776615847358,1.290967328561799,0.9594291365196083,0.8801209812791226,1.0496250244663163,-4.057086348039174,-11.987901872087736,4.962502446631634,-4.057086348039174,0.9205042680027611,0.7746129416877258,1.1017126919859153,-7.949573199723892,-22.538705831227425,10.171269198591526,186,488
alpha,player,453,Alexis Mac Allister,Argentina,0.08251150360372753,0.08103650911855803,0.95,-0.07777434732884732,0.23988975976081106,0.846,0.154,1.0010500923377985,7835.11990923322,2621.9415396724694,alpha_1|player_id_sigma,0.2238064787730614,0.010269322064901915,0.20445686044223468,0.24414234882650174,1.0011205461412593,1457.2457413859695,2256.1813268167707,1.0860111664093013,0.9251731707880725,1.2711090152354092,0.9595836833063817,0.886969325225058,1.0396531767744241,-4.041631669361834,-11.3030674774942,3.965317677442415,-4.041631669361834,0.9208008452678422,0.7867145838901947,1.080878727977152,-7.919915473215777,-21.328541610980533,8.087872797715189,187,487
alpha,player,1860,Takefusa Kubo,Japan,0.08231861150480606,0.19736285614101717,0.95,-0.31393003426800986,0.4730399434067081,0.66975,0.33025,1.0002782405703328,8511.059158722679,2853.7639433610857,alpha_1|player_id_sigma,0.2238064787730614,0.010269322064901915,0.20445686044223468,0.24414234882650174,1.0011205461412593,1457.2457413859695,2256.1813268167707,1.0858017036384668,0.7305701412460242,1.6048654854908126,0.9596762358248543,0.7893701170787254,1.1699546848170501,-4.0323764175145715,-21.06298829212746,16.99546848170501,-4.0323764175145715,0.9209784776069613,0.6231051817368807,1.3687939645253633,-7.902152239303872,-37.68948182631193,36.87939645253633,188,486
alpha,player,100,Mateo Kovacic,Croatia,0.08077038307306603,0.0668099082312448,0.95,-0.05309200956308157,0.21161655045673278,0.89425,0.10575,1.0000699933956243,7607.179132083102,3302.6381410618546,alpha_1|player_id_sigma,0.2238064787730614,0.010269322064901915,0.20445686044223468,0.24414234882650174,1.0011205461412593,1457.2457413859695,2256.1813268167707,1.0841219352377955,0.9482927564659699,1.235673975602552,0.9604194224601955,0.8995971065929347,1.026901488553656,-3.9580577539804485,-10.040289340706533,2.690148855365604,-3.9580577539804485,0.9224054670387756,0.8092749541903799,1.0545266671937146,-7.759453296122443,-19.07250458096201,5.452666719371457,189,485
alpha,player,3870,Kylian Mbappé,France,0.080356728143585,0.08119637105921251,0.95,-0.07951761473279163,0.23365407402137015,0.832,0.168,1.0015313901560976,6809.160976772876,3073.3569507260963,alpha_1|player_id_sigma,0.2238064787730614,0.010269322064901915,0.20445686044223468,0.24414234882650174,1.0011205461412593,1457.2457413859695,2256.1813268167707,1.0836735755946074,0.9235617515318549,1.263207440348325,0.9606180841180659,0.8897390717849407,1.0405597685722472,-3.938191588193407,-11.026092821505928,4.055976857224719,-3.938191588193407,0.9227871035346635,0.791635615860728,1.0827646319711288,-7.721289646533647,-20.836438413927205,8.276463197112882,190,484
alpha,player,13956,Assim Madibo,Qatar,0.07864858229073607,0.13759416736521962,0.95,-0.1984653209033277,0.3449831232563408,0.72325,0.27675,1.0015081751565829,9411.790125567843,2792.9903632400433,alpha_1|player_id_sigma,0.2238064787730614,0.010269322064901915,0.20445686044223468,0.24414234882650174,1.0011205461412593,1457.2457413859695,2256.1813268167707,1.0818240831217605,0.8199882066976255,1.411966090076819,0.961438872473008,0.8415653902234926,1.1043232020071652,-3.8561127526992034,-15.843460977650736,10.432320200716516,-3.8561127526992034,0.9243647055021689,0.7082323060220195,1.2195297344913578,-7.563529449783113,-29.176769397798054,21.952973449135783,191,483
alpha,player,14018,Nader Ghandri,Tunisia,0.0785009670852714,0.17742013409665724,0.95,-0.2732201801894801,0.4148333181193582,0.6705,0.3295,1.0000387247081102,9323.481139839221,2924.392924275775,alpha_1|player_id_sigma,0.2238064787730614,0.010269322064901915,0.20445686044223468,0.24414234882650174,1.0011205461412593,1457.2457413859695,2256.1813268167707,1.081664401223482,0.760925228522017,1.514118343564599,0.9615098365901723,0.8126809685469516,1.1463810760303192,-3.8490163409827693,-18.73190314530484,14.638107603031925,-3.8490163409827693,0.9245011658596599,0.6604503566384112,1.3141895714804328,-7.549883414034008,-33.95496433615888,31.41895714804328,192,482
alpha,player,6935,Joe Allen,Wales,0.07807835369280124,0.16417861501062972,0.95,-0.2514086423777603,0.39700617138963495,0.686,0.314,1.000166118629655,8837.724329425264,2714.0028660237244,alpha_1|player_id_sigma,0.2238064787730614,0.010269322064901915,0.20445686044223468,0.24414234882650174,1.0011205461412593,1457.2457413859695,2256.1813268167707,1.0812073719415165,0.7777045035986757,1.4873651091326006,0.9617130315246089,0.8199572405986933,1.1339468346579995,-3.8286968475391148,-18.004275940130665,13.39468346579995,-3.8286968475391148,0.9248919550042533,0.6723298764102235,1.2858354238308964,-7.510804499574675,-32.76701235897765,28.583542383089643,193,481
alpha,player,13998,Salem Al-Dawsari,Saudi Arabia,0.07710859704215176,0.11109382289416787,0.95,-0.1447144369086423,0.2859004374403439,0.7615,0.2385,1.0028823961034277,8887.096192724443,3050.94470785881,alpha_1|player_id_sigma,0.2238064787730614,0.010269322064901915,0.20445686044223468,0.24414234882650174,1.0011205461412593,1457.2457413859695,2256.1813268167707,1.080159372136366,0.8652693468238875,1.3309599348774512,0.9621794583997801,0.866797218096337,1.0750392993586237,-3.782054160021986,-13.320278190366297,7.503929935862375,-3.782054160021986,0.9257893101664944,0.751337417299549,1.1557094951654805,-7.421068983350565,-24.866258270045105,15.57094951654805,194,480
alpha,player,13869,Walid Cheddira,Morocco,0.07424868521383672,0.20394994972638894,0.95,-0.3391199658330074,0.48188958426776524,0.64275,0.35725,0.999991069059269,8321.567185428721,3050.5018183929737,alpha_1|player_id_sigma,0.2238064787730614,0.010269322064901915,0.20445686044223468,0.24414234882650174,1.0011205461412593,1457.2457413859695,2256.1813268167707,1.0770746247268665,0.7123969806654314,1.619130997896921,0.9635563167955892,0.7858850122252533,1.1847834116662246,-3.6443683204410826,-21.41149877747467,18.478341166622457,-3.6443683204410826,0.9284407756366818,0.6176152524402866,1.4037117325594588,-7.155922436331819,-38.23847475597134,40.37117325594588,195,479
alpha,player,200,Kasper Schmeichel,Denmark,0.07416247900374343,0.1409078180927774,0.95,-0.20264215406136576,0.34423651016832074,0.705,0.295,1.0008765873008434,8034.953327545298,2672.028457300307,alpha_1|player_id_sigma,0.2238064787730614,0.010269322064901915,0.20445686044223468,0.24414234882650174,1.0011205461412593,1457.2457413859695,2256.1813268167707,1.076981778207512,0.8165703955490652,1.4109122911531131,0.9635978499598281,0.8418796107375134,1.106631898812062,-3.640215004017189,-15.812038926248661,10.663189881206204,-3.640215004017189,0.9285208164472034,0.7087612789755472,1.2246341594683896,-7.147918355279659,-29.12387210244528,22.46341594683896,196,478
alpha,player,13849,Artur Jedrzejczyk,Poland,0.07409412375583184,0.2243307399316486,0.95,-0.36492689058114086,0.4997540561226035,0.6405,0.3595,1.0002747814332056,7308.104789324615,2849.3818594147183,alpha_1|player_id_sigma,0.2238064787730614,0.010269322064901915,0.20445686044223468,0.24414234882650174,1.0011205461412593,1457.2457413859695,2256.1813268167707,1.0769081633670754,0.6942474050469798,1.6483158276582266,0.9636307840075892,0.778896559602351,1.2001702782759176,-3.636921599241083,-22.110344039764897,20.01702782759176,-3.636921599241083,0.928584287887081,0.6066798505603788,1.4404086968568934,-7.141571211291897,-39.33201494396212,44.040869685689344,197,477
alpha,player,8627,Atiba Hutchinson,Canada,0.07371539948736086,0.11832354196940474,0.95,-0.16322271689349527,0.29969182856255,0.73725,0.26275,1.0009496383639953,8106.215027880827,2767.7656861698383,alpha_1|player_id_sigma,0.2238064787730614,0.010269322064901915,0.20445686044223468,0.24414234882650174,1.0011205461412593,1457.2457413859695,2256.1813268167707,1.0765003893325293,0.8494019911738585,1.349442883738133,0.9638132764674994,0.8608406094503827,1.085034038561859,-3.618672353250063,-13.915939054961735,8.503403856185908,-3.618672353250063,0.9289360318950165,0.7410465548789064,1.1772988648378582,-7.1063968104983495,-25.895344512109364,17.72988648378582,198,476
alpha,player,963,Tajon Buchanan,Canada,0.07351516926015686,0.1174289284454446,0.95,-0.15860196561169654,0.3011878481408411,0.736,0.264,1.0009767757752046,9231.078780946245,3225.649725752624,alpha_1|player_id_sigma,0.2238064787730614,0.010269322064901915,0.20445686044223468,0.24414234882650174,1.0011205461412593,1457.2457413859695,2256.1813268167707,1.076284862993152,0.8533359484327576,1.3514631875422143,0.9639097735734928,0.8601969330157693,1.0825300959873871,-3.6090226426507166,-13.980306698423073,8.253009598738714,-3.6090226426507166,0.9291220515905022,0.7399387635697359,1.1718714087184614,-7.08779484094978,-26.006123643026413,17.18714087184614,199,475
alpha,player,6655,Nicolas N'Koulou,Cameroon,0.0733441497678807,0.13294029455137946,0.95,-0.1958731581398946,0.3251261369986057,0.71675,0.28325,1.0019671983800482,8310.42457762249,2335.1872168641316,alpha_1|player_id_sigma,0.2238064787730614,0.010269322064901915,0.20445686044223468,0.24414234882650174,1.0011205461412593,1457.2457413859695,2256.1813268167707,1.0761008130408516,0.822116506851961,1.3842052344632159,0.9639922007776456,0.8499624826766959,1.1028928364009922,-3.600779922235442,-15.003751732330405,10.289283640099223,-3.600779922235442,0.9292809631601284,0.7224362219579327,1.2163726085846256,-7.071903683987157,-27.756377804206732,21.63726085846256,200,474
alpha,player,4616,Joshua Kimmich,Germany,0.07188138582233204,0.08475204965884635,0.95,-0.10024433439210753,0.23199073627351194,0.8055,0.1945,1.0010175690532217,7183.6823741967455,2837.7825807974255,alpha_1|player_id_sigma,0.2238064787730614,0.010269322064901915,0.20445686044223468,0.24414234882650174,1.0011205461412593,1457.2457413859695,2256.1813268167707,1.0745278822634388,0.9046163621423461,1.2611080462142052,0.9646975051872145,0.8904793478664813,1.0513995350634981,-3.5302494812785468,-10.952065213351869,5.139953506349815,-3.5302494812785468,0.9306412765144357,0.7929534689767138,1.10544098233174,-6.935872348556426,-20.704653102328617,10.544098233173994,201,473
alpha,player,8551,Stephen Eustaquio,Canada,0.07109352678736869,0.12407869710604037,0.95,-0.17689363891624568,0.3064976452695909,0.718,0.282,1.001622522175708,7215.492387133211,2846.1354059306386,alpha_1|player_id_sigma,0.2238064787730614,0.010269322064901915,0.20445686044223468,0.24414234882650174,1.0011205461412593,1457.2457413859695,2256.1813268167707,1.0736816391669857,0.8378688964277585,1.3586582681995432,0.965077602870882,0.8579162262753788,1.0924761525918152,-3.4922397129118044,-14.208377372462122,9.247615259181519,-3.4922397129118044,0.9313747795630077,0.736020251306587,1.193504143981815,-6.862522043699226,-26.3979748693413,19.350414398181503,202,472
alpha,player,12776,Filip Djuricic,Serbia,0.06985795783096835,0.2088772322378464,0.95,-0.3269046541613693,0.4741716718344593,0.6185,0.3815,1.0031583662420187,8005.109388759519,3009.6750333002756,alpha_1|player_id_sigma,0.2238064787730614,0.010269322064901915,0.20445686044223468,0.24414234882650174,1.0011205461412593,1457.2457413859695,2256.1813268167707,1.0723558506847852,0.7211524986385375,1.6066827855345522,0.9656739970367553,0.7889235671332002,1.177569215687058,-3.432600296324473,-21.107643286679977,17.756921568705806,-3.432600296324473,0.9325262685529433,0.6224003947781731,1.3866692577338333,-6.747373144705671,-37.75996052218269,38.66692577338333,203,471
alpha,player,1698,Gareth Bale,Wales,0.06898747594184279,0.15136366090735132,0.95,-0.22638462022273118,0.35515374975950786,0.67925,0.32075,1.0012268703250886,9615.054591226362,2640.784238689239,alpha_1|player_id_sigma,0.2238064787730614,0.010269322064901915,0.20445686044223468,0.24414234882650174,1.0011205461412593,1457.2457413859695,2256.1813268167707,1.0714227905029792,0.7974113421484735,1.4263999460716887,0.9660943893787088,0.8372966297838518,1.1198472701954012,-3.390561062129116,-16.27033702161482,11.98472701954012,-3.390561062129116,0.9333383691890204,0.7010656462473965,1.2540579085640917,-6.666163081097965,-29.893435375260346,25.405790856409173,204,470
alpha,player,5139,Romelu Lukaku,Belgium,0.06886935283344366,0.21517024811528657,0.95,-0.34358388199824913,0.4928212276738744,0.62625,0.37375,1.000817634103061,10240.024261802182,2946.568751392706,alpha_1|player_id_sigma,0.2238064787730614,0.010269322064901915,0.20445686044223468,0.24414234882650174,1.0011205461412593,1457.2457413859695,2256.1813268167707,1.071296238187079,0.709223987523956,1.6369278578290332,0.9661514500998799,0.781601222748992,1.1874307518552072,-3.3848549900120095,-21.8398777251008,18.74307518552072,-3.3848549900120095,0.9334486245301007,0.6109004714027194,1.4099917904514225,-6.6551375469899305,-38.90995285972806,40.999179045142256,205,469
alpha,player,8400,Christian Fassnacht,Switzerland,0.06872769288177956,0.21069576279625005,0.95,-0.3491019796206329,0.4807298820609065,0.62225,0.37775,0.9998560692297206,8987.842252953287,2625.349558210907,alpha_1|player_id_sigma,0.2238064787730614,0.010269322064901915,0.20445686044223468,0.24414234882650174,1.0011205461412593,1457.2457413859695,2256.1813268167707,1.071144489162393,0.7053211982139966,1.6172543764767915,0.9662198850073334,0.7863408406602994,1.1907114549883708,-3.3780114992666643,-21.365915933970058,19.071145498837083,-3.3780114992666643,0.9335808661835845,0.6183319176903465,1.417793769040523,-6.641913381641551,-38.16680823096535,41.77937690405229,206,468
alpha,player,8328,Remo Freuler,Switzerland,0.06783170475475242,0.10296757246354699,0.95,-0.1337316021888068,0.26347618448121507,0.74075,0.25925,1.0008067678566266,8195.248278113679,2973.1655517877666,alpha_1|player_id_sigma,0.2238064787730614,0.010269322064901915,0.20445686044223468,0.24414234882650174,1.0011205461412593,1457.2457413859695,2256.1813268167707,1.0701851862439624,0.874824834166774,1.3014462999537604,0.9666528427538743,0.8765705456450833,1.0691519895198953,-3.334715724612569,-12.34294543549167,6.915198951989532,-3.334715724612569,0.9344177184041466,0.768375921492519,1.1430859766943504,-6.558228159585344,-23.162407850748103,14.308597669435041,207,467
alpha,player,13825,Garang Kuol,Australia,0.06354022060495604,0.2093752626852987,0.95,-0.3477450011842644,0.47336447632505724,0.62375,0.37625,1.001609802120329,8174.550599946496,2510.9497065875403,alpha_1|player_id_sigma,0.2238064787730614,0.010269322064901915,0.20445686044223468,0.24414234882650174,1.0011205461412593,1457.2457413859695,2256.1813268167707,1.0656023441104903,0.7062789535503893,1.6053864016930326,0.9687292573587954,0.7892420391765037,1.1899038441128102,-3.127074264120455,-21.07579608234963,18.990384411281024,-3.127074264120455,0.9384363740629234,0.6229029964034858,1.415871158234443,-6.156362593707665,-37.70970035965142,41.5871158234443,208,466
alpha,player,12529,Matias Vina,Uruguay,0.06306649393876584,0.1970834862567891,0.95,-0.3312846995106636,0.44130748874148995,0.61875,0.38125,1.0023568829475953,7076.440975127893,3046.9276749434403,alpha_1|player_id_sigma,0.2238064787730614,0.010269322064901915,0.20445686044223468,0.24414234882650174,1.0011205461412593,1457.2457413859695,2256.1813268167707,1.0650976594152677,0.7180007254842595,1.554738693494299,0.9689587409766146,0.8019943272694542,1.1801509449613306,-3.1041259023385392,-19.800567273054583,18.015094496133056,-3.1041259023385392,0.9388810417149861,0.6431949009723844,1.3927562528931214,-6.111895828501391,-35.68050990276156,39.275625289312146,209,465
alpha,player,1384,Hector Herrera,Mexico,0.06086921422154771,0.13872516691923364,0.95,-0.2222094038636868,0.324581585256415,0.67925,0.32075,1.0024360352922081,8099.410697362946,2474.05063226683,alpha_1|player_id_sigma,0.2238064787730614,0.010269322064901915,0.20445686044223468,0.24414234882650174,1.0011205461412593,1457.2457413859695,2256.1813268167707,1.0627599112152912,0.8007476671217163,1.383451668287748,0.9700238626562305,0.8501939384605478,1.1175119063847694,-2.997613734376947,-14.980606153945219,11.751190638476938,-2.997613734376947,0.9409462941225137,0.7228297329950577,1.2488328609117216,-5.905370587748626,-27.71702670049423,24.883286091172163,210,464
alpha,player,12183,Haji Wright,United States,0.06059178957792794,0.1748844968967928,0.95,-0.28107499718144363,0.4022354576448854,0.637,0.363,1.0011315071055313,9803.746083501008,3133.5600038116304,alpha_1|player_id_sigma,0.2238064787730614,0.010269322064901915,0.20445686044223468,0.24414234882650174,1.0011205461412593,1457.2457413859695,2256.1813268167707,1.0624651163192442,0.7549717126064415,1.4951633388716312,0.9701584262510292,0.817816145354373,1.150892235592605,-2.9841573748970784,-18.218385464562704,15.0892235592605,-2.9841573748970784,0.9412073720258737,0.668823247602285,1.3245529379473442,-5.879262797412633,-33.11767523977151,32.455293794734416,211,463
alpha,player,8037,Dusan Tadić,Serbia,0.060388444574460534,0.11157382749381707,0.95,-0.15642197617829592,0.2764581837554717,0.703,0.297,1.0012287822861405,6833.31351121792,2930.4883100509846,alpha_1|player_id_sigma,0.2238064787730614,0.010269322064901915,0.20445686044223468,0.24414234882650174,1.0011205461412593,1457.2457413859695,2256.1813268167707,1.0622490913110296,0.8551982409349476,1.318451818861365,0.9702570696998823,0.8708991529680424,1.0813507867392769,-2.9742930300117654,-12.910084703195757,8.135078673927687,-2.9742930300117654,0.9413987813026022,0.7584653346404537,1.1693195239816532,-5.860121869739777,-24.153466535954628,16.93195239816532,212,462
alpha,player,1267,Lucas Cavallini,Canada,0.05934072571502526,0.23062266448166377,0.95,-0.3991468764719773,0.5136855107135359,0.60525,0.39475,1.003155691172783,8307.576656535944,2972.507817697995,alpha_1|player_id_sigma,0.2238064787730614,0.010269322064901915,0.20445686044223468,0.24414234882650174,1.0011205461412593,1457.2457413859695,2256.1813268167707,1.0611367357243624,0.6708921558436871,1.6714399672091513,0.9707654811715397,0.7734898313359149,1.2208818655494145,-2.9234518828460287,-22.65101686640851,22.088186554941448,-2.9234518828460287,0.942385619434211,0.5982865191800619,1.4905525296274182,-5.761438056578905,-40.171348081993806,49.055252962741825,213,461
alpha,player,13904,Filip Mladenovic,Serbia,0.05918335567209396,0.18724964698267943,0.95,-0.3082100072756553,0.42771273163412515,0.62375,0.37625,1.0011206190332995,8842.655706780068,2804.4413576953443,alpha_1|player_id_sigma,0.2238064787730614,0.010269322064901915,0.20445686044223468,0.24414234882650174,1.0011205461412593,1457.2457413859695,2256.1813268167707,1.0609697577297172,0.7347609966501676,1.5337454211359973,0.9708418688795086,0.8074643561768217,1.1666133789959956,-2.915813112049137,-19.253564382317833,16.66133789959956,-2.915813112049137,0.942533934369457,0.6519986864960491,1.3609867760524548,-5.746606563054302,-34.80013135039509,36.09867760524548,214,460
alpha,player,1830,Kang-in Lee,South Korea,0.058907846350149666,0.13148138625249428,0.95,-0.19902794514044703,0.3052986046725998,0.67975,0.32025,1.0012911866470915,9688.1890744966,3240.9743028504095,alpha_1|player_id_sigma,0.2238064787730614,0.010269322064901915,0.20445686044223468,0.24414234882650174,1.0011205461412593,1457.2457413859695,2256.1813268167707,1.060677490934124,0.819526991216056,1.3570301580586728,0.9709756160839526,0.8584307186763483,1.104633905206935,-2.9024383916047447,-14.156928132365165,10.463390520693494,-2.9024383916047447,0.9427936470296112,0.736903298767192,1.2202160645327238,-5.7206352970388785,-26.309670123280803,22.02160645327238,215,459
alpha,player,308,Harry Wilson,Wales,0.05818888725031938,0.14402331262104784,0.95,-0.2293325906598692,0.33575831917118937,0.66125,0.33875,1.0057466691620498,10390.476698112925,2687.9605909406287,alpha_1|player_id_sigma,0.2238064787730614,0.010269322064901915,0.20445686044223468,0.24414234882650174,1.0011205461412593,1457.2457413859695,2256.1813268167707,1.059915181267604,0.7950640586466945,1.3990008722597673,0.9713247247063468,0.8454559937647096,1.1214991256248943,-2.8675275293653213,-15.454400623529041,12.14991256248943,-2.8675275293653213,0.9434717208258603,0.7147958373926727,1.2577602887774024,-5.652827917413972,-28.520416260732727,25.77602887774024,216,458
alpha,player,2059,Edouard Mendy,Senegal,0.057446676412104325,0.13215739058527215,0.95,-0.1996767020781239,0.30612254150982676,0.66975,0.33025,1.0016137950879198,8075.044260821283,3572.315301976196,alpha_1|player_id_sigma,0.2238064787730614,0.010269322064901915,0.20445686044223468,0.24414234882650174,1.0011205461412593,1457.2457413859695,2256.1813268167707,1.0591287926016744,0.8189954898211416,1.3581487259464888,0.9716852554687205,0.8580771451662467,1.1049922827835754,-2.8314744531279468,-14.192285483375333,10.499228278357542,-2.8314744531279468,0.9441722356953127,0.7362963870566559,1.221007945011257,-5.582776430468728,-26.37036129433441,22.100794501125698,217,457
alpha,player,3352,Jorge Sánchez,Mexico,0.057191893699384724,0.1463807924860183,0.95,-0.24248961339542913,0.3404615893697668,0.66125,0.33875,1.0016817558378524,7405.368475582899,3013.86053620564,alpha_1|player_id_sigma,0.2238064787730614,0.010269322064901915,0.20445686044223468,0.24414234882650174,1.0011205461412593,1457.2457413859695,2256.1813268167707,1.0588589792681218,0.7846718976131152,1.40559624913191,0.9718090476562294,0.8434701257085654,1.1289012411272845,-2.819095234377056,-15.652987429143462,12.89012411272845,-2.819095234377056,0.9444128251065077,0.711441852962823,1.2744180122187234,-5.558717489349229,-28.855814703717698,27.441801221872343,218,456
alpha,player,428,Ismaïla Sarr,Senegal,0.057161926581298185,0.12103752068575707,0.95,-0.18078102785355038,0.28845760041428065,0.6815,0.3185,0.9997776676983087,9862.658520079189,2975.1385498434706,alpha_1|player_id_sigma,0.2238064787730614,0.010269322064901915,0.20445686044223468,0.24414234882650174,1.0011205461412593,1457.2457413859695,2256.1813268167707,1.058827248791491,0.8346180968039043,1.3343677716827527,0.9718236089235633,0.8656896554257708,1.0946016574435837,-2.8176391076436658,-13.43103445742292,9.460165744358374,-2.8176391076436658,0.944441126861219,0.7494185795111897,1.1981527884782404,-5.555887313878105,-25.058142048881027,19.815278847824036,219,455
alpha,player,13851,Michal Skoras,Poland,0.05611897929272635,0.2000190124581579,0.95,-0.32587850988788397,0.43933241388376915,0.6065,0.3935,0.9999608479842824,8777.179872432314,3037.5847536371957,alpha_1|player_id_sigma,0.2238064787730614,0.010269322064901915,0.20445686044223468,0.24414234882650174,1.0011205461412593,1457.2457413859695,2256.1813268167707,1.0577235234470226,0.7218928849519457,1.551670998651167,0.9723305214817941,0.802786717878662,1.1769651927003357,-2.766947851820589,-19.721328212133805,17.696519270033573,-2.766947851820589,0.9454266430050576,0.6444665144023944,1.3852470648281385,-5.457335699494237,-35.55334855976056,38.524706482813855,220,454
alpha,player,11841,Hidemasa Morita,Japan,0.055428700230544276,0.10330305668178577,0.95,-0.14619903257361255,0.2550730858718251,0.70775,0.29225,1.0007381934859938,7691.54385803132,2767.1988465682507,alpha_1|player_id_sigma,0.2238064787730614,0.010269322064901915,0.20445686044223468,0.24414234882650174,1.0011205461412593,1457.2457413859695,2256.1813268167707,1.0569936509820312,0.8639857247681919,1.2905559388321215,0.972666169101343,0.8802612479161007,1.075837594950262,-2.733383089865704,-11.973875208389927,7.58375949502621,-2.733383089865704,0.9460794765142823,0.774859864582811,1.1574265307083642,-5.392052348571774,-22.514013541718903,15.742653070836422,221,453
alpha,player,3343,Guillermo Ochoa,Mexico,0.05536844540592072,0.1282502907146305,0.95,-0.2001765563981213,0.30767955979842876,0.67325,0.32675,1.0024847766899319,6505.669224485407,2963.761630088181,alpha_1|player_id_sigma,0.2238064787730614,0.010269322064901915,0.20445686044223468,0.24414234882650174,1.0011205461412593,1457.2457413859695,2256.1813268167707,1.0569299639337082,0.81858621368524,1.3602650354902126,0.9726954734574912,0.8574093842249447,1.105268484880397,-2.730452654250881,-14.259061577505527,10.526848488039708,-2.730452654250881,0.9461364840846929,0.7351508521569988,1.2216184236698087,-5.386351591530714,-26.484914784300116,22.161842366980867,222,452
alpha,player,13874,Samuel Oum Gouet,Cameroon,0.055201786477865965,0.1471308971061626,0.95,-0.2393931018906683,0.33488222673195356,0.6565,0.3435,1.0009316050028503,8674.558361514437,2857.537920221758,alpha_1|player_id_sigma,0.2238064787730614,0.010269322064901915,0.20445686044223468,0.24414234882650174,1.0011205461412593,1457.2457413859695,2256.1813268167707,1.0567538317962943,0.7871054089249708,1.3977757549094805,0.9727765310271512,0.8458264236934232,1.127154765631079,-2.7223468972848774,-15.41735763065768,12.715476563107897,-2.7223468972848774,0.9462941793172182,0.7154223390180062,1.2704778656848525,-5.370582068278185,-28.45776609819938,27.047786568485254,223,451
alpha,player,252,Raúl Jiménez,Mexico,0.054950377179714835,0.18233214819578408,0.95,-0.30061814957649313,0.40635015251121587,0.61975,0.38025,0.9994623738804576,8819.194493148203,2887.426801191193,alpha_1|player_id_sigma,0.2238064787730614,0.010269322064901915,0.20445686044223468,0.24414234882650174,1.0011205461412593,1457.2457413859695,2256.1813268167707,1.0564881874512524,0.7403604257198033,1.5013281542556267,0.9728988212456764,0.8161353429969929,1.16219339189995,-2.7101178754323607,-18.386465700300715,16.219339189995008,-2.7101178754323607,0.9465321163812266,0.6660768980888191,1.3506934801759107,-5.3467883618773415,-33.39231019111809,35.069348017591075,224,450
alpha,player,1877,Guido Rodríguez,Argentina,0.05492883361169147,0.1579904292128313,0.95,-0.2682502707645131,0.3644096095321521,0.6455,0.3545,1.0000621563519534,9134.042343854613,2954.519326252498,alpha_1|player_id_sigma,0.2238064787730614,0.010269322064901915,0.20445686044223468,0.24414234882650174,1.0011205461412593,1457.2457413859695,2256.1813268167707,1.0564654271712899,0.7647163710008807,1.439663793414038,0.9729093011580877,0.8334306323697181,1.1435359074946922,-2.7090698841912286,-16.656936763028185,14.353590749469225,-2.7090698841912286,0.9465525082799185,0.6946066189721883,1.3076743717297092,-5.344749172008145,-30.539338102781166,30.767437172970922,225,449
alpha,player,5178,Osman Bukari,Ghana,0.054905353389052634,0.19162268101099275,0.95,-0.3249419108186351,0.42271228227428626,0.61575,0.38425,1.0013160983876683,7631.542766475769,2766.2994811699405,alpha_1|player_id_sigma,0.2238064787730614,0.010269322064901915,0.20445686044223468,0.24414234882650174,1.0011205461412593,1457.2457413859695,2256.1813268167707,1.0564406214190731,0.7225693258836138,1.5260951481689293,0.9729207232886353,0.8094857243726303,1.1764141494850362,-2.7079276711364675,-19.05142756273697,17.64141494850362,-2.7079276711364675,0.9465747338044814,0.655267137963082,1.3839502511086013,-5.342526619551857,-34.4732862036918,38.395025110860125,226,448
alpha,player,13817,Jamie Maclaren,Australia,0.05465512227416538,0.20861669509367411,0.95,-0.3597340569913823,0.45688949128406187,0.6,0.4,1.0003337334011146,8396.932128511897,2623.9761362305217,alpha_1|player_id_sigma,0.2238064787730614,0.010269322064901915,0.20445686044223468,0.24414234882650174,1.0011205461412593,1457.2457413859695,2256.1813268167707,1.056176300176642,0.6978618928862326,1.5791543642855648,0.9730424584225988,0.7957702657648719,1.197058177911834,-2.6957541577401156,-20.422973423512815,19.70581779118341,-2.6957541577401156,0.946811625893095,0.6332503158754947,1.4329482813056003,-5.318837410690502,-36.674968412450525,43.29482813056003,227,447
alpha,player,395,Pierre-Emile Höjbjerg,Denmark,0.05349951246182132,0.0894500845994844,0.95,-0.12550699655745332,0.23104948327573316,0.721,0.279,0.9999140348908444,7808.081714877686,3381.051632696985,alpha_1|player_id_sigma,0.2238064787730614,0.010269322064901915,0.20445686044223468,0.24414234882650174,1.0011205461412593,1457.2457413859695,2256.1813268167707,1.0549564774359064,0.8820495930947891,1.2599215829538297,0.9736048495895303,0.8908985296755976,1.0647643406367395,-2.639515041046969,-10.910147032440243,6.476434063673953,-2.639515041046969,0.9479064031442518,0.7937001901781416,1.1337231010915907,-5.209359685574821,-20.629980982185835,13.37231010915907,228,446
alpha,player,6038,Nuno Mendes,Portugal,0.05282524514386405,0.16675124878606915,0.95,-0.2823175405344151,0.37589403152905354,0.63475,0.36525,0.9997823646063375,9280.879808884027,3115.0578799883215,alpha_1|player_id_sigma,0.2238064787730614,0.010269322064901915,0.20445686044223468,0.24414234882650174,1.0011205461412593,1457.2457413859695,2256.1813268167707,1.0542453945182302,0.7540342100876409,1.4562928044724703,0.9739331398906175,0.828658611912563,1.1516074744970972,-2.606686010938253,-17.134138808743703,15.16074744970972,-2.606686010938253,0.9485457609771971,0.6866750950968555,1.3261997753175823,-5.145423902280289,-31.332490490314445,32.619977531758224,229,445
alpha,player,8000,Joao Mario,Portugal,0.05262137246363971,0.15467815462915235,0.95,-0.25022952894380784,0.36203026627511486,0.63325,0.36675,1.003972081521545,7857.342408261521,3185.429196561698,alpha_1|player_id_sigma,0.2238064787730614,0.010269322064901915,0.20445686044223468,0.24414234882650174,1.0011205461412593,1457.2457413859695,2256.1813268167707,1.0540304845919113,0.7786220462636498,1.4362424110104688,0.9740324241306619,0.834422731166271,1.1332785057132002,-2.5967575869338066,-16.557726883372904,13.32785057132002,-2.5967575869338066,0.9487391632578538,0.6962612942869788,1.284320171511544,-5.126083674214621,-30.37387057130212,28.432017151154398,230,444
alpha,player,1676,Eder Militao,Brazil,0.052205602046682016,0.0857693190129374,0.95,-0.12105743971364108,0.2163376567045507,0.7325,0.2675,1.0030262117333544,7041.632441630755,3096.6087552573854,alpha_1|player_id_sigma,0.2238064787730614,0.010269322064901915,0.20445686044223468,0.24414234882650174,1.0011205461412593,1457.2457413859695,2256.1813268167707,1.0535923409877326,0.8859830675175874,1.2415215162982522,0.9742349321126953,0.897476064234198,1.0623981090537586,-2.5765067887304705,-10.252393576580198,6.239810905375864,-2.5765067887304705,0.9491337029486279,0.8054632858733064,1.128689742121002,-5.086629705137213,-19.453671412669358,12.868974212100204,231,443
alpha,player,802,Jesús Ferreira,United States,0.0521611811519564,0.18322482262761006,0.95,-0.3141732055899286,0.4114565929040251,0.616,0.384,1.0033722530514986,8849.279152038629,3207.236776543433,alpha_1|player_id_sigma,0.2238064787730614,0.010269322064901915,0.20445686044223468,0.24414234882650174,1.0011205461412593,1457.2457413859695,2256.1813268167707,1.053545540512737,0.7303925091374157,1.5090142044623887,0.9742565705466727,0.8140542276596627,1.1700969431788093,-2.5743429453327304,-18.59457723403373,17.00969431788093,-2.5743429453327304,0.9491758652533638,0.6626842855705699,1.3691268564363939,-5.082413474663616,-33.73157144294301,36.912685643639385,232,442
alpha,player,2075,Facundo Pellistri,Uruguay,0.05162170783167139,0.14312844701963598,0.95,-0.2321443660432987,0.32988849709917395,0.64875,0.35125,1.001499729809662,9379.506767445486,2880.5482749749094,alpha_1|player_id_sigma,0.2238064787730614,0.010269322064901915,0.20445686044223468,0.24414234882650174,1.0011205461412593,1457.2457413859695,2256.1813268167707,1.0529773340818105,0.7928316570750301,1.3908130401290602,0.9745193987057352,0.8479409767094611,1.1230769362942978,-2.548060129426477,-15.205902329053888,12.307693629429783,-2.548060129426477,0.9496880584537877,0.719003899982995,1.2613018048361864,-5.031194154621232,-28.099610001700505,26.130180483618638,233,441
alpha,player,2042,Kamil Grosicki,Poland,0.05121394910239384,0.20596962180410144,0.95,-0.3580660493918337,0.4633512381243286,0.59875,0.40125,1.0005055603794961,8860.516480400109,3229.743640715279,alpha_1|player_id_sigma,0.2238064787730614,0.010269322064901915,0.20445686044223468,0.24414234882650174,1.0011205461412593,1457.2457413859695,2256.1813268167707,1.0525480609079971,0.6990269031799015,1.5893914992763871,0.9747181033567722,0.7932033816364085,1.1960602430414855,-2.5281896643227775,-20.679661836359152,19.60602430414855,-2.5281896643227775,0.9500753810114232,0.6291716046394338,1.4305601049844574,-4.99246189885768,-37.082839536056625,43.056010498445744,234,440
alpha,player,1957,Marko Grujic,Serbia,0.04931859292848231,0.18936608580670053,0.95,-0.3124362442297122,0.41471007373093255,0.60175,0.39825,1.001290077119558,7993.493200491476,3009.8762468494056,alpha_1|player_id_sigma,0.2238064787730614,0.010269322064901915,0.20445686044223468,0.24414234882650174,1.0011205461412593,1457.2457413859695,2256.1813268167707,1.0505549968222292,0.7316622751515864,1.5139317484739776,0.9756422601767011,0.8127310492744547,1.1690811777399803,-2.435773982329892,-18.726895072554527,16.908117773998033,-2.435773982329892,0.9518778198427017,0.6605317584547562,1.3667508001458994,-4.8122180157298295,-33.94682415452438,36.675080014589945,235,439
alpha,player,1697,Rodrygo,Brazil,0.049256119618536716,0.12114822532558844,0.95,-0.18983047471727987,0.28192832261392115,0.65425,0.34575,1.0013626320749285,8403.404670757456,3257.4904824222986,alpha_1|player_id_sigma,0.2238064787730614,0.010269322064901915,0.20445686044223468,0.24414234882650174,1.0011205461412593,1457.2457413859695,2256.1813268167707,1.0504893672243683,0.827099336307929,1.325683695039235,0.9756727364533451,0.8685204377772735,1.0995656490871983,-2.432726354665493,-13.14795622227265,9.956564908719834,-2.432726354665493,0.9519372886583587,0.7543277508368268,1.2090446166525517,-4.806271134164131,-24.567224916317322,20.90446166525517,236,438
alpha,player,13948,Bassam Al-Rawi,Qatar,0.049247896408319135,0.14870597293792304,0.95,-0.25644794467084775,0.33900754429798924,0.646,0.354,1.0025861147666226,8819.995450755492,2907.6805554330786,alpha_1|player_id_sigma,0.2238064787730614,0.010269322064901915,0.20445686044223468,0.24414234882650174,1.0011205461412593,1457.2457413859695,2256.1813268167707,1.0504807288649878,0.7737952736787597,1.4035539340019056,0.9756767480425999,0.8440835704653655,1.1368075876363348,-2.432325195740015,-15.591642953463447,13.680758763633483,-2.432325195740015,0.9519451166709829,0.7124770739295596,1.2923314913075432,-4.805488332901708,-28.75229260704404,29.23314913075432,237,437
alpha,player,13854,Dominik Livakovic,Croatia,0.04855582303325999,0.1028718124134403,0.95,-0.15798799281327638,0.24234462233137138,0.685,0.315,1.0005235099879641,6143.880837368196,3177.5395452781795,alpha_1|player_id_sigma,0.2238064787730614,0.010269322064901915,0.20445686044223468,0.24414234882650174,1.0011205461412593,1457.2457413859695,2256.1813268167707,1.0497539706355457,0.8538600343637989,1.2742332463900983,0.9760144264137751,0.8858812992013838,1.0821978249751336,-2.3985573586224884,-11.411870079861618,8.21978249751336,-2.3985573586224884,0.9526041605678105,0.7847856762747316,1.17115213238091,-4.73958394321895,-21.52143237252684,17.115213238091,238,436
alpha,player,12561,Sergej Milinković-Savić,Serbia,0.04794603014745006,0.11515733248819428,0.95,-0.18004688435294075,0.27106164163297175,0.669,0.331,1.0003433000606028,7714.661923475936,3156.1984214011836,alpha_1|player_id_sigma,0.2238064787730614,0.010269322064901915,0.20445686044223468,0.24414234882650174,1.0011205461412593,1457.2457413859695,2256.1813268167707,1.0491140332668587,0.8352310512258865,1.3113559020124728,0.9763120551112725,0.8732522481664273,1.0941999338325046,-2.3687944888727497,-12.674775183357267,9.419993383250457,-2.3687944888727497,0.9531852289555964,0.7625694889277195,1.1972734951990573,-4.681477104440357,-23.74305110722805,19.727349519905736,239,435
alpha,player,4566,Rubén Vargas,Switzerland,0.04770539887238337,0.11998999307855979,0.95,-0.18326519469808597,0.2799511619131223,0.65725,0.34275,1.0017226352327373,10040.89589571665,2741.0454663013934,alpha_1|player_id_sigma,0.2238064787730614,0.010269322064901915,0.20445686044223468,0.24414234882650174,1.0011205461412593,1457.2457413859695,2256.1813268167707,1.0488616139905476,0.8325473393184205,1.3230651947866232,0.9764295277853728,0.8693794645545168,1.0959620887259498,-2.357047221462716,-13.062053544548323,9.59620887259498,-2.357047221462716,0.9534146227311663,0.7558206533890982,1.2011328999245467,-4.658537726883372,-24.41793466109018,20.113289992454675,240,434
alpha,player,1977,André Zambo Anguissa,Cameroon,0.04754983268166505,0.1079095964362409,0.95,-0.16303470219148508,0.25139318578648584,0.667,0.333,1.0002566234382613,7597.675505753198,2721.3958999242113,alpha_1|player_id_sigma,0.2238064787730614,0.010269322064901915,0.20445686044223468,0.24414234882650174,1.0011205461412593,1457.2457413859695,2256.1813268167707,1.048698459275676,0.8495617062500367,1.2858155493519003,0.9765054804503225,0.881882375576369,1.0849320421804236,-2.3494519549677517,-11.811762442363104,8.493204218042361,-2.3494519549677517,0.9535629533495152,0.7777165243522198,1.1770775361497843,-4.643704665048476,-22.228347564778016,17.70775361497843,241,433
alpha,player,1973,Antonee Robinson,United States,0.046766773978290016,0.09199697775838622,0.95,-0.1334465378501793,0.22240961986264526,0.6915,0.3085,1.0001085775751697,7053.481123148001,3130.0398236589936,alpha_1|player_id_sigma,0.2238064787730614,0.010269322064901915,0.20445686044223468,0.24414234882650174,1.0011205461412593,1457.2457413859695,2256.1813268167707,1.0478775882569673,0.8750742510777851,1.2490829222628075,0.9768878858645894,0.8947554753540897,1.0689996118271226,-2.311211413541059,-10.524452464591027,6.899961182712255,-2.311211413541059,0.9543099415489871,0.800587360676123,1.1427601700865386,-4.569005845101293,-19.9412639323877,14.276017008653863,242,432
alpha,player,1975,Denis Odoi,Ghana,0.046558606076803205,0.22207905733462852,0.95,-0.3880487274837839,0.48126793269073337,0.58325,0.41675,1.0030206459041906,7890.327424845535,2795.61408230595,alpha_1|player_id_sigma,0.2238064787730614,0.010269322064901915,0.20445686044223468,0.24414234882650174,1.0011205461412593,1457.2457413859695,2256.1813268167707,1.0476594764811278,0.6783792867430359,1.618124775350978,0.9769895695069094,0.7861293235210197,1.214125863245045,-2.3010430493090595,-21.38706764789803,21.41258632450449,-2.3010430493090595,0.9545086189252961,0.6179993132996161,1.4741016118005252,-4.549138107470386,-38.20006867003839,47.410161180052526,243,431
alpha,player,14023,Mohamed Ali Ben Romdhane,Tunisia,0.04627292767323705,0.17676213222527218,0.95,-0.31034965902634265,0.3869081576528852,0.60625,0.39375,1.001853351171507,7205.429107111714,2834.8721178304613,alpha_1|player_id_sigma,0.2238064787730614,0.010269322064901915,0.20445686044223468,0.24414234882650174,1.0011205461412593,1457.2457413859695,2256.1813268167707,1.0473602255412062,0.7331905447066152,1.472421254439047,0.9771291318844202,0.8241076793179758,1.1678621200239978,-2.287086811557981,-17.58923206820242,16.78621200239978,-2.287086811557981,0.9547813403772005,0.6791534671108597,1.363901931386947,-4.521865962279947,-32.08465328891403,36.39019313869469,244,430
alpha,player,14002,Hattan Bahebri,Saudi Arabia,0.045966505802116794,0.20568559411845208,0.95,-0.3716569998249384,0.44793700172322953,0.5985,0.4015,1.0028948508293607,8430.481648701967,2311.8109774526297,alpha_1|player_id_sigma,0.2238064787730614,0.010269322064901915,0.20445686044223468,0.24414234882650174,1.0011205461412593,1457.2457413859695,2256.1813268167707,1.0470393406267477,0.6895907317056844,1.5650800951987196,0.9772788502218296,0.7993403125039387,1.2042157195659406,-2.2721149778170413,-20.065968749606135,20.421571956594065,-2.2721149778170413,0.9550739510909013,0.6389449351938944,1.4501354992497164,-4.492604890909869,-36.10550648061056,45.01354992497164,245,429
alpha,player,4694,Matthias Ginter,Germany,0.04586183388590061,0.21976905839650412,0.95,-0.3964453548969805,0.4779712962634789,0.5825,0.4175,1.0015704924996778,8906.185310175371,2923.3482183403135,alpha_1|player_id_sigma,0.2238064787730614,0.010269322064901915,0.20445686044223468,0.24414234882650174,1.0011205461412593,1457.2457413859695,2256.1813268167707,1.0469297507482018,0.6727070358421484,1.6127991893562277,0.9773299983852272,0.7874261833284408,1.219233859480823,-2.267000161477284,-21.25738166715592,21.9233859480823,-2.267000161477284,0.9551739257436681,0.6200399941911954,1.4865312041045031,-4.482607425633189,-37.99600058088046,48.65312041045031,246,428
alpha,player,4684,Thorgan Hazard,Belgium,0.04541775177457144,0.1528189222998696,0.95,-0.2612075469247004,0.3396112777766775,0.626,0.374,1.0028243467999902,8905.536012419756,2651.043930272189,alpha_1|player_id_sigma,0.2238064787730614,0.010269322064901915,0.20445686044223468,0.24414234882650174,1.0011205461412593,1457.2457413859695,2256.1813268167707,1.0464649311907406,0.7701210667681149,1.4044015623460653,0.9775470298638589,0.8438288081642823,1.1395161852980396,-2.2452970136141115,-15.61711918357177,13.951618529803955,-2.2452970136141115,0.9555981955956523,0.7120470574879532,1.2984971365561957,-4.440180440434771,-28.795294251204684,29.84971365561957,247,427
alpha,player,1836,Maxi Gomez,Uruguay,0.04486720610225193,0.21668515116787573,0.95,-0.37594867637758955,0.4705953266448785,0.5795,0.4205,1.0034668233855455,7790.6452927823175,2605.3677688880252,alpha_1|player_id_sigma,0.2238064787730614,0.010269322064901915,0.20445686044223468,0.24414234882650174,1.0011205461412593,1457.2457413859695,2256.1813268167707,1.0458889630145807,0.6866375728654982,1.6009469959785285,0.9778161590475265,0.7903355607031903,1.206802546213142,-2.21838409524735,-20.966443929680967,20.680254621314198,-2.21838409524735,0.9561244408944576,0.6246302985120263,1.456372385546523,-4.387555910554242,-37.536970148797366,45.63723855465229,248,426
alpha,player,9980,Daniel-Kofi Kyereh,Ghana,0.04448757077811767,0.18072587752399538,0.95,-0.3263927588945196,0.3888960150074492,0.606,0.394,0.9996720321374408,8661.389619070234,2897.8305755430356,alpha_1|player_id_sigma,0.2238064787730614,0.010269322064901915,0.20445686044223468,0.24414234882650174,1.0011205461412593,1457.2457413859695,2256.1813268167707,1.0454919819778783,0.7215217476896252,1.4753511289802252,0.9780017834416053,0.8232889819931068,1.177267858200622,-2.1998216558394734,-17.671101800689314,17.726785820062197,-2.1998216558394734,0.9564874884149606,0.6778047478712462,1.3859596099522797,-4.351251158503944,-32.219525212875375,38.595960995227976,249,425
alpha,player,12653,Vanja Milinković-Savić,Serbia,0.04366605346279367,0.12138564654051037,0.95,-0.1962451917351962,0.2752777654543255,0.645,0.355,1.0025629468074095,8167.073518046289,2934.6102012628303,alpha_1|player_id_sigma,0.2238064787730614,0.010269322064901915,0.20445686044223468,0.24414234882650174,1.0011205461412593,1457.2457413859695,2256.1813268167707,1.044633444911469,0.8218107087792653,1.3168964124009341,0.978403588658199,0.871413317334682,1.1030980120770408,-2.1596411341801014,-12.858668266531803,10.309801207704083,-2.1596411341801014,0.9572735822992423,0.7593611696282351,1.2168252242483195,-4.272641770075769,-24.063883037176492,21.68252242483195,250,424
alpha,player,13916,Chul Hong,South Korea,0.043510865805168296,0.18550611563902,0.95,-0.325224784163831,0.4007899823851088,0.5925,0.4075,1.0035702957715669,9222.003842384736,2957.0555993086464,alpha_1|player_id_sigma,0.2238064787730614,0.010269322064901915,0.20445686044223468,0.24414234882650174,1.0011205461412593,1457.2457413859695,2256.1813268167707,1.0444713432724881,0.7223649591875734,1.4930036784998184,0.9784795096842305,0.8184074255014189,1.176580549355181,-2.1520490315769525,-18.159257449858114,17.65805493551811,-2.1520490315769525,0.9574221508718922,0.6697907141158606,1.3843417891209397,-4.257784912810781,-33.020928588413945,38.43417891209398,251,423
alpha,player,4324,Azzedine Ounahi,Morocco,0.04162455957623343,0.08085355215763641,0.95,-0.12102229542190736,0.19750397285584492,0.706,0.294,1.0011269146526678,7700.240827922205,2842.5612371791603,alpha_1|player_id_sigma,0.2238064787730614,0.010269322064901915,0.20445686044223468,0.24414234882650174,1.0011205461412593,1457.2457413859695,2256.1813268167707,1.0425030074973822,0.886014205312138,1.2183579053203497,0.9794028010153372,0.9059673723667001,1.0623794406032405,-2.0597198984662834,-9.40326276332999,6.237944060324052,-2.0597198984662834,0.9592298466366881,0.820776879793023,1.1286500758164542,-4.077015336331192,-17.922312020697696,12.865007581645415,252,422
alpha,player,7571,Alan Franco,Ecuador,0.04143008077218792,0.20321259223794194,0.95,-0.36922111887990344,0.43908782730200613,0.58,0.42,1.0031391857939265,9232.68091119237,2987.937702757159,alpha_1|player_id_sigma,0.2238064787730614,0.010269322064901915,0.20445686044223468,0.24414234882650174,1.0011205461412593,1457.2457413859695,2256.1813268167707,1.0423002824727694,0.6912725401398917,1.551291527154296,0.9794980421885696,0.8028848993116102,1.2027499492950988,-2.0501957811430382,-19.711510068838976,20.27499492950988,-2.0501957811430382,0.9594164146512408,0.6446241615426145,1.4466074405293627,-4.058358534875916,-35.53758384573855,44.66074405293627,253,421
alpha,player,1937,Kai Havertz,Germany,0.04097607649379498,0.15452760785889735,0.95,-0.2665828305218639,0.3463992297765842,0.6155,0.3845,1.0019928385489307,7576.63252168412,2594.3916260398755,alpha_1|player_id_sigma,0.2238064787730614,0.010269322064901915,0.20445686044223468,0.24414234882650174,1.0011205461412593,1457.2457413859695,2256.1813268167707,1.0418271810883093,0.7659925535354709,1.4139670008803786,0.9797204155781478,0.840969728010511,1.1425829159184842,-2.027958442185218,-15.903027198948905,14.258291591848415,-2.027958442185218,0.9598520927006187,0.7072300834300729,1.3054957197487858,-4.014790729938134,-29.276991656992713,30.549571974878575,254,420
alpha,player,13881,Ardon Jashari,Switzerland,0.03983495296430019,0.20458525356840893,0.95,-0.36046043388908483,0.4435861789420771,0.57575,0.42425,1.001772774379937,7419.190262264234,2977.064433943771,alpha_1|player_id_sigma,0.2238064787730614,0.010269322064901915,0.20445686044223468,0.24414234882650174,1.0011205461412593,1457.2457413859695,2256.1813268167707,1.040639005634719,0.6973551661890163,1.5582855008224774,0.9802795660872009,0.8010810993019106,1.1974930145737013,-1.9720433912799096,-19.891890069808937,19.749301457370127,-1.9720433912799096,0.9609480276881108,0.6417309276587576,1.4339895199528108,-3.905197231188917,-35.82690723412424,43.398951995281074,255,419
alpha,player,13783,Bryan Ruiz,Costa Rica,0.03961319003359256,0.1927583415513213,0.95,-0.3396193097665583,0.41301481673336415,0.58275,0.41725,1.0003358975930514,7718.486222609022,2965.9868173121517,alpha_1|player_id_sigma,0.2238064787730614,0.010269322064901915,0.20445686044223468,0.24414234882650174,1.0011205461412593,1457.2457413859695,2256.1813268167707,1.0404082560658168,0.7120413383561608,1.5113674192961621,0.9803882669482891,0.8134202353192693,1.185079255801275,-1.9611733051710933,-18.657976468073066,18.507925580127505,-1.9611733051710933,0.9611611539698697,0.6616524792268554,1.4044128425305038,-3.8838846030130325,-33.834752077314455,40.441284253050384,256,418
alpha,player,1991,Aleksandar Mitrovic,Serbia,0.03886382225397243,0.1384575628195006,0.95,-0.2298260479358646,0.3052667686731699,0.615,0.385,1.0032427685243397,9651.829629878997,2976.8620129067112,alpha_1|player_id_sigma,0.2238064787730614,0.010269322064901915,0.20445686044223468,0.24414234882650174,1.0011205461412593,1457.2457413859695,2256.1813268167707,1.0396288996898195,0.794671825285235,1.3569869563350232,0.9807556714636516,0.8584443832850399,1.1217758657151242,-1.9244328536348387,-14.15556167149601,12.177586571512421,-1.9244328536348387,0.961881687108118,0.7369267591936326,1.2583810929009163,-3.8118312891881945,-26.30732408063674,25.838109290091626,257,417
alpha,player,13960,Hasan Al-Haydos,Qatar,0.03842547497239026,0.12972050119331016,0.95,-0.21810624361817418,0.29739040102101216,0.61775,0.38225,0.9998065752788603,8809.860024187205,2992.0853228758187,alpha_1|player_id_sigma,0.2238064787730614,0.010269322064901915,0.20445686044223468,0.24414234882650174,1.0011205461412593,1457.2457413859695,2256.1813268167707,1.0391732810546768,0.8040400130083764,1.3463408096882885,0.9809706508129356,0.8618317607504705,1.1152215913564048,-1.9029349187064448,-13.816823924952947,11.522159135640475,-1.9029349187064448,0.9623034177563543,0.7427539838382563,1.243719197827512,-3.7696582243645693,-25.72460161617437,24.371919782751196,258,416
alpha,player,12502,Min Jae Kim,South Korea,0.03840026377518648,0.09449627087050506,0.95,-0.14581610738816816,0.22311453960769292,0.6645,0.3355,1.001655405593702,7168.674297183776,3079.9656191443864,alpha_1|player_id_sigma,0.2238064787730614,0.010269322064901915,0.20445686044223468,0.24414234882650174,1.0011205461412593,1457.2457413859695,2256.1813268167707,1.039147082582408,0.8643166300140029,1.2499637358928983,0.9809830166131389,0.894440165523602,1.075631632012713,-1.9016983386861086,-10.555983447639806,7.563163201271306,-1.9016983386861086,0.962327678883414,0.8000232097018883,1.1569834077863326,-3.7672321116586027,-19.997679029811167,15.698340778633257,259,415
alpha,player,1785,Bono,Morocco,0.03774711520273456,0.10928839928252451,0.95,-0.17940045500389043,0.24923041937562893,0.6365,0.3635,1.001759646714386,6640.792876526797,3409.3626554580865,alpha_1|player_id_sigma,0.2238064787730614,0.010269322064901915,0.20445686044223468,0.24414234882650174,1.0011205461412593,1457.2457413859695,2256.1813268167707,1.0384685867522638,0.8357711436376227,1.283037635743148,0.9813034327585785,0.8828365441844516,1.0938463295051575,-1.8696567241421547,-11.716345581554844,9.384632950515748,-1.8696567241421547,0.9629564271437698,0.7794003637475452,1.1964997925719056,-3.7043572856230167,-22.059963625245484,19.649979257190566,260,414
alpha,player,105,Mason Mount,England,0.037386483546864836,0.1289170134965916,0.95,-0.22621210905430417,0.2882800852650142,0.62525,0.37475,1.000623876317949,8264.50699723329,2748.1320300681195,alpha_1|player_id_sigma,0.2238064787730614,0.010269322064901915,0.20445686044223468,0.24414234882650174,1.0011205461412593,1457.2457413859695,2256.1813268167707,1.038094149627253,0.7975489163770287,1.3341309222113926,0.9814803932534212,0.8657664953499836,1.119750681280607,-1.851960674657882,-13.423350465001638,11.975068128060705,-1.851960674657882,0.9633037623408903,0.7495516244705932,1.2538415882283835,-3.6696237659109676,-25.04483755294068,25.384158822838355,261,413
alpha,player,13939,Djorkaeff Reasco,Ecuador,0.0361611542350808,0.21644006709401803,0.95,-0.3897571502751717,0.4554157676305506,0.56575,0.43425,1.0003519952349338,6521.0640660663385,2733.8485098574097,alpha_1|player_id_sigma,0.2238064787730614,0.010269322064901915,0.20445686044223468,0.24414234882650174,1.0011205461412593,1457.2457413859695,2256.1813268167707,1.0368229214329627,0.6772213175404953,1.5768288411564853,0.9820818958416918,0.7963568545874954,1.215163426479314,-1.791810415830819,-20.36431454125046,21.51634264793141,-1.791810415830819,0.9644848501400116,0.6341842398484894,1.4766221530529475,-3.551514985998838,-36.581576015151064,47.66221530529475,262,412
alpha,player,14029,Taha Yassine Khenissi,Tunisia,0.0358527600588389,0.21868314272408151,0.95,-0.3887042328677298,0.4658785887212032,0.5685,0.4315,0.9998564368779917,9146.961755294238,2986.9504969971485,alpha_1|player_id_sigma,0.2238064787730614,0.010269322064901915,0.20445686044223468,0.24414234882650174,1.0011205461412593,1457.2457413859695,2256.1813268167707,1.0365032205816729,0.677934751181863,1.5934135292297593,0.982233341686281,0.7922016631731382,1.2145238614840517,-1.7766658313719041,-20.779833682686178,21.452386148405168,-1.7766658313719041,0.9647823375201983,0.6275834751342864,1.475068210114132,-3.5217662479801737,-37.24165248657136,47.506821011413194,263,411
alpha,player,13910,Kyung-won Kwon,South Korea,0.03571715762870618,0.15933927576844695,0.95,-0.2822051567829119,0.3467124332774272,0.59325,0.40675,1.0039330911942914,8927.769700683628,3104.1038033432856,alpha_1|player_id_sigma,0.2238064787730614,0.010269322064901915,0.20445686044223468,0.24414234882650174,1.0011205461412593,1457.2457413859695,2256.1813268167707,1.0363626777553112,0.7541189560428774,1.4144099296549313,0.9822999405580427,0.840838040990531,1.1515427653310573,-1.7700059441957294,-15.916195900946894,15.154276533105726,-1.7700059441957294,0.9649131732203341,0.707008611176794,1.3260507403862984,-3.5086826779665903,-29.299138882320598,32.605074038629844,264,410
alpha,player,12315,Sam Adekugbe,Canada,0.03551722405121946,0.1342382303835037,0.95,-0.23249493873680874,0.29755648708720206,0.609,0.391,1.0018215090769689,9584.43141957057,2791.7840150061315,alpha_1|player_id_sigma,0.2238064787730614,0.010269322064901915,0.20445686044223468,0.24414234882650174,1.0011205461412593,1457.2457413859695,2256.1813268167707,1.0361554947696818,0.7925537606598029,1.3465644367072724,0.9823981428370845,0.8617601945986165,1.1232738136020337,-1.7601857162915513,-13.823980540138347,12.327381360203372,-1.7601857162915513,0.9651061110497526,0.7426306329946455,1.2617440603240564,-3.4893888950247365,-25.736936700535452,26.17440603240564,265,409
alpha,player,1184,Jordan Morris,United States,0.03545797391505522,0.2202534013666874,0.95,-0.3859270958312546,0.4657554853552786,0.5625,0.4375,1.0028666436639584,8184.595385452002,2828.4061788746258,alpha_1|player_id_sigma,0.2238064787730614,0.010269322064901915,0.20445686044223468,0.24414234882650174,1.0011205461412593,1457.2457413859695,2256.1813268167707,1.0360941042342462,0.6798200855919735,1.5932173867341497,0.9824272468800523,0.7922504260194543,1.212838582218998,-1.757275311994766,-20.77495739805457,21.2838582218998,-1.757275311994766,0.9651632954123193,0.6276607375280068,1.470977426518989,-3.4836704587680734,-37.23392624719932,47.0977426518989,266,408
alpha,player,13906,Andrija Zivkovic,Serbia,0.03525926065237394,0.12717465198306044,0.95,-0.2174494966486576,0.28281220900142306,0.60925,0.39075,0.9996869850172354,10259.609085349804,3014.9782147497267,alpha_1|player_id_sigma,0.2238064787730614,0.010269322064901915,0.20445686044223468,0.24414234882650174,1.0011205461412593,1457.2457413859695,2256.1813268167707,1.0358882390490978,0.8045682372861505,1.3268559668126245,0.9825248623911335,0.8681366858856785,1.1148554422762882,-1.7475137608866542,-13.18633141143215,11.485544227628818,-1.7475137608866542,0.9653551052167156,0.7536613053805693,1.2429026571730581,-3.4644894783284363,-24.63386946194307,24.290265717305815,267,407
alpha,player,8416,Michel Aebischer,Switzerland,0.03492065540502168,0.22410314327878855,0.95,-0.3989974466402261,0.47909254746683216,0.56275,0.43725,1.0031713755877751,8468.370846071148,3112.1804635151752,alpha_1|player_id_sigma,0.2238064787730614,0.010269322064901915,0.20445686044223468,0.24414234882650174,1.0011205461412593,1457.2457413859695,2256.1813268167707,1.0355375412330963,0.6709924146362987,1.6146085565760848,0.982691220510199,0.786984855771959,1.2207906508711268,-1.730877948980103,-21.301514422804104,22.07906508711268,-1.730877948980103,0.9656820348678244,0.6193451632144111,1.4903298132543494,-3.4317965132175554,-38.065483678558884,49.032981325434946,268,406
alpha,player,8099,Rasmus Kristensen,Denmark,0.03425235850998795,0.10483857423322641,0.95,-0.1760129095829202,0.2361170929593787,0.6285,0.3715,1.004508339428244,6218.235262446526,2856.5356023608842,alpha_1|player_id_sigma,0.2238064787730614,0.010269322064901915,0.20445686044223468,0.24414234882650174,1.0011205461412593,1457.2457413859695,2256.1813268167707,1.0348457259043655,0.8386071571985604,1.2663225789443922,0.983019640123317,0.8886440241122806,1.0919951706065505,-1.6980359876683004,-11.13559758877194,9.19951706065505,-1.6980359876683004,0.9663276128681756,0.7896882015904676,1.1924534526280295,-3.367238713182441,-21.03117984095324,19.24534526280295,269,405
alpha,player,940,Matt Turner,United States,0.03344493440518721,0.12149364378764568,0.95,-0.20628866859810988,0.267793734598484,0.61525,0.38475,1.0034504575837582,6758.367263586804,2751.0926861069315,alpha_1|player_id_sigma,0.2238064787730614,0.010269322064901915,0.20445686044223468,0.24414234882650174,1.0011205461412593,1457.2457413859695,2256.1813268167707,1.0340105037551444,0.8135981821346081,1.3070775073410819,0.9834165771185144,0.8746802680901373,1.1086514139533628,-1.658342288148562,-12.531973190986267,10.865141395336275,-1.658342288148562,0.9671081641514949,0.7650655713862345,1.2291079576607906,-3.289183584850508,-23.493442861376547,22.91079576607906,270,404
alpha,player,13984,Karim Ansarifard,Iran,0.031870751366365364,0.20775010767449223,0.95,-0.377567015772748,0.428617682070888,0.56225,0.43775,1.0009169585682558,7512.871284421672,2940.75259059211,alpha_1|player_id_sigma,0.2238064787730614,0.010269322064901915,0.20445686044223468,0.24414234882650174,1.0011205461412593,1457.2457413859695,2256.1813268167707,1.032384062452193,0.685527258905873,1.5351340129333504,0.9841909206660558,0.8070990812110923,1.2077794494514453,-1.5809079333944154,-19.29009187889077,20.777944945144533,-1.5809079333944154,0.9686317683214986,0.6514089268917893,1.4587311985172364,-3.1368231678501446,-34.85910731082107,45.873119851723644,271,403
alpha,player,8133,Matias Vecino,Uruguay,0.03155176427816919,0.12199804753505704,0.95,-0.21374185939555995,0.2645970274534548,0.606,0.394,1.0030442109196311,7349.081535253314,2829.6831654026646,alpha_1|player_id_sigma,0.2238064787730614,0.010269322064901915,0.20445686044223468,0.24414234882650174,1.0011205461412593,1457.2457413859695,2256.1813268167707,1.0320547977845917,0.807556821324564,1.3029058346946398,0.9843479052827456,0.8760794343047312,1.1127906169886155,-1.5652094717254372,-12.392056569526877,11.279061698861547,-1.5652094717254372,0.9689407986345292,0.767515175211698,1.2383029572579036,-3.10592013654708,-23.2484824788302,23.830295725790364,272,402
alpha,player,68,Juan Foyth,Argentina,0.03063757215118883,0.2179976813894923,0.95,-0.40168023160562427,0.4671818599688995,0.56125,0.43875,1.0026414207793053,9769.061171337242,2232.7885333236322,alpha_1|player_id_sigma,0.2238064787730614,0.010269322064901915,0.20445686044223468,0.24414234882650174,1.0011205461412593,1457.2457413859695,2256.1813268167707,1.0311117325509311,0.6691946987951617,1.5954915330753001,0.9847979496842815,0.7916856045075092,1.2224293090693412,-1.520205031571853,-20.831439549249076,22.24293090693412,-1.520205031571853,0.9698270017023646,0.6267660963844203,1.4943334156717472,-3.0172998297635423,-37.323390361557976,49.433341567174715,273,401
alpha,player,13923,Gue-sung Cho,South Korea,0.030484194878414902,0.1477831161497586,0.95,-0.2606981475310547,0.3184390546466045,0.5825,0.4175,1.0019687595725346,8674.123540435809,2980.2419143955303,alpha_1|player_id_sigma,0.2238064787730614,0.010269322064901915,0.20445686044223468,0.24414234882650174,1.0011205461412593,1457.2457413859695,2256.1813268167707,1.0309535955730864,0.7705134659080171,1.374979819999182,0.9848734753921042,0.8528091235140616,1.1392259878292919,-1.5126524607895764,-14.719087648593842,13.922598782929185,-1.5126524607895764,0.9699757625309217,0.7272834011488218,1.2978358513456256,-3.002423746907834,-27.271659885117817,29.783585134562564,274,400
alpha,player,457,Alireza Jahanbakhsh,Iran,0.029896639075537083,0.18067296842475455,0.95,-0.3197235284111939,0.3785619177425193,0.558,0.442,1.0023990099963416,10286.56036333043,2792.6829058715407,alpha_1|player_id_sigma,0.2238064787730614,0.010269322064901915,0.20445686044223468,0.24414234882650174,1.0011205461412593,1457.2457413859695,2256.1813268167707,1.0303480307245014,0.7263498244063982,1.46018321524739,0.9851628519590268,0.8275539654009682,1.17334866099619,-1.4837148040973247,-17.244603459903185,17.334866099619006,-1.4837148040973247,0.9705458448800434,0.6848455656508667,1.3767470802615525,-2.9454155119956638,-31.515443434913326,37.674708026155244,275,399
alpha,player,8584,Fode Ballo-Toure,Senegal,0.029678407802659214,0.21033235634664899,0.95,-0.3777246515646597,0.4488239439429538,0.56,0.44,1.000520082301977,9944.175361859232,3256.110290329342,alpha_1|player_id_sigma,0.2238064787730614,0.010269322064901915,0.20445686044223468,0.24414234882650174,1.0011205461412593,1457.2457413859695,2256.1813268167707,1.0301232010955694,0.685419203790439,1.566468846592483,0.9852703544956115,0.798985906758558,1.2078746478380489,-1.4729645504388489,-20.101409324144203,20.787464783804886,-1.4729645504388489,0.9707576714479079,0.6383784791987951,1.4589611648898906,-2.924232855209208,-36.16215208012049,45.89611648898906,276,398
alpha,player,8039,Antony,Brazil,0.028286700943767118,0.12079927061971937,0.95,-0.20731394727914054,0.25361018726975726,0.59725,0.40275,1.0009296315286933,8925.116178429707,3098.50401256666,alpha_1|player_id_sigma,0.2238064787730614,0.010269322064901915,0.20445686044223468,0.24414234882650174,1.0011205461412593,1457.2457413859695,2256.1813268167707,1.028690568704496,0.8127644447431618,1.2886693666216882,0.9859561968459201,0.8809053499258814,1.109219897984263,-1.4043803154079937,-11.909465007411857,10.92198979842629,-1.4043803154079937,0.9721096220988708,0.7759942355280396,1.2303687820842184,-2.789037790112925,-22.40057644719604,23.03687820842184,277,397
alpha,player,284,Nathan Aké,Netherlands,0.027360497042847393,0.07984711734659805,0.95,-0.12963242317382437,0.17953111102033698,0.6315,0.3685,1.001503098356326,6542.0898196524095,2765.041011962524,alpha_1|player_id_sigma,0.2238064787730614,0.010269322064901915,0.20445686044223468,0.24414234882650174,1.0011205461412593,1457.2457413859695,2256.1813268167707,1.0277382325837179,0.8784182577803399,1.1966561326816478,0.9864129008258372,0.91414547652042,1.0669629109428298,-1.3587099174162787,-8.585452347958,6.69629109428298,-1.3587099174162787,0.9730104109156429,0.8356619522427458,1.138409853327597,-2.6989589084357113,-16.433804775725424,13.840985332759704,278,396
alpha,player,8079,Matheus Nunes,Portugal,0.027341161910926986,0.16144916159948625,0.95,-0.2888037087924562,0.33893438515153124,0.5635,0.4365,0.9996095597136723,7040.144535918082,2903.3072768445563,alpha_1|player_id_sigma,0.2238064787730614,0.010269322064901915,0.20445686044223468,0.24414234882650174,1.0011205461412593,1457.2457413859695,2256.1813268167707,1.0277183613215186,0.7491592443436864,1.403451254950088,0.986422437083716,0.844114447246869,1.1553482970429099,-1.357756291628398,-15.588555275313098,15.534829704290987,-1.357756291628398,0.9730292243821778,0.7125292000508873,1.3348296874799521,-2.697077561782224,-28.747079994911275,33.482968747995216,279,395
alpha,player,13055,Nicolas Jackson,Senegal,0.027119789246744894,0.201227095378826,0.95,-0.38272547983947713,0.42206178340301237,0.55425,0.44575,1.001896282724123,8130.40565609416,2583.4006590564795,alpha_1|player_id_sigma,0.2238064787730614,0.010269322064901915,0.20445686044223468,0.24414234882650174,1.0011205461412593,1457.2457413859695,2256.1813268167707,1.0274908777500953,0.6820000963660597,1.52510274781024,0.9865316266079517,0.8097490519688934,1.2108986136917026,-1.3468373392048316,-19.025094803110665,21.089861369170258,-1.3468373392048316,0.973244650297731,0.6556935271645216,1.466275452640487,-2.6755349702269005,-34.43064728354784,46.627545264048706,280,394
alpha,player,7175,Sorba Thomas,Wales,0.026980837698533038,0.21324559032280735,0.95,-0.40346030003416894,0.4459475465977527,0.557,0.443,1.0003441784067666,9672.721594002043,2617.311276125006,alpha_1|player_id_sigma,0.2238064787730614,0.010269322064901915,0.20445686044223468,0.24414234882650174,1.0011205461412593,1457.2457413859695,2256.1813268167707,1.0273481162205558,0.6680045460302322,1.5619695337686839,0.9866001690373818,0.800135833942749,1.2235177973029723,-1.3399830962618209,-19.9864166057251,22.351779730297228,-1.3399830962618209,0.9733798935445904,0.6402173527592585,1.4969958003171173,-2.6620106455409576,-35.97826472407415,49.69958003171173,281,393
alpha,player,7008,Brennan Johnson,Wales,0.026022660769385433,0.1821721779153564,0.95,-0.3336352597623757,0.37435715238359446,0.56,0.44,0.999850491154918,9168.1652876605,2812.351516536576,alpha_1|player_id_sigma,0.2238064787730614,0.010269322064901915,0.20445686044223468,0.24414234882650174,1.0011205461412593,1457.2457413859695,2256.1813268167707,1.0263642064125067,0.7163150034899466,1.4540563774308377,0.9870729510406733,0.8292956307061178,1.1815387682932958,-1.2927048959326726,-17.070436929388222,18.153876829329583,-1.2927048959326726,0.9743130106761433,0.6877312431082577,1.3960338609800387,-2.5686989323856713,-31.22687568917423,39.60338609800387,282,392
alpha,player,2074,Raphinha,Brazil,0.02582868568198312,0.10155938038613602,0.95,-0.1768927799530674,0.22646012390778117,0.60475,0.39525,1.0004949246312858,7389.11868233447,3232.290142427181,alpha_1|player_id_sigma,0.2238064787730614,0.010269322064901915,0.20445686044223468,0.24414234882650174,1.0011205461412593,1457.2457413859695,2256.1813268167707,1.0261651366337743,0.8378696161265979,1.254152598132115,0.9871686894642907,0.8929452037647816,1.0924756833935219,-1.2831310535709295,-10.70547962352184,9.247568339352185,-1.2831310535709295,0.9745020214586453,0.7973511369265273,1.1935031188061425,-2.5497978541354716,-20.264886307347275,19.350311880614246,283,391
alpha,player,13907,Seun-gyu Kim,South Korea,0.025317020187646387,0.1288080439509322,0.95,-0.22717546394575486,0.27458458128052277,0.58775,0.41225,1.000635639065241,7381.152167849133,3097.1910035605565,alpha_1|player_id_sigma,0.2238064787730614,0.010269322064901915,0.20445686044223468,0.24414234882650174,1.0011205461412593,1457.2457413859695,2256.1813268167707,1.0256402176447865,0.7967809636921451,1.3159838769634218,0.9874212718500802,0.8717153946406686,1.1202901698479224,-1.2578728149919782,-12.82846053593314,12.02901698479224,-1.2578728149919782,0.97500076810203,0.7598877292535365,1.2550500646578866,-2.4999231897970042,-24.011227074646346,25.50500646578866,284,390
alpha,player,9094,Cyle Larin,Canada,0.025146439440605246,0.16671093807428616,0.95,-0.3079793585292726,0.3398200770461348,0.56525,0.43475,1.003755047866673,7439.006324255604,2958.1437348545305,alpha_1|player_id_sigma,0.2238064787730614,0.010269322064901915,0.20445686044223468,0.24414234882650174,1.0011205461412593,1457.2457413859695,2256.1813268167707,1.0254652780913494,0.7349304878986564,1.404694830982381,0.9875054929707529,0.8437407173433412,1.1664788477968187,-1.2494507029247148,-15.625928265665879,16.647884779681867,-1.2494507029247148,0.9751670986474095,0.711898398103056,1.3606729023573934,-2.483290135259053,-28.8101601896944,36.067290235739335,285,389
alpha,player,13950,Musab Khoder,Qatar,0.0247712709359679,0.2286250011911643,0.95,-0.4330808133344509,0.4740587698048568,0.54775,0.45225,1.0008148596381239,7394.832834130518,2818.8399160979943,alpha_1|player_id_sigma,0.2238064787730614,0.010269322064901915,0.20445686044223468,0.24414234882650174,1.0011205461412593,1457.2457413859695,2256.1813268167707,1.0250806279752263,0.648508081586791,1.6065013980268394,0.9876907508254972,0.7889681039262273,1.2417732602590186,-1.2309249174502823,-21.10318960737727,24.177326025901856,-1.2309249174502823,0.9755330192662343,0.6224706690129461,1.5420008298943122,-2.446698073376574,-37.75293309870539,54.20008298943122,286,388
alpha,player,8009,Darwin Nunez,Uruguay,0.02407390960898765,0.13999872094386265,0.95,-0.25620542937833335,0.29739740448491125,0.57075,0.42925,1.0010579468288106,9816.73384156906,2713.156081183742,alpha_1|player_id_sigma,0.2238064787730614,0.010269322064901915,0.20445686044223468,0.24414234882650174,1.0011205461412593,1457.2457413859695,2256.1813268167707,1.0243660255852352,0.7739829536226106,1.346350238770563,0.9880351995396314,0.8618287428519428,1.1366697493811508,-1.196480046036863,-13.817125714805723,13.666974938115084,-1.196480046036863,0.9762135555293191,0.74274878200576,1.2920181191582083,-2.37864444706809,-25.725121799424,29.20181191582083,287,387
alpha,player,12586,Sofyan Amrabat,Morocco,0.023376925438022746,0.07539356612163796,0.95,-0.1268766884976418,0.16917610772665814,0.626,0.374,1.000797119306076,6814.2719202976095,3202.9269127323482,alpha_1|player_id_sigma,0.2238064787730614,0.010269322064901915,0.20445686044223468,0.24414234882650174,1.0011205461412593,1457.2457413859695,2256.1813268167707,1.023652307434148,0.8808422838858753,1.1843286899929137,0.9883795819906429,0.9188907399347968,1.065493789956228,-1.1620418009357092,-8.110926006520325,6.549378995622801,-1.1620418009357092,0.976894198095998,0.8443601919379183,1.1352770164352863,-2.310580190400202,-15.563980806208166,13.527701643528633,288,386
alpha,player,14011,Saleh Al-Shehri,Saudi Arabia,0.023337696581199684,0.15027789530107089,0.95,-0.27731493913481675,0.30807155491585597,0.5685,0.4315,0.9993866464624453,8601.002836826898,2985.091433919217,alpha_1|player_id_sigma,0.2238064787730614,0.010269322064901915,0.20445686044223468,0.24414234882650174,1.0011205461412593,1457.2457413859695,2256.1813268167707,1.0236121515119836,0.7578157936735443,1.3607983572654685,0.9883989686813262,0.8572413505464518,1.1487305574325306,-1.160103131867385,-14.275864945354822,14.873055743253062,-1.160103131867385,0.976932521290309,0.7348627330867046,1.3195818935792527,-2.3067478709690947,-26.51372669132954,31.95818935792527,289,385
alpha,player,13822,Jason Cummings,Australia,0.022756811690777208,0.21883163729597555,0.95,-0.41411894605072286,0.4657721171866557,0.54425,0.45575,1.0027762463972212,9026.314883051955,2943.7203990907774,alpha_1|player_id_sigma,0.2238064787730614,0.010269322064901915,0.20445686044223468,0.24414234882650174,1.0011205461412593,1457.2457413859695,2256.1813268167707,1.023017723343403,0.6609223324890245,1.5932438850774302,0.9886860833877645,0.792243837759101,1.2300557247407307,-1.1313916612235464,-20.775616224089898,23.005572474073066,-1.1313916612235464,0.9775001714846376,0.6276502984672688,1.5130370859674442,-2.2499828515362363,-37.23497015327312,51.30370859674442,290,384
alpha,player,462,Wayne Hennessey,Wales,0.021934203463322713,0.15322786325901078,0.95,-0.27175040729760364,0.3244525777315944,0.55925,0.44075,1.0019402705933127,8364.389128395416,2760.8165715167943,alpha_1|player_id_sigma,0.2238064787730614,0.010269322064901915,0.20445686044223468,0.24414234882650174,1.0011205461412593,1457.2457413859695,2256.1813268167707,1.0221765265824725,0.7620444380861031,1.3832732041241707,0.9890928176810568,0.850248780937111,1.145538925596035,-1.0907182318943165,-14.975121906288901,14.55389255960351,-1.0907182318943165,0.9783046019882523,0.7229229894850433,1.3122594300557187,-2.169539801174769,-27.70770105149567,31.225943005571864,291,383
alpha,player,7419,Krystian Bielik,Poland,0.0209113044638456,0.12079530161856242,0.95,-0.21954049810738657,0.25799153735253766,0.57475,0.42525,0.9998117152446357,7533.494602675607,3012.603319557158,alpha_1|player_id_sigma,0.2238064787730614,0.010269322064901915,0.20445686044223468,0.24414234882650174,1.0011205461412593,1457.2457413859695,2256.1813268167707,1.021131477816932,0.8028876416046861,1.2943278651374668,0.9895988180936538,0.8789776847768513,1.1160216339752322,-1.0401181906346202,-12.102231522314867,11.602163397523224,-1.0401181906346202,0.9793058207723564,0.7726017703356738,1.2455042875007474,-2.0694179227643605,-22.73982296643262,24.550428750074737,292,382
alpha,player,13880,Fabian Frei,Switzerland,0.020556481307270304,0.2003112750252652,0.95,-0.3735526929863019,0.4131528645676235,0.535,0.465,1.0007452914031085,7936.50528233101,2803.919232947184,alpha_1|player_id_sigma,0.2238064787730614,0.010269322064901915,0.20445686044223468,0.24414234882650174,1.0011205461412593,1457.2457413859695,2256.1813268167707,1.0207692209950499,0.6882847175636027,1.5115760746970477,0.9897743999565105,0.8133640918059999,1.2053576724306982,-1.0225600043489491,-18.66359081940001,20.535767243069824,-1.0225600043489491,0.9796533628092704,0.6615611458393991,1.4528871184875503,-2.03466371907296,-33.84388541606009,45.28871184875503,293,381
alpha,player,1225,Richie Laryea,Canada,0.019975166792601834,0.14679352734841916,0.95,-0.2706232644513348,0.3017429904260078,0.55975,0.44025,1.0002752681906328,8199.239106240473,2974.3760708625687,alpha_1|player_id_sigma,0.2238064787730614,0.010269322064901915,0.20445686044223468,0.24414234882650174,1.0011205461412593,1457.2457413859695,2256.1813268167707,1.0201760054698614,0.7629038552750117,1.3522136501919668,0.9900621268819154,0.8599582003044139,1.1448935144781949,-0.9937873118084584,-14.004179969558606,14.489351447819487,-0.9937873118084584,0.9802230150859419,0.7395281062708065,1.3107811594942325,-1.9776984914058104,-26.047189372919355,31.078115949423246,294,380
alpha,player,926,Alistair Johnston,Canada,0.019387249586298966,0.10514227380677085,0.95,-0.18985544580458294,0.22082479078921194,0.58175,0.41825,1.0010825656593314,9032.795002863088,2904.440665848894,alpha_1|player_id_sigma,0.2238064787730614,0.010269322064901915,0.20445686044223468,0.24414234882650174,1.0011205461412593,1457.2457413859695,2256.1813268167707,1.0195764027184466,0.8270786829960627,1.2471049071544145,0.9903532069424147,0.895464773591569,1.0995793778478131,-0.9646793057585312,-10.453522640843104,9.957937784781311,-0.9646793057585312,0.9807994745011251,0.8018571607433999,1.2090748081881837,-1.9200525498874854,-19.814283925660014,20.90748081881837,295,379
alpha,player,5173,Ismael Kone,Canada,0.01911160094775919,0.11425151701925262,0.95,-0.21330133125440207,0.23337641629471012,0.56775,0.43225,1.0020305499514093,7740.564259791437,2808.129394248517,alpha_1|player_id_sigma,0.2238064787730614,0.010269322064901915,0.20445686044223468,0.24414234882650174,1.0011205461412593,1457.2457413859695,2256.1813268167707,1.0192953966024059,0.8079126512007239,1.2628567497303707,0.9904897111055788,0.889862601823506,1.1125455361898535,-0.9510288894421182,-11.013739817649403,11.254553618985351,-0.9510288894421182,0.981069867806013,0.7918554501240995,1.2377575700959689,-1.8930132193986982,-20.814454987590047,23.775757009596887,296,378
alpha,player,916,Walker Zimmerman,United States,0.0188699090432896,0.08959831463544493,0.95,-0.15646850131413068,0.19101807390586575,0.583,0.417,1.002272883005815,6906.030664447351,2987.9503530235706,alpha_1|player_id_sigma,0.2238064787730614,0.010269322064901915,0.20445686044223468,0.24414234882650174,1.0011205461412593,1457.2457413859695,2256.1813268167707,1.019049070925444,0.8551584536461841,1.2104813300091999,0.9906094150106167,0.9089101478383311,1.0813759420279832,-0.9390584989383277,-9.108985216166888,8.137594202798315,-0.9390584989383277,0.9813070131076762,0.8261176568434969,1.169373927996908,-1.8692986892323793,-17.38823431565031,16.937392799690798,297,377
alpha,player,1368,Jose Gimenez,Uruguay,0.01837565863365873,0.10310921462313793,0.95,-0.18569722011531298,0.2187030763935614,0.57075,0.42925,1.0027099396486454,7710.850271705069,3083.4814359814086,alpha_1|player_id_sigma,0.2238064787730614,0.010269322064901915,0.20445686044223468,0.24414234882650174,1.0011205461412593,1457.2457413859695,2256.1813268167707,1.0185455299526218,0.8305250231870607,1.2444617117644396,0.990854249816373,0.8964152379063483,1.0972956031749368,-0.9145750183626955,-10.358476209365175,9.729560317493679,-0.9145750183626955,0.9817921443791674,0.8035602787506949,1.2040576407470485,-1.8207855620832603,-19.64397212493051,20.405764074704848,298,376
alpha,player,8062,Aaron Ramsey,Wales,0.018324576400047237,0.11546964434118011,0.95,-0.20354862079551028,0.24133461204079537,0.56725,0.43275,1.000491096427073,7994.635666186088,2922.8295667799784,alpha_1|player_id_sigma,0.2238064787730614,0.010269322064901915,0.20445686044223468,0.24414234882650174,1.0011205461412593,1457.2457413859695,2256.1813268167707,1.018493501700788,0.8158305370286418,1.2729469074158026,0.9908795576636991,0.886328786797854,1.1071335749932747,-0.9120442336300938,-11.3671213202146,10.713357499327469,-0.9120442336300938,0.9818422977958078,0.7855787183065557,1.2257447528773888,-1.8157702204192216,-21.442128169344432,22.57447528773888,299,375
alpha,player,1536,Martin Braithwaite,Denmark,0.01744606473057198,0.17626688586626418,0.95,-0.32957920167606736,0.35099059226262447,0.5405,0.4595,1.000371359386552,9787.121163710957,2719.0193070086602,alpha_1|player_id_sigma,0.2238064787730614,0.010269322064901915,0.20445686044223468,0.24414234882650174,1.0011205461412593,1457.2457413859695,2256.1813268167707,1.0175991361870504,0.7192263189932733,1.420473962403348,0.9913149028978924,0.8390413439044867,1.179145001490328,-0.8685097102107631,-16.09586560955133,17.914500149032797,-0.8685097102107631,0.9827052367074577,0.7039903767810471,1.3903829345396252,-1.7294763292542314,-29.600962321895285,39.038293453962524,300,374
alpha,player,8854,Jackson Irvine,Australia,0.015582442257936374,0.10943457862292465,0.95,-0.19493901982698,0.22891630318450565,0.55675,0.44325,1.0017792704348762,9379.527158858578,2951.063143284968,alpha_1|player_id_sigma,0.2238064787730614,0.010269322064901915,0.20445686044223468,0.24414234882650174,1.0011205461412593,1457.2457413859695,2256.1813268167707,1.0157044815775305,0.8228848361857535,1.257236807889003,0.9922390517624221,0.8918492601086792,1.1023778294555238,-0.7760948237577892,-10.815073989132085,10.237782945552375,-0.7760948237577892,0.9845383358423907,0.7953951027563985,1.215236878875072,-1.54616641576093,-20.460489724360155,21.523687887507204,301,373
alpha,player,1681,Achraf Hakimi,Morocco,0.014759477985789363,0.07735460891981208,0.95,-0.14224310321705416,0.16044275061500585,0.584,0.416,1.0010601101073795,7160.569906298286,3328.199759042093,alpha_1|player_id_sigma,0.2238064787730614,0.010269322064901915,0.20445686044223468,0.24414234882650174,1.0011205461412593,1457.2457413859695,2256.1813268167707,1.0148689369369834,0.8674103606030502,1.1740305586891924,0.9926474244202016,0.9229120138395182,1.073711729324538,-0.7352575579798404,-7.708798616048185,7.371172932453796,-0.7352575579798404,0.9853489092080598,0.8517665852893149,1.15285687768909,-1.4651090791940158,-14.823341471068508,15.285687768908996,302,372
alpha,player,5063,Mathias Jensen,Denmark,0.014713072922935803,0.14968870128030298,0.95,-0.28070188303876614,0.3000242006725437,0.545,0.455,1.0015798733522767,7487.847853107909,2928.1741591919495,alpha_1|player_id_sigma,0.2238064787730614,0.010269322064901915,0.20445686044223468,0.24414234882650174,1.0011205461412593,1457.2457413859695,2256.1813268167707,1.0148218429728844,0.7552534557876506,1.3498914754622764,0.992670456620464,0.8606975616321225,1.1506775485340235,-0.7329543379535952,-13.930243836787747,15.067754853402349,-0.7329543379535952,0.9853946354470806,0.7408002925994814,1.32405882070027,-1.4605364552919387,-25.919970740051856,32.40588207002699,303,371
alpha,player,6019,Nikola Vlasic,Croatia,0.01362958445791769,0.1448491768020898,0.95,-0.27710304755208753,0.29888195450471466,0.5415,0.4585,0.9999830843345375,8779.850146427689,2905.89896836936,alpha_1|player_id_sigma,0.2238064787730614,0.010269322064901915,0.20445686044223468,0.24414234882650174,1.0011205461412593,1457.2457413859695,2256.1813268167707,1.0137228906705558,0.7579763854749076,1.3483504473817058,0.9932083758092733,0.8611892662764106,1.1486088607113003,-0.6791624190726653,-13.881073372358943,14.86088607113003,-0.6791624190726653,0.9864628777776948,0.7416469523497025,1.3193023149045113,-1.3537122222305187,-25.835304765029754,31.930231490451135,304,370
alpha,player,5135,Josh Sargent,United States,0.013210692528606707,0.15791193155055097,0.95,-0.2952561548925817,0.31758942067374873,0.53775,0.46225,1.0030138291460557,8538.95535124682,2618.0971083930876,alpha_1|player_id_sigma,0.2238064787730614,0.010269322064901915,0.20445686044223468,0.24414234882650174,1.0011205461412593,1457.2457413859695,2256.1813268167707,1.013298339259884,0.7443408964813554,1.3738120865753605,0.9934164210820096,0.8531714882798153,1.159081727551173,-0.658357891799044,-14.682851172018474,15.908172755117288,-0.658357891799044,0.9868761856753885,0.7279015884135949,1.3434704511430113,-1.3123814324611516,-27.209841158640515,34.34704511430113,305,369
alpha,player,8032,Kenneth Taylor,Netherlands,0.01318163135335675,0.20171163222960187,0.95,-0.3836707506781538,0.41162549625996386,0.528,0.472,1.0025859346417958,10017.117216459366,2843.605131364693,alpha_1|player_id_sigma,0.2238064787730614,0.010269322064901915,0.20445686044223468,0.24414234882650174,1.0011205461412593,1457.2457413859695,2256.1813268167707,1.0132688920471535,0.681355726163152,1.5092691035517316,0.9934308561112386,0.8139854823170494,1.211471062534904,-0.6569143888761397,-18.601451768295064,21.14710625349041,-0.6569143888761397,0.9869048658739086,0.6625723654229195,1.4676621353594497,-1.3095134126091423,-33.742763457708044,46.76621353594497,306,368
alpha,player,5009,Wout Weghorst,Netherlands,0.012410861700023828,0.20189351866124183,0.95,-0.3801989688643621,0.4099237948646025,0.5225,0.4775,1.0017026643999012,9511.249718175677,2658.7522432532182,alpha_1|player_id_sigma,0.2238064787730614,0.010269322064901915,0.20445686044223468,0.24414234882650174,1.0011205461412593,1457.2457413859695,2256.1813268167707,1.0124881960415422,0.683725355620047,1.5067029622346217,0.9938137830719069,0.814678357157301,1.2093699051511018,-0.6186216928093069,-18.532164284269903,20.936990515110175,-0.6186216928093069,0.9876658354236953,0.6637008256205189,1.4625755674851848,-1.2334164576304651,-33.62991743794811,46.25755674851848,307,367
alpha,player,11843,Issahaku Fatawu,Ghana,0.01033657682587373,0.2208518922839902,0.95,-0.4211294547314955,0.4367291968036353,0.517,0.483,1.0033776320880452,7839.100376097467,2414.6305687283857,alpha_1|player_id_sigma,0.2238064787730614,0.010269322064901915,0.20445686044223468,0.24414234882650174,1.0011205461412593,1457.2457413859695,2256.1813268167707,1.010390183781039,0.6563051341046654,1.5476369152802574,0.9948450442107855,0.8038323122561716,1.2343749484752113,-0.5154955789214544,-19.61676877438284,23.437494847521133,-0.5154955789214544,0.9897166619907597,0.6461463862271033,1.5236815134231805,-1.0283338009240306,-35.38536137728967,52.36815134231805,308,366
alpha,player,13829,Weverton,Brazil,0.009817690104222256,0.22182065670574094,0.95,-0.43463177080936644,0.4574463603706949,0.52075,0.47925,0.999800819743368,9628.455400946183,2512.9146615252307,alpha_1|player_id_sigma,0.2238064787730614,0.010269322064901915,0.20445686044223468,0.24414234882650174,1.0011205461412593,1457.2457413859695,2256.1813268167707,1.009866041727924,0.647503052710099,1.580033991429908,0.9951031836373886,0.7955487266778373,1.2427366024965272,-0.48968163626114114,-20.445127332216273,24.273660249652718,-0.48968163626114114,0.9902303460852663,0.6328977765187283,1.5443942631846115,-0.9769653914733722,-36.710222348127175,54.439426318461145,309,365
alpha,player,1380,Thomas Partey,Ghana,0.008953723735012655,0.09729790691564144,0.95,-0.18689895008470878,0.19586681394392297,0.543,0.457,1.0034860207747205,7093.157722955821,2970.64312304309,alpha_1|player_id_sigma,0.2238064787730614,0.010269322064901915,0.20445686044223468,0.24414234882650174,1.0011205461412593,1457.2457413859695,2256.1813268167707,1.0089939282230815,0.8295275558396076,1.2163648917029009,0.9955331443408774,0.9067092822601611,1.0979551278035327,-0.4466855659122637,-9.329071773983888,9.795512780353267,-0.4466855659122637,0.9910862414812341,0.8221217225367367,1.2055054626700719,-0.8913758518765857,-17.787827746326336,20.550546267007185,310,364
alpha,player,13790,Brandon Aguilera,Costa Rica,0.007659760503153286,0.16369076542080213,0.95,-0.3166544680313095,0.3313720417420384,0.5245,0.4755,1.0029649913248853,8657.88934448029,2891.983935519382,alpha_1|player_id_sigma,0.2238064787730614,0.010269322064901915,0.20445686044223468,0.24414234882650174,1.0011205461412593,1457.2457413859695,2256.1813268167707,1.0076891715144458,0.7285824601689435,1.3928779046446007,0.9961774443859822,0.8473122307847214,1.1715495028368714,-0.38225556140177863,-15.26877692152786,17.154950283687143,-0.38225556140177863,0.9923695007033867,0.7179380164373809,1.3725282375973207,-0.7630499296613302,-28.206198356261915,37.25282375973207,311,363
alpha,player,7605,Olivier Ntcham,Cameroon,0.007079652492218076,0.19341612910556183,0.95,-0.36945720425133594,0.3865464833324613,0.5175,0.4825,1.0005964864254813,8439.141502987357,3371.637559920969,alpha_1|player_id_sigma,0.2238064787730614,0.010269322064901915,0.20445686044223468,0.24414234882650174,1.0011205461412593,1457.2457413859695,2256.1813268167707,1.007104772477188,0.6911093600684636,1.471888813773332,0.9964664315527993,0.8242567220862419,1.202891933509293,-0.35335684472006523,-17.57432779137581,20.289193350929292,-0.35335684472006523,0.9929453492115698,0.6793991439043562,1.446949003701725,-0.705465078843015,-32.06008560956438,44.6949003701725,312,362
alpha,player,8011,Haris Seferovic,Switzerland,0.00697712165936701,0.19006438645718068,0.95,-0.3733279256012274,0.36810803159620403,0.5235,0.4765,1.0025855987842296,8241.49559547687,3038.6859625813754,alpha_1|player_id_sigma,0.2238064787730614,0.010269322064901915,0.20445686044223468,0.24414234882650174,1.0011205461412593,1457.2457413859695,2256.1813268167707,1.0070015184795473,0.6884394389072607,1.4449981359971655,0.9965175171288175,0.8318908673639087,1.2052222174962477,-0.34824828711824685,-16.81091326360913,20.52222174962477,-0.34824828711824685,0.9930471619445831,0.6920424152034764,1.4525605935465726,-0.695283805541691,-30.795758479652356,45.25605935465726,313,361
alpha,player,13800,Ayase Ueda,Japan,0.006753477258418752,0.1921261268441512,0.95,-0.37989360816527906,0.3925757199430125,0.51875,0.48125,1.0009181745641542,7858.936608223649,2939.1732560225755,alpha_1|player_id_sigma,0.2238064787730614,0.010269322064901915,0.20445686044223468,0.24414234882650174,1.0011205461412593,1457.2457413859695,2256.1813268167707,1.0067763334098214,0.6839341703529038,1.480789986369466,0.9966289561409555,0.8217756443138158,1.2091852722265266,-0.337104385904452,-17.822435568618424,20.91852722265266,-0.337104385904452,0.9932692762186106,0.6753152095873871,1.4621290225695394,-0.6730723781389392,-32.46847904126129,46.21290225695394,314,360
alpha,player,13969,Hossein Hosseini,Iran,0.006013822252764828,0.17229524193341297,0.95,-0.32470123107906385,0.3447959236118822,0.51225,0.48775,1.0020121550641665,8848.387270344841,3194.0360083573196,alpha_1|player_id_sigma,0.2238064787730614,0.010269322064901915,0.20445686044223468,0.24414234882650174,1.0011205461412593,1457.2457413859695,2256.1813268167707,1.006031941585748,0.7227432546105104,1.4117017952654882,0.996997605103111,0.8416441642809733,1.1762725884773606,-0.3002394896889027,-15.835583571902667,17.62725884773606,-0.3002394896889027,0.9940042245813387,0.708364899268218,1.3836172024032303,-0.5995775418661253,-29.1635100731782,38.361720240323024,315,359
alpha,player,8031,Mohammed Kudus,Ghana,0.005937782525984287,0.11531040068047092,0.95,-0.21888658840234218,0.22741059084640317,0.52825,0.47175,0.9999267098423433,8977.061687658032,3220.8779593817367,alpha_1|player_id_sigma,0.2238064787730614,0.010269322064901915,0.20445686044223468,0.24414234882650174,1.0011205461412593,1457.2457413859695,2256.1813268167707,1.0059554461001619,0.8034128293195494,1.255345195384975,0.9970355115364515,0.8925209471361514,1.1156568049310476,-0.2964488463548465,-10.747905286384862,11.565680493104757,-0.2964488463548465,0.9940798112647536,0.7965936410768126,1.2446901063889535,-0.5920188735246357,-20.340635892318737,24.469010638895348,316,358
alpha,player,9089,Andreas Skov Olsen,Denmark,0.005173238355712922,0.1412907349867558,0.95,-0.2703915129883947,0.28174191051018765,0.51875,0.48125,1.0013757556465326,8906.448145600752,2850.8345158150114,alpha_1|player_id_sigma,0.2238064787730614,0.010269322064901915,0.20445686044223468,0.24414234882650174,1.0011205461412593,1457.2457413859695,2256.1813268167707,1.0051866426578373,0.7630806798484397,1.3254365945847308,0.9974167232390548,0.8686013929109399,1.144760856790801,-0.25832767609451635,-13.139860708906015,14.476085679080096,-0.25832767609451635,0.9948401197969333,0.754468379766825,1.310477419240409,-0.515988020306668,-24.553162023317498,31.047741924040896,317,357
alpha,player,4717,Breel Embolo,Switzerland,0.0049759811798418645,0.1323308438510931,0.95,-0.257807662595391,0.2598351149558636,0.521,0.479,1.0010603108598721,9333.71842020543,2959.855841946159,alpha_1|player_id_sigma,0.2238064787730614,0.010269322064901915,0.20445686044223468,0.24414234882650174,1.0011205461412593,1457.2457413859695,2256.1813268167707,1.0049883819343013,0.7727438453601704,1.2967162599200908,0.9975151018934454,0.8781678263066911,1.137580719243615,-0.24848981065546116,-12.18321736933089,13.758071924361492,-0.24848981065546116,0.9950363785054906,0.7711787311602187,1.2940898927948203,-0.49636214945093515,-22.882126883978128,29.408989279482036,318,356
alpha,player,401,Sofiane Boufal,Morocco,0.0046043370290834,0.10292055034128479,0.95,-0.2040499414213579,0.20622934695425707,0.5225,0.4775,1.0017283771367067,9278.177232541993,2746.335565293917,alpha_1|player_id_sigma,0.2238064787730614,0.010269322064901915,0.20445686044223468,0.24414234882650174,1.0011205461412593,1457.2457413859695,2256.1813268167707,1.0046149532761617,0.8154216468543357,1.2290350471188776,0.9977004794429883,0.9020235293759169,1.1074111242254663,-0.22995205570116584,-9.79764706240831,10.741112422546628,-0.22995205570116584,0.9954062466807688,0.8136464475477856,1.2263593980583114,-0.4593753319231175,-18.63535524522144,22.63593980583114,319,355
alpha,player,13876,Christian Bassogog,Cameroon,0.0035997341974423423,0.19488808043158387,0.95,-0.37858755282561973,0.3772914367142543,0.5145,0.4855,1.001485782766691,8505.503744314403,2976.9220493941443,alpha_1|player_id_sigma,0.2238064787730614,0.010269322064901915,0.20445686044223468,0.24414234882650174,1.0011205461412593,1457.2457413859695,2256.1813268167707,1.0036062210218675,0.684828009802904,1.458329258132674,0.9982017516907178,0.8280798282144204,1.2083958985552887,-0.17982483092822132,-17.19201717855796,20.83958985552887,-0.17982483092822132,0.9964067370784173,0.6857162018956239,1.4602206476452437,-0.3593262921582685,-31.42837981043761,46.02206476452437,320,354
alpha,player,3903,Krépin Diatta,Senegal,0.002734421186068032,0.12465228203369434,0.95,-0.24325849553745132,0.2463021722991886,0.5095,0.4905,1.000722822225387,7654.218594254484,2890.701411858835,alpha_1|player_id_sigma,0.2238064787730614,0.010269322064901915,0.20445686044223468,0.24414234882650174,1.0011205461412593,1457.2457413859695,2256.1813268167707,1.0027381631255816,0.7840688092853276,1.2792860799591321,0.998633723613568,0.8841300726608643,1.1293353205631247,-0.13662763864320526,-11.58699273391357,12.933532056312469,-0.13662763864320526,0.9972693139383,0.7816859853833052,1.2753982662714156,-0.2730686061700016,-21.831401461669476,27.53982662714156,321,353
alpha,player,14030,Anis Slimane,Tunisia,0.0019371721479848956,0.15158471131560025,0.95,-0.2997450362757429,0.28691685346324647,0.51475,0.48525,1.0021872774846177,9437.171174567764,2816.5904792700553,alpha_1|player_id_sigma,0.2238064787730614,0.010269322064901915,0.20445686044223468,0.24414234882650174,1.0011205461412593,1457.2457413859695,2256.1813268167707,1.001939049678121,0.7410071265353071,1.3323134316224663,0.9990318828540876,0.8663568167230287,1.1616861393759816,-0.09681171459123838,-13.364318327697134,16.168613937598163,-0.09681171459123838,0.9980647029589834,0.7505741338824594,1.3495146864182723,-0.19352970410165815,-24.94258661175406,34.95146864182723,322,352
alpha,player,9806,Lois Openda,Belgium,0.001597237117408659,0.1995860074748744,0.95,-0.3865845471986942,0.39121557342373126,0.5025,0.4975,1.0038493822455812,8022.697307895396,3049.367018770826,alpha_1|player_id_sigma,0.2238064787730614,0.010269322064901915,0.20445686044223468,0.24414234882650174,1.0011205461412593,1457.2457413859695,2256.1813268167707,1.001598513380021,0.679373283838394,1.4787772641325858,0.9992017002522218,0.8223347020334935,1.213237338948378,-0.07982997477782305,-17.766529796650655,21.323733894837794,-0.07982997477782305,0.9984040377869308,0.6762343621685144,1.4719448406185414,-0.15959622130692352,-32.37656378314856,47.19448406185413,323,351
alpha,player,9090,Charles De Ketelaere,Belgium,0.00012205344105469008,0.21231495692661867,0.95,-0.41793123352364137,0.41232838647472664,0.50975,0.49025,1.0024718580699805,8855.830706300037,2793.906306680797,alpha_1|player_id_sigma,0.2238064787730614,0.010269322064901915,0.20445686044223468,0.24414234882650174,1.0011205461412593,1457.2457413859695,2256.1813268167707,1.0001220608898789,0.6584075032321202,1.5103303269541426,0.999938975141565,0.8136994613650856,1.2324026238088217,-0.0061024858434954865,-18.630053863491437,23.24026238088217,-0.0061024858434954865,0.9998779540071635,0.6621068134258304,1.5188162271708683,-0.012204599283649475,-33.789318657416956,51.88162271708683,324,350
alpha,player,4928,Wataru Endo,Japan,-0.0003475929670395527,0.09377793190081546,0.95,-0.1862315635659136,0.1803279061943039,0.495,0.505,1.0028284045647071,8673.774203569601,2697.835619057745,alpha_1|player_id_sigma,0.2238064787730614,0.010269322064901915,0.20445686044223468,0.24414234882650174,1.0011205461412593,1457.2457413859695,2256.1813268167707,0.999652467436397,0.8300813561262113,1.197610002482027,1.0001738115870036,0.9137813557056655,1.0975888087007706,0.017381158700358057,-8.621864429433446,9.758880870077057,0.017381158700358057,1.0003476533844748,0.834996366035284,1.2047011929851767,0.03476533844748442,-16.500363396471595,20.470119298517673,325,349
alpha,player,3989,Nemanja Radonjic,Serbia,-0.0006534092602895518,0.17788654247221533,0.95,-0.35624008842808985,0.3352486819314967,0.5055,0.4945,1.0012951082748187,8257.583584256347,2361.98681932556,alpha_1|player_id_sigma,0.2238064787730614,0.010269322064901915,0.20445686044223468,0.24414234882650174,1.0011205461412593,1457.2457413859695,2256.1813268167707,0.999346804165054,0.7003044650518047,1.3982880709673708,1.0003267580039148,0.8456714591453112,1.1949687617108367,0.03267580039147955,-15.432854085468882,19.496876171083667,0.03267580039147955,1.0006536227786227,0.7151602168129596,1.4279503414647305,0.06536227786226867,-28.48397831870404,42.79503414647306,326,348
alpha,player,44,Fabinho,Brazil,-0.0009197634221351167,0.1495465696471137,0.95,-0.29846027516717416,0.2831157947375627,0.4985,0.5015,1.0023876647432146,9001.157706472623,2599.6678293848645,alpha_1|player_id_sigma,0.2238064787730614,0.010269322064901915,0.20445686044223468,0.24414234882650174,1.0011205461412593,1457.2457413859695,2256.1813268167707,0.9990806594305898,0.741959755491934,1.3272588425086238,1.0004599874728737,0.8680049189291464,1.1609401344250552,0.04599874728736797,-13.199508107085355,16.094013442505517,0.04599874728736797,1.0009201865342225,0.7534325392851942,1.347781995718865,0.09201865342225446,-24.656746071480583,34.7781995718865,327,347
alpha,player,10704,Kaoru Mitoma,Japan,-0.00161769759512463,0.1335121287540669,0.95,-0.2654070403304683,0.259240910995918,0.49425,0.50575,1.0016408457079629,7476.186557612331,2960.784398379308,alpha_1|player_id_sigma,0.2238064787730614,0.010269322064901915,0.20445686044223468,0.24414234882650174,1.0011205461412593,1457.2457413859695,2256.1813268167707,0.9983836101723442,0.766893729759861,1.2959459748594013,1.0008091760039652,0.8784287704682293,1.1419113944372212,0.08091760039652396,-12.157122953177069,14.191139443722122,0.08091760039652396,1.0016190067737358,0.7716371047863251,1.3039616327455592,0.16190067737358316,-22.83628952136749,30.39616327455592,328,346
alpha,player,13563,Jewison Bennette,Costa Rica,-0.0017086045860487636,0.17611967508560547,0.95,-0.35421034572236143,0.3385825493061468,0.494,0.506,1.0019748692362012,8643.613630272472,3106.834402102176,alpha_1|player_id_sigma,0.2238064787730614,0.010269322064901915,0.20445686044223468,0.24414234882650174,1.0011205461412593,1457.2457413859695,2256.1813268167707,0.9982928542477919,0.7017273464846319,1.4029575573466964,1.0008546673131669,0.8442629551691628,1.193756637326203,0.0854667313166857,-15.573704483083716,19.375663732620296,0.0854667313166857,1.0017100650825497,0.7127799374709678,1.4250549091603635,0.17100650825496722,-28.72200625290322,42.50549091603635,329,345
alpha,player,975,Ronald Matarrita,Costa Rica,-0.0017406509775206643,0.1730360750457306,0.95,-0.3503104593954247,0.3416982743409225,0.5025,0.4975,1.0019446372889829,8401.235367231173,2854.505261207002,alpha_1|player_id_sigma,0.2238064787730614,0.010269322064901915,0.20445686044223468,0.24414234882650174,1.0011205461412593,1457.2457413859695,2256.1813268167707,0.9982608630767846,0.7044693466375956,1.4073356041841714,1.000870704331886,0.8429487335106106,1.1914311477554953,0.08707043318860741,-15.705126648938938,19.14311477554953,0.08707043318860741,1.0017421667898059,0.7105625673271425,1.4195081798419766,0.17421667898058768,-28.943743267285747,41.95081798419766,330,344
alpha,player,4908,Dani Olmo,Spain,-0.001810045935268445,0.09057126938103678,0.95,-0.183273175459835,0.17768077278105124,0.49375,0.50625,1.0004906424626558,7694.606783875307,2902.0781651420198,alpha_1|player_id_sigma,0.2238064787730614,0.010269322064901915,0.20445686044223468,0.24414234882650174,1.0011205461412593,1457.2457413859695,2256.1813268167707,0.9981915912099572,0.8325406949829741,1.1944439613438407,1.000905432624494,0.9149916070327155,1.0959664620408334,0.09054326244939404,-8.500839296728447,9.596646204083337,0.09054326244939404,1.0018116850572252,0.8372096409403114,1.2011424859183015,0.18116850572251764,-16.279035905968865,20.114248591830155,331,343
alpha,player,12640,Martin Hongla,Cameroon,-0.0023809107091320573,0.14489968919894702,0.95,-0.28682614494307157,0.27528716191526187,0.49825,0.50175,1.0009712634784624,8041.806531881097,3142.6390909681472,alpha_1|player_id_sigma,0.2238064787730614,0.010269322064901915,0.20445686044223468,0.24414234882650174,1.0011205461412593,1457.2457413859695,2256.1813268167707,0.9976219214106498,0.7506422204393942,1.3169087866247675,1.0011911642278077,0.8714092232437015,1.1542064741300277,0.11911642278077395,-12.859077675629848,15.420647413002776,0.11911642278077395,1.002383747327833,0.7593540343541912,1.3321925849236702,0.23837473278329746,-24.064596564580874,33.21925849236702,332,342
alpha,player,1535,Luis Suarez,Uruguay,-0.002623170278555921,0.16160608097191317,0.95,-0.3286495696216542,0.3118243083254975,0.50125,0.49875,1.0008759549222879,7834.704087062032,2710.8830975386563,alpha_1|player_id_sigma,0.2238064787730614,0.010269322064901915,0.20445686044223468,0.24414234882650174,1.0011205461412593,1457.2457413859695,2256.1813268167707,0.9973802672262222,0.7198952457134729,1.3659146921075314,1.0013124456432336,0.8556343509856399,1.1785970433549622,0.13124456432336284,-14.436564901436011,17.859704335496218,0.13124456432336284,1.002626613800034,0.7321101425866171,1.3890909906050584,0.2626613800033928,-26.78898574133829,38.90909906050584,333,341
alpha,player,2090,Hiroki Sakai,Japan,-0.0027261988764685375,0.16814796157866052,0.95,-0.33388155585625934,0.3244655811748991,0.5025,0.4975,0.9996819263502508,9619.230947480446,3146.1769579531115,alpha_1|player_id_sigma,0.2238064787730614,0.010269322064901915,0.20445686044223468,0.24414234882650174,1.0011205461412593,1457.2457413859695,2256.1813268167707,0.9972775138290643,0.7161385996272797,1.3832911915558044,1.001364028880533,0.850243252874173,1.1816842814446435,0.1364028880532997,-14.975674712582698,18.168428144464354,0.1364028880532997,1.002729918335853,0.7229135890580549,1.3963777410133436,0.2729918335852899,-27.70864109419451,39.63777410133436,334,340
alpha,player,13151,Srdjan Babic,Serbia,-0.0032950616457175065,0.1960930498624425,0.95,-0.3911208961284879,0.3664838093696261,0.49675,0.50325,1.001353171623573,6869.021742051646,2745.568392303631,alpha_1|player_id_sigma,0.2238064787730614,0.010269322064901915,0.20445686044223468,0.24414234882650174,1.0011205461412593,1457.2457413859695,2256.1813268167707,0.9967103611121647,0.6762983892397824,1.4426530428990307,1.0016488887474033,0.8325667295828024,1.2159922960810507,0.1648888747403321,-16.74332704171976,21.599229608105077,0.1648888747403321,1.003300496328908,0.6931673592082033,1.4786372641284657,0.33004963289080536,-30.683264079179672,47.863726412846574,335,339
alpha,player,4623,Serge Gnabry,Germany,-0.003783341179399144,0.10718162710142626,0.95,-0.21746388803608518,0.20103116142573807,0.4825,0.5175,1.0006519904532658,7639.903129291253,2586.5021418824326,alpha_1|player_id_sigma,0.2238064787730614,0.010269322064901915,0.20445686044223468,0.24414234882650174,1.0011205461412593,1457.2457413859695,2256.1813268167707,0.9962238066387878,0.8045566585162532,1.2226628711479715,1.0018934609272412,0.9043710215577839,1.1148634644634485,0.18934609272411862,-9.562897844221608,11.486346446344854,0.18934609272411862,1.0037905070487654,0.8178869446334698,1.242920544395443,0.3790507048765379,-18.211305536653022,24.292054439544298,336,338
alpha,player,4912,André Silva,Portugal,-0.003966710158184017,0.19330145083503614,0.95,-0.384345178114814,0.3713705131645643,0.49325,0.50675,1.0008251296421655,8125.651049718309,3099.0608104086054,alpha_1|player_id_sigma,0.2238064787730614,0.010269322064901915,0.20445686044223468,0.24414234882650174,1.0011205461412593,1457.2457413859695,2256.1813268167707,0.9960411468443051,0.6808963560906044,1.4497201142774143,1.0019853232287417,0.8305349592600436,1.211879656084354,0.19853232287416755,-16.946504073995637,21.187965608435412,0.19853232287416755,1.003974587965806,0.6897883185530823,1.468652300831132,0.39745879658059646,-31.021168144691767,46.865230083113204,337,337
alpha,player,13963,Mohammed Muntari,Qatar,-0.005131178499083867,0.17301822775948045,0.95,-0.3537915098451829,0.32413381210106085,0.48925,0.51075,1.0031063512329557,7904.694949723752,2729.59909908661,alpha_1|player_id_sigma,0.2238064787730614,0.010269322064901915,0.20445686044223468,0.24414234882650174,1.0011205461412593,1457.2457413859695,2256.1813268167707,0.9948819635097049,0.7020213166316617,1.3828323344398425,1.0025688831900044,0.8503843067814523,1.1935066694468293,0.25688831900043674,-14.961569321854773,19.350666944682928,0.25688831900043674,1.0051443655408525,0.7231534692201711,1.424458170014063,0.5144365540852514,-27.68465307798289,42.445817001406304,338,336
alpha,player,5074,Bryan Mbeumo,Cameroon,-0.006722633086153465,0.13233271531976282,0.95,-0.26953439654977,0.2541573205267167,0.48675,0.51325,1.0016358083408203,7894.749340737927,3240.6737561793548,alpha_1|player_id_sigma,0.2238064787730614,0.010269322064901915,0.20445686044223468,0.24414234882650174,1.0011205461412593,1457.2457413859695,2256.1813268167707,0.9932999132597568,0.7637350092213071,1.2893746334092553,1.0033669721024612,0.8806643965791925,1.144270365226079,0.33669721024611743,-11.933560342080751,14.427036522607906,0.33669721024611743,1.006745280706061,0.7755697794021933,1.3093546687346247,0.6745280706061063,-22.44302205978067,30.93546687346247,339,335
alpha,player,6020,Cristiano Ronaldo,Portugal,-0.006915917824147547,0.12214517353959933,0.95,-0.2487476982068219,0.22986245472444614,0.47725,0.52275,1.0008662121595386,9192.74288553224,3051.990645254153,alpha_1|player_id_sigma,0.2238064787730614,0.010269322064901915,0.20445686044223468,0.24414234882650174,1.0011205461412593,1457.2457413859695,2256.1813268167707,0.9931079420994182,0.7797766876245453,1.258426907349294,1.0034639445493665,0.8914274476157577,1.1324391532345073,0.34639445493664933,-10.857255238424235,13.243915323450729,0.34639445493664933,1.0069398880105742,0.7946428943627443,1.282418435778488,0.6939888010574213,-20.535710563725573,28.2418435778488,340,334
alpha,player,4689,Youssoufa Moukoko,Germany,-0.006980484285178295,0.2198141020996063,0.95,-0.4402287544336312,0.42621451817551104,0.48275,0.51725,1.0015302149861265,7175.9519830386225,2962.8350803889703,alpha_1|player_id_sigma,0.2238064787730614,0.010269322064901915,0.20445686044223468,0.24414234882650174,1.0011205461412593,1457.2457413859695,2256.1813268167707,0.9930438227041788,0.643889111745873,1.5314492636005297,1.0034963401301165,0.8080694597750012,1.2462192615267547,0.349634013011646,-19.19305402249988,24.621926152675467,0.349634013011646,1.0070049046545384,0.6529762518210623,1.55306244780029,0.7004904654538402,-34.70237481789377,55.30624478002899,341,333
alpha,player,7478,Milos Degenek,Australia,-0.008279097003972929,0.13506680470369006,0.95,-0.2735439849767959,0.2512263931895824,0.47875,0.52125,1.000908555606207,7709.412483922203,3057.9545869243557,alpha_1|player_id_sigma,0.2238064787730614,0.010269322064901915,0.20445686044223468,0.24414234882650174,1.0011205461412593,1457.2457413859695,2256.1813268167707,0.991755080335421,0.7606788771772571,1.2856011027218373,1.0041481282675868,0.8819559243689677,1.1465666928960747,0.4148128267586815,-11.804407563103226,14.656669289607471,0.4148128267586815,1.008313463503298,0.7778462525295202,1.3146151812586417,0.831346350329798,-22.215374747047978,31.461518125864174,342,332
alpha,player,14021,Ghaylen Chaaleli,Tunisia,-0.008967208337927501,0.2065681417268744,0.95,-0.4261084614506724,0.3873125675516618,0.492,0.508,1.0010019609935292,8130.419781127552,2682.354373737073,alpha_1|player_id_sigma,0.2238064787730614,0.010269322064901915,0.20445686044223468,0.24414234882650174,1.0011205461412593,1457.2457413859695,2256.1813268167707,0.9910728771669198,0.6530455080162056,1.473016836591053,1.0044936705610854,0.8239410575128334,1.237451757330347,0.44936705610854055,-17.60589424871666,23.745175733034696,0.44936705610854055,1.0090075341972824,0.6788788662553662,1.5312868517199638,0.9007534197282396,-32.11211337446338,53.12868517199638,343,331
alpha,player,10039,Joe Morrell,Wales,-0.010041553551756056,0.19287155196629263,0.95,-0.3959009962553234,0.3657068800558069,0.4855,0.5145,1.0012507385377445,7262.2421613839215,2626.178390589331,alpha_1|player_id_sigma,0.2238064787730614,0.010269322064901915,0.20445686044223468,0.24414234882650174,1.0011205461412593,1457.2457413859695,2256.1813268167707,0.9900086945169068,0.6730733294189043,1.4415326387541019,1.0050334019962222,0.8328902151590529,1.2189020543943083,0.5033401996222153,-16.710978484094706,21.890205439430833,0.5033401996222153,1.0100921391281,0.6937061105076935,1.4857222182066652,1.009213912809992,-30.629388949230652,48.57222182066651,344,330
alpha,player,10715,Julian Alvarez,Argentina,-0.01052821407688881,0.10803141417793395,0.95,-0.22847366887696302,0.1998297351234425,0.4695,0.5305,1.0040136685204757,7322.077750477749,2877.956267512659,alpha_1|player_id_sigma,0.2238064787730614,0.010269322064901915,0.20445686044223468,0.24414234882650174,1.0011205461412593,1457.2457413859695,2256.1813268167707,0.9895270135828022,0.7957472498473722,1.2211948138736313,1.0052779867940527,0.904914452330615,1.1210175890186107,0.5277986794052669,-9.508554766938504,12.101758901861071,0.5277986794052669,1.0105838307327035,0.8188701660368168,1.2566804348890988,1.0583830732703525,-18.112983396318317,25.668043488909873,345,329
alpha,player,13924,Sergio Rochet,Uruguay,-0.010675148005693249,0.1627140110885096,0.95,-0.3421711742402489,0.30606499455434916,0.4825,0.5175,1.0005300803393928,9184.19017846927,2708.0499420035076,alpha_1|player_id_sigma,0.2238064787730614,0.010269322064901915,0.20445686044223468,0.24414234882650174,1.0011205461412593,1457.2457413859695,2256.1813268167707,0.9893816291722511,0.7102266218011518,1.3580705708710397,1.0053518442291303,0.8581018353850912,1.1865923016937132,0.5351844229130265,-14.189816461490878,18.65923016937132,0.5351844229130265,1.0107323306949134,0.7363387598912623,1.408001290438784,1.0732330694913417,-26.36612401087377,40.8001290438784,346,328
alpha,player,5098,Ko Itakura,Japan,-0.011487171880996959,0.11175744905243469,0.95,-0.23133649059058323,0.20266291031938585,0.46975,0.53025,1.0009957857350384,6918.047883262231,3126.853919147215,alpha_1|player_id_sigma,0.2238064787730614,0.010269322064901915,0.20445686044223468,0.24414234882650174,1.0011205461412593,1457.2457413859695,2256.1813268167707,0.9885785537699044,0.7934724251044473,1.2246595785547856,1.0057601119546045,0.9036334692667933,1.1226233747616006,0.5760111954604463,-9.636653073320666,12.262337476160056,0.5760111954604463,1.0115534027989384,0.8165534467791408,1.2602832415611254,1.155340279893835,-18.344655322085924,26.028324156112536,347,327
alpha,player,5035,Edimilson Fernandes,Switzerland,-0.011907419758937006,0.13273091782696406,0.95,-0.2693438711649003,0.24060613219437008,0.46625,0.53375,1.0012024299395421,11557.353274605839,2995.2150754476593,alpha_1|player_id_sigma,0.2238064787730614,0.010269322064901915,0.20445686044223468,0.24414234882650174,1.0011205461412593,1457.2457413859695,2256.1813268167707,0.9881631930138567,0.7638805339905186,1.2720199289317469,1.0059714684357377,0.8866516819291774,1.144161364142165,0.5971468435737703,-11.334831807082256,14.416136414216506,0.5971468435737703,1.0119785953067544,0.7861512050678392,1.30910522719566,1.197859530675438,-21.38487949321608,30.910522719566004,348,326
alpha,player,9598,Ali Abdi,Tunisia,-0.012532105312767643,0.12686475934362154,0.95,-0.2613492407353324,0.22927056181800481,0.46225,0.53775,0.9995673316121646,7308.772946846632,2625.39638772054,alpha_1|player_id_sigma,0.2238064787730614,0.010269322064901915,0.20445686044223468,0.24414234882650174,1.0011205461412593,1457.2457413859695,2256.1813268167707,0.9875460945086822,0.7700119531100641,1.2576822737829614,1.0062857254330833,0.8916913014485602,1.1395969193531705,0.6285725433083256,-10.830869855143977,13.959691935317053,0.6285725433083256,1.0126109612103866,0.7951133770790272,1.2986811385992367,1.2610961210386629,-20.48866229209728,29.868113859923675,349,325
alpha,player,169,Jordan Pickford,England,-0.012876232483119667,0.11200783391763015,0.95,-0.23151781756905046,0.2012903979021191,0.46175,0.53825,1.0011738014685128,6892.378138775867,2925.2961103416837,alpha_1|player_id_sigma,0.2238064787730614,0.010269322064901915,0.20445686044223468,0.24414234882650174,1.0011205461412593,1457.2457413859695,2256.1813268167707,0.9872063115332169,0.7933285601907952,1.222979871049683,1.006458885459553,0.9042538061760889,1.1227251603278994,0.6458885459553088,-9.574619382391115,12.272516032789937,0.6458885459553088,1.0129594881204855,0.8176749459839436,1.2605117856333072,1.295948812048553,-18.232505401605636,26.051178563330723,350,324
alpha,player,42,Trent Alexander-Arnold,England,-0.013278554466063195,0.1870986001255446,0.95,-0.373862121139277,0.3495630519723259,0.474,0.526,1.0009462776320692,8540.3581031712,3241.610347352304,alpha_1|player_id_sigma,0.2238064787730614,0.010269322064901915,0.20445686044223468,0.24414234882650174,1.0011205461412593,1457.2457413859695,2256.1813268167707,0.9868092166177496,0.6880717758415068,1.4184476252737621,1.0066613660917472,0.8396404403494548,1.2055441726565586,0.6661366091747167,-16.035955965054516,20.554417265655857,0.6661366091747167,1.0133671059817027,0.7049960690702265,1.4533367522261864,1.3367105981702654,-29.50039309297735,45.33367522261864,351,323
alpha,player,3978,Pape Gueye,Senegal,-0.013449753619969775,0.1397953843785384,0.95,-0.28904490628991025,0.258073297514582,0.461,0.539,1.0015180843012408,7518.881065163935,2893.7154840976023,alpha_1|player_id_sigma,0.2238064787730614,0.010269322064901915,0.20445686044223468,0.24414234882650174,1.0011205461412593,1457.2457413859695,2256.1813268167707,0.986640290175242,0.7489785707986355,1.2944336939196892,1.0067475395669738,0.8789417528323363,1.1554876390039415,0.6747539566973826,-12.105824716766367,15.548763900394146,0.6747539566973826,1.0135406084241554,0.7725386048719798,1.3351516838909028,1.3540608424155387,-22.74613951280202,33.51516838909028,352,322
alpha,player,12945,Bremer,Brazil,-0.014285199673413792,0.13150861614980855,0.95,-0.27722969368224026,0.24099171926491839,0.46375,0.53625,1.0000848326596934,8735.919480885874,2980.5944844215587,alpha_1|player_id_sigma,0.2238064787730614,0.010269322064901915,0.20445686044223468,0.24414234882650174,1.0011205461412593,1457.2457413859695,2256.1813268167707,0.9858163496654937,0.757880396777367,1.2725104979422786,1.0071681690435392,0.8864807576939348,1.148681596447835,0.716816904353923,-11.351924230606524,14.868159644783496,0.716816904353923,1.0143877207345153,0.7858481337616127,1.319469410017947,1.438772073451533,-21.415186623838732,31.94694100179469,353,321
alpha,player,14004,Abdulelah Al-Malki,Saudi Arabia,-0.01462078567409919,0.13563952182111963,0.95,-0.28153667311276226,0.24491278203661174,0.457,0.543,1.0003201537582795,7416.284440768701,2790.3318896967207,alpha_1|player_id_sigma,0.2238064787730614,0.010269322064901915,0.20445686044223468,0.24414234882650174,1.0011205461412593,1457.2457413859695,2256.1813268167707,0.9854855790034052,0.7546232407846206,1.2775098865352417,1.0073371789914194,0.884744486908351,1.1511579358806394,0.7337178991419391,-11.525551309164905,15.11579358806394,0.7337178991419391,1.0147281921783908,0.7827728071147211,1.3251645933409744,1.472819217839083,-21.72271928852789,32.51645933409743,354,320
alpha,player,1377,Kieran Trippier,England,-0.014834790371907769,0.10540913826449383,0.95,-0.21867179137178955,0.19211969185092367,0.4445,0.5555,1.0012801851154158,7985.099799785899,2686.142475710476,alpha_1|player_id_sigma,0.2238064787730614,0.010269322064901915,0.20445686044223468,0.24414234882650174,1.0011205461412593,1457.2457413859695,2256.1813268167707,0.9852747030249057,0.8035854185447581,1.2118155527314123,1.0074449722026706,0.908409649825731,1.1155369914806486,0.7444972202670597,-9.159035017426898,11.553699148064855,0.7444972202670597,1.0149453720164396,0.8252080918965072,1.2444227793616967,1.494537201643964,-17.479190810349277,24.442277936169667,355,319
alpha,player,2066,Ruben Dias,Portugal,-0.015210677046186342,0.0834519807748538,0.95,-0.18252176280854754,0.15200583678686322,0.43125,0.56875,1.0008822580464511,7070.792535545541,3186.113576522047,alpha_1|player_id_sigma,0.2238064787730614,0.010269322064901915,0.20445686044223468,0.24414234882650174,1.0011205461412593,1457.2457413859695,2256.1813268167707,0.9849044209899359,0.8331665116877449,1.1641670314071175,1.0076343325666826,0.9268135017489996,1.0955547778493715,0.7634332566682556,-7.318649825100043,9.55547778493715,0.7634332566682556,1.0153269481671037,0.8589832670242428,1.2002402712685856,1.5326948167103671,-14.101673297575722,20.024027126858556,356,318
alpha,player,7757,Thiago Almada,Argentina,-0.01655157767970737,0.19022778756774475,0.95,-0.4077694678711532,0.35401829677684243,0.45775,0.54225,1.001750706265179,7854.999021836968,2675.6260959036,alpha_1|player_id_sigma,0.2238064787730614,0.010269322064901915,0.20445686044223468,0.24414234882650174,1.0011205461412593,1457.2457413859695,2256.1813268167707,0.9835846470684643,0.665132195490505,1.4247812551460761,1.0083101278423945,0.8377721202231717,1.2261568110404004,0.8310127842394488,-16.222787977682827,22.615681104040043,0.8310127842394488,1.016689313909546,0.7018621254232283,1.5034605252607645,1.6689313909546089,-29.813787457677165,50.34605252607645,357,317
alpha,player,8138,Lautaro Martinez,Argentina,-0.016558757098170073,0.1427571228403141,0.95,-0.3050354577871617,0.25937716285098744,0.468,0.532,1.0015261107816116,8457.46889685346,2752.763932857151,alpha_1|player_id_sigma,0.2238064787730614,0.010269322064901915,0.20445686044223468,0.24414234882650174,1.0011205461412593,1457.2457413859695,2256.1813268167707,0.9835775855280384,0.737097238091277,1.2961225619324306,1.008313747389065,0.878368928731878,1.164763111872822,0.8313747389065096,-12.1631071268122,16.47631118728221,0.8313747389065096,1.0166966131737794,0.771531974961587,1.3566731067796605,1.669661317377935,-22.846802503841303,35.66731067796604,358,316
alpha,player,12514,Piotr Zielinski,Poland,-0.016643227905000356,0.10899492045742148,0.95,-0.2277299150749108,0.1929353696089851,0.446,0.554,0.9999532399802079,8430.711649691573,2784.490252465795,alpha_1|player_id_sigma,0.2238064787730614,0.010269322064901915,0.20445686044223468,0.24414234882650174,1.0011205461412593,1457.2457413859695,2256.1813268167707,0.9834945054447789,0.7963393100361345,1.2128044069630233,1.0083563348262976,0.9080392405912232,1.120600785976126,0.8356334826297607,-9.19607594087768,12.0600785976126,0.8356334826297607,1.0167824979843243,0.8245352624534853,1.2557461215303114,1.6782497984324296,-17.54647375465147,25.57461215303114,359,315
alpha,player,13920,Jun-ho Son,South Korea,-0.016725956154560465,0.1450497897690743,0.95,-0.3122611748127196,0.2626540296938175,0.463,0.537,1.0025916724906707,7502.5793458440985,3141.7924285506424,alpha_1|player_id_sigma,0.2238064787730614,0.010269322064901915,0.20445686044223468,0.24414234882650174,1.0011205461412593,1457.2457413859695,2256.1813268167707,0.9834131460312988,0.7317903780526557,1.3003767493760223,1.0083980454662103,0.8769309580540017,1.1689788470386877,0.8398045466210258,-12.306904194599833,16.89788470386877,0.8398045466210258,1.016866618100073,0.7690079051935093,1.3665115448238996,1.686661810007295,-23.099209480649073,36.651154482389956,360,314
alpha,player,13819,Mitchell Duke,Australia,-0.018417110798775064,0.1458729779647449,0.95,-0.30478554611698777,0.25762341813633505,0.453,0.547,1.0007641215731728,8870.052878321838,2572.9807354631243,alpha_1|player_id_sigma,0.2238064787730614,0.010269322064901915,0.20445686044223468,0.24414234882650174,1.0011205461412593,1457.2457413859695,2256.1813268167707,0.9817514478125748,0.7372814703130613,1.2938514858658048,1.0092510845895555,0.879139483954931,1.1646175770184037,0.925108458955548,-12.086051604506897,16.461757701840373,0.925108458955548,1.0185877517451942,0.7728862322485424,1.3563341007002174,1.8587751745194225,-22.711376775145766,35.63341007002174,361,313
alpha,player,1340,Shaq Moore,United States,-0.01878385388090451,0.18854972642608822,0.95,-0.38633509931192156,0.34420504232113613,0.46175,0.53825,1.001898554722297,9145.451770418682,2593.763539717778,alpha_1|player_id_sigma,0.2238064787730614,0.010269322064901915,0.20445686044223468,0.24414234882650174,1.0011205461412593,1457.2457413859695,2256.1813268167707,0.9813914632756732,0.6795427732068808,1.4108678934792975,1.0094361694853906,0.8418928569111895,1.2130860286394063,0.9436169485390611,-15.810714308881046,21.308602863940628,0.9436169485390611,1.0189613802653383,0.7087835825180847,1.4715777128801262,1.8961380265338335,-29.12164174819153,47.15777128801262,362,312
alpha,player,3414,Alexis Vega,Mexico,-0.019171918950692656,0.13541980786945967,0.95,-0.29359586200578325,0.24128271457990966,0.454,0.546,1.0025547701818214,7792.831258495715,2897.110629966498,alpha_1|player_id_sigma,0.2238064787730614,0.010269322064901915,0.20445686044223468,0.24414234882650174,1.0011205461412593,1457.2457413859695,2256.1813268167707,0.9810106934155073,0.745577746859957,1.2728808464176793,1.0096320519473405,0.8863517862030277,1.1581199192535412,0.9632051947340514,-11.364821379697233,15.811991925354118,0.9632051947340514,1.019356880319397,0.7856194889052978,1.341241747371829,1.9356880319397085,-21.438051109470223,34.1241747371829,363,311
alpha,player,7955,Rubin Colwill,Wales,-0.019925169794287437,0.21432593128248106,0.95,-0.44675555534079986,0.410072438109688,0.459,0.541,1.0006426132535908,9468.880730932055,2852.1296414346393,alpha_1|player_id_sigma,0.2238064787730614,0.010269322064901915,0.20445686044223468,0.24414234882650174,1.0011205461412593,1457.2457413859695,2256.1813268167707,0.980272024519527,0.6397002604764545,1.506926940098294,1.0100123766602473,0.8146178111899117,1.250292817236656,1.0012376660247346,-18.538218881008827,25.02928172366561,1.0012376660247346,1.0201250010068812,0.6636021783078427,1.5632321288335747,2.0125001006881194,-33.63978216921573,56.32321288335746,364,310
alpha,player,13878,Jerome Mbekeli,Cameroon,-0.020314902433776982,0.2169834878480227,0.95,-0.43943472197019995,0.40134017973735875,0.46325,0.53675,1.0022472313582362,8310.520816510842,2890.1831250541536,alpha_1|player_id_sigma,0.2238064787730614,0.010269322064901915,0.20445686044223468,0.24414234882650174,1.0011205461412593,1457.2457413859695,2256.1813268167707,0.9798900549538315,0.6444005836392198,1.49382535119097,1.01020921323277,0.818182313667536,1.2457245904543721,1.020921323277002,-18.1817686332464,24.572459045437213,1.020921323277002,1.0205226545003725,0.6694222983983623,1.5518297552627132,2.0522654500372495,-33.05777016016377,55.18297552627131,365,309
alpha,player,127,Diogo Dalot,Portugal,-0.02063434667962555,0.11082974285609629,0.95,-0.2433618154135199,0.19656775046994548,0.42725,0.57275,1.0028157038042829,7900.954783365594,2728.0809768435074,alpha_1|player_id_sigma,0.2238064787730614,0.010269322064901915,0.20445686044223468,0.24414234882650174,1.0011205461412593,1457.2457413859695,2256.1813268167707,0.9795770847051463,0.7839878035779448,1.2172177851616361,1.0103705788793942,0.906391565111092,1.1293936634627872,1.0370578879394188,-9.360843488890803,12.939366346278725,1.0370578879394188,1.020848706665082,0.8215456693045349,1.2755300470698954,2.0848706665081984,-17.845433069546512,27.553004706989537,366,308
alpha,player,13121,Yunus Musah,United States,-0.02131947141848179,0.09256107009813859,0.95,-0.20358092114357776,0.16022997611904796,0.4135,0.5865,1.0003085435998105,7997.531995256941,2550.9205418887914,alpha_1|player_id_sigma,0.2238064787730614,0.010269322064901915,0.20445686044223468,0.24414234882650174,1.0011205461412593,1457.2457413859695,2256.1813268167707,0.97890618206304,0.8158041858439102,1.1737807815028778,1.0107167531086423,0.9230102051318553,1.1071514555375759,1.0716753108642285,-7.698979486814473,10.715145553757587,1.0716753108642285,1.0215483550144762,0.8519478387775496,1.225784345498973,2.154835501447616,-14.805216122245035,22.578434549897295,367,307
alpha,player,13958,Mohammed Waad,Qatar,-0.021799446090390015,0.19225140698902368,0.95,-0.4007651547462902,0.34320505285289077,0.4615,0.5385,1.0001656176083928,8029.431746082462,3093.73705217554,alpha_1|player_id_sigma,0.2238064787730614,0.010269322064901915,0.20445686044223468,0.24414234882650174,1.0011205461412593,1457.2457413859695,2256.1813268167707,0.9784364446295287,0.6698073436442298,1.409457745628742,1.0109593414375242,0.8423139041582722,1.221870128615919,1.0959341437524195,-15.768609584172777,22.187012861591903,1.0959341437524195,1.0220387900397925,0.7094927131383509,1.4929666112038824,2.2038790039792477,-29.050728686164906,49.296661120388244,368,306
alpha,player,11854,Alexander Bah,Denmark,-0.022367850743415563,0.15185002267950498,0.95,-0.32155294775996657,0.27987122339288595,0.444,0.556,1.0016014026198758,8853.410411633256,2707.3054802982488,alpha_1|player_id_sigma,0.2238064787730614,0.010269322064901915,0.20445686044223468,0.24414234882650174,1.0011205461412593,1457.2457413859695,2256.1813268167707,0.9778804548302753,0.7250222407075647,1.3229594351399667,1.011246699266318,0.8694142137029212,1.174422425384301,1.124669926631805,-13.058578629707885,17.442242538430097,1.124669926631805,1.022619886777023,0.7558810749886686,1.3792680332455438,2.261988677702309,-24.41189250113314,37.926803324554385,369,305
alpha,player,1,Harry Kane,England,-0.02399364365989636,0.114890201642468,0.95,-0.24961938199867392,0.1989558658758055,0.41775,0.58225,1.0010789249552943,8563.65400458888,2893.351662815647,alpha_1|player_id_sigma,0.2238064787730614,0.010269322064901915,0.20445686044223468,0.24414234882650174,1.0011205461412593,1457.2457413859695,2256.1813268167707,0.9762919153816414,0.7790972650885059,1.2201281154257801,1.0120690723333503,0.9053099271784671,1.1329328252357296,1.2069072333350306,-9.469007282153285,13.293282523572959,1.2069072333350306,1.0242838071736884,0.8195860642478815,1.2835367864966123,2.4283807173688388,-18.04139357521185,28.35367864966123,370,304
alpha,player,13919,Seung-ho Paik,South Korea,-0.024694105767649886,0.17805167740572195,0.95,-0.3748125097748978,0.3129399204538797,0.45,0.55,1.0000649730308782,6882.795490980424,2618.72569727144,alpha_1|player_id_sigma,0.2238064787730614,0.010269322064901915,0.20445686044223468,0.24414234882650174,1.0011205461412593,1457.2457413859695,2256.1813268167707,0.9756082993403282,0.6874181508933153,1.367439373422732,1.0124235924294993,0.8551572060454723,1.2061171765305845,1.2423592429499308,-14.48427939545277,20.61171765305845,1.2423592429499308,1.025001530507853,0.7312938470514984,1.454718643522109,2.500153050785303,-26.870615294850165,45.471864352210886,371,303
alpha,player,4666,Raphaël Guerreiro,Portugal,-0.02479469748776848,0.10184403649349824,0.95,-0.22819303340534028,0.16647017913974957,0.41775,0.58225,1.0015494893006138,6755.438008043237,2486.657499901726,alpha_1|player_id_sigma,0.2238064787730614,0.010269322064901915,0.20445686044223468,0.24414234882650174,1.0011205461412593,1457.2457413859695,2256.1813268167707,0.9755101661591111,0.7959705960900988,1.1811283130828272,1.012474514425397,0.9201348076953703,1.1208603014040939,1.2474514425397043,-7.986519230462974,12.086030140409388,1.2474514425397043,1.0251046423609433,0.846648064332596,1.2563278152636763,2.510464236094334,-15.3351935667404,25.63278152636763,372,302
alpha,player,16,Kyle Walker,England,-0.02496060842415916,0.10139238286933375,0.95,-0.2305108310034935,0.1715642392668982,0.4065,0.5935,1.0007019944092912,8627.12895868178,2992.939629836879,alpha_1|player_id_sigma,0.2238064787730614,0.010269322064901915,0.20445686044223468,0.24414234882650174,1.0011205461412593,1457.2457413859695,2256.1813268167707,0.9753483317794029,0.7941278337543103,1.1871604025967761,1.0125585082066004,0.9177941787691258,1.1221600180358806,1.2558508206600427,-8.220582123087416,12.21600180358806,1.2558508206600427,1.0252747325415763,0.8423461545824942,1.259243106078288,2.5274732541576306,-15.765384541750581,25.924310607828804,373,301
alpha,player,6916,Junior Hoilett,Canada,-0.025670655276603525,0.1414870701707654,0.95,-0.3008332846925566,0.24104316541081902,0.4275,0.5725,1.006461759599157,8007.280274221116,2838.21407337127,alpha_1|player_id_sigma,0.2238064787730614,0.010269322064901915,0.20445686044223468,0.24414234882650174,1.0011205461412593,1457.2457413859695,2256.1813268167707,0.974656034577197,0.7402011653255532,1.2725759653870252,1.0129180540172509,0.8864579549780147,1.1623184129290602,1.291805401725088,-11.354204502198527,16.231841292906026,1.291805401725088,1.026002984154094,0.785807705943804,1.3509840930339292,2.6002984154094078,-21.4192294056196,35.09840930339292,374,300
alpha,player,215,Youri Tielemans,Belgium,-0.02574740591344402,0.1388172728986893,0.95,-0.3113843589502081,0.23420912824127868,0.42875,0.57125,0.9998231404502325,6407.713767710452,2872.8971618807414,alpha_1|player_id_sigma,0.2238064787730614,0.010269322064901915,0.20445686044223468,0.24414234882650174,1.0011205461412593,1457.2457413859695,2256.1813268167707,0.974581231976453,0.7324323048488378,1.2639087835924676,1.0129569258159614,0.8894921793329938,1.1684664697640128,1.2956925815961418,-11.050782066700615,16.84664697640128,1.2956925815961418,1.026081733558523,0.7911963370945589,1.365313890962775,2.6081733558523057,-20.880366290544107,36.531389096277486,375,299
alpha,player,3519,Michael Estrada,Ecuador,-0.027193075571461642,0.14721472736330155,0.95,-0.3244717629895055,0.2474621510615589,0.43675,0.56325,1.004071661823761,9340.44378021791,2773.6925675245334,alpha_1|player_id_sigma,0.2238064787730614,0.010269322064901915,0.20445686044223468,0.24414234882650174,1.0011205461412593,1457.2457413859695,2256.1813268167707,0.9731733273877893,0.7229091201540839,1.2807708856479232,1.0136893910560278,0.8836174352836226,1.1761376377073938,1.3689391056027844,-11.638256471637742,17.613763770739375,1.3689391056027844,1.0275661815395407,0.7807797719372069,1.3832997428319285,2.7566181539540713,-21.92202280627931,38.32997428319285,376,298
alpha,player,13787,Youstin Salas,Costa Rica,-0.027776406264707603,0.18523773739176064,0.95,-0.3965507089443902,0.33340822524589,0.437,0.563,1.0006764366196073,8577.465749896626,2942.4899455638565,alpha_1|player_id_sigma,0.2238064787730614,0.010269322064901915,0.20445686044223468,0.24414234882650174,1.0011205461412593,1457.2457413859695,2256.1813268167707,0.9726058110570156,0.6726361671664179,1.3957169490837442,1.013985092244437,0.8464500281664142,1.2192980867833774,1.3985092244436892,-15.354997183358577,21.929808678337736,1.3985092244436892,1.0281657672939593,0.7164776501829234,1.4866878244336044,2.8165767293959254,-28.352234981707657,48.668782443360435,377,297
alpha,player,8113,Noah Okafor,Switzerland,-0.028227629383244947,0.1716901278240269,0.95,-0.37326658622625525,0.29774630592294127,0.4465,0.5535,0.9999621842801459,8531.599852377667,2897.524373218828,alpha_1|player_id_sigma,0.2238064787730614,0.010269322064901915,0.20445686044223468,0.24414234882650174,1.0011205461412593,1457.2457413859695,2256.1813268167707,0.9721670478273438,0.6884816686473091,1.3468200642615908,1.0142138848103266,0.861678409321362,1.205185254274314,1.4213884810326594,-13.832159067863802,20.5185254274314,1.4213884810326594,1.0286298041420545,0.7424896810905925,1.4524714971202428,2.8629804142054516,-25.751031890940745,45.24714971202428,378,296
alpha,player,201,Danny Ward,Wales,-0.02869340186114383,0.17692510426269364,0.95,-0.37268885907333665,0.31557838964252766,0.43875,0.56125,1.00200843290477,9302.530299187698,3307.012918071581,alpha_1|player_id_sigma,0.2238064787730614,0.010269322064901915,0.20445686044223468,0.24414234882650174,1.0011205461412593,1457.2457413859695,2256.1813268167707,0.9717143446090797,0.688879538120506,1.371052083993787,1.014450108773038,0.8540297968977565,1.204837170428261,1.4450108773037984,-14.597020310224352,20.4837170428261,1.4450108773037984,1.0291090231896285,0.7293668939892232,1.4516326072455785,2.910902318962849,-27.063310601077685,45.16326072455785,379,295
alpha,player,13795,Alvaro Zamora,Costa Rica,-0.02921667575233961,0.20530885789063658,0.95,-0.4377987813491529,0.3747404739603722,0.4515,0.5485,1.0022038336789696,8806.294098006712,2625.519035544313,alpha_1|player_id_sigma,0.2238064787730614,0.010269322064901915,0.20445686044223468,0.24414234882650174,1.0011205461412593,1457.2457413859695,2256.1813268167707,0.9712060048749,0.6454556475058345,1.4546138554540096,1.0147155611255159,0.82913670248237,1.2447060413525444,1.4715561125515864,-17.086329751762996,24.470604135254437,1.4715561125515864,1.0296476699902704,0.6874676714033383,1.549293129379522,2.9647669990270353,-31.25323285966617,54.929312937952204,380,294
alpha,player,589,Neco Williams,Wales,-0.029973628626246536,0.1297183535521091,0.95,-0.2842822958284953,0.22771321610228457,0.412,0.588,1.0001724311732862,8570.520044499346,2874.5445587753497,alpha_1|player_id_sigma,0.2238064787730614,0.010269322064901915,0.20445686044223468,0.24414234882650174,1.0011205461412593,1457.2457413859695,2256.1813268167707,0.9704711258678316,0.7525541718140818,1.2557251520352875,1.015099679740949,0.8923859076629944,1.1527393438087357,1.5099679740949057,-10.761409233700558,15.273934380873566,1.5099679740949057,1.0304273598101774,0.7963526081955065,1.3288079947645943,3.0427359810177412,-20.364739180449355,32.88079947645943,381,293
alpha,player,311,Callum Wilson,England,-0.030144106454241086,0.18716522209837552,0.95,-0.4054647578855471,0.3345546301982801,0.44075,0.55925,1.0070462900213601,8298.995779064971,3269.877329254465,alpha_1|player_id_sigma,0.2238064787730614,0.010269322064901915,0.20445686044223468,0.24414234882650174,1.0011205461412593,1457.2457413859695,2256.1813268167707,0.9703056961596115,0.6666669001484524,1.3973179234134194,1.0151862094230448,0.8459649799429959,1.2247446569249307,1.5186209423044827,-15.403502005700409,22.474465692493073,1.5186209423044827,1.0306030398027302,0.7156567472899534,1.499999474666166,3.060303980273016,-28.434325271004656,49.999947466616604,382,292
alpha,player,4624,Thomas Müller,Germany,-0.030354744013256475,0.13722834361909622,0.95,-0.3055311594919884,0.23647861011808582,0.418,0.582,1.0004761654081011,9824.829381521095,2946.727962590718,alpha_1|player_id_sigma,0.2238064787730614,0.010269322064901915,0.20445686044223468,0.24414234882650174,1.0011205461412593,1457.2457413859695,2256.1813268167707,0.970101334860112,0.7367319482786036,1.2667804590459086,1.0152931332260378,0.8884834085976845,1.1650518351816406,1.5293133226037758,-11.151659140231551,16.505183518164056,1.5293133226037758,1.0308201463759448,0.78940276735336,1.3573457786601086,3.082014637594477,-21.059723264663997,35.734577866010866,383,291
alpha,player,3880,Strahinja Pavlovic,Serbia,-0.030600203637112116,0.10227695908746823,0.95,-0.2401996428355657,0.1670923623106048,0.3825,0.6175,1.002436155000126,7597.292304952832,2946.756475069537,alpha_1|player_id_sigma,0.2238064787730614,0.010269322064901915,0.20445686044223468,0.24414234882650174,1.0011205461412593,1457.2457413859695,2256.1813268167707,0.9698632433734742,0.7864708321252082,1.1818634199036802,1.0154177476081236,0.919848606019012,1.1276094055312,1.5417747608123644,-8.015139398098803,12.760940553120005,1.5417747608123644,1.0310732021575548,0.8461214579951195,1.2715029714424264,3.1073202157554825,-15.38785420048805,27.150297144242643,384,290
alpha,player,11090,Erick Gutierrez,Mexico,-0.03080322936133973,0.17240095726076807,0.95,-0.37938146329058614,0.3037077146888242,0.4285,0.5715,1.0010628812855153,8561.215286000841,2887.1507843217196,alpha_1|player_id_sigma,0.2238064787730614,0.010269322064901915,0.20445686044223468,0.24414234882650174,1.0011205461412593,1457.2457413859695,2256.1813268167707,0.9696663561733461,0.6842845334435498,1.3548729887370399,1.015520830801971,0.8591138247430333,1.2088756728482897,1.5520830801970975,-14.088617525696668,20.887567284828968,1.5520830801970975,1.0312825577927252,0.7380765638646034,1.4613803924044049,3.128255779272515,-26.19234361353966,46.138039240440484,385,289
alpha,player,1812,Luuk de Jong,Netherlands,-0.03120697625505171,0.22002981595743837,0.95,-0.467475768739979,0.4022130466557555,0.44725,0.55275,1.0029000846879577,7659.911329261783,2618.6393644802033,alpha_1|player_id_sigma,0.2238064787730614,0.010269322064901915,0.20445686044223468,0.24414234882650174,1.0011205461412593,1457.2457413859695,2256.1813268167707,0.9692749354168785,0.6265819113993948,1.4951298311577683,1.0157258581865352,0.8178253094400888,1.263313314640898,1.5725858186535158,-18.21746905599112,26.331331464089793,1.5725858186535158,1.0316990189887731,0.668838236760777,1.5959605309489722,3.169901898877314,-33.116176323922296,59.596053094897215,386,288
alpha,player,7584,Rodrigo Bentancur,Uruguay,-0.031580469619906675,0.09755209580243014,0.95,-0.2207416111335284,0.16096468053531723,0.3765,0.6235,1.000254276900155,7675.692234170813,2816.915697196519,alpha_1|player_id_sigma,0.2238064787730614,0.010269322064901915,0.20445686044223468,0.24414234882650174,1.0011205461412593,1457.2457413859695,2256.1813268167707,0.9689129852569792,0.8019238617199815,1.1746434803022825,1.0159155593332858,0.9226711975662706,1.1166920693332543,1.5915559333285811,-7.732880243372941,11.669206933325427,1.5915559333285811,1.032084423695463,0.8513221388183759,1.2470011777117855,3.208442369546294,-14.867786118162407,24.700117771178554,387,287
alpha,player,2077,Edinson Cavani,Uruguay,-0.03356572131839684,0.16832474974014572,0.95,-0.3665243274840346,0.2885553159151165,0.42575,0.57425,1.0030815153252064,9170.257882932272,2882.645467498743,alpha_1|player_id_sigma,0.2238064787730614,0.010269322064901915,0.20445686044223468,0.24414234882650174,1.0011205461412593,1457.2457413859695,2256.1813268167707,0.9669913571961251,0.6931392739428235,1.334498166468554,1.0169244840376594,0.8656473608098649,1.2011292593490115,1.6924484037659449,-13.435263919013508,20.11292593490115,1.6924484037659449,1.03413540623526,0.7493453532770844,1.4427114976643052,3.41354062352599,-25.06546467229156,44.27114976643052,388,286
alpha,player,13928,Agustin Canobbio,Uruguay,-0.03361604323973009,0.2019505974377123,0.95,-0.4234867020028617,0.35391829417002274,0.4345,0.5655,1.002818442856554,6945.457784675538,2625.132205659787,alpha_1|player_id_sigma,0.2238064787730614,0.010269322064901915,0.20445686044223468,0.24414234882650174,1.0011205461412593,1457.2457413859695,2256.1813268167707,0.9669426975574518,0.6547598826035863,1.4246387804304539,1.0169500711565,0.8378140109684304,1.2358306696699644,1.6950071156500046,-16.218598903156956,23.583066966996434,1.6950071156500046,1.0341874472252106,0.7019323169750094,1.5272774440969128,3.418744722521061,-29.806768302499066,52.72774440969128,389,285
alpha,player,4280,Ui-jo Hwang,South Korea,-0.033961155433736366,0.19122988076671618,0.95,-0.4021147905814609,0.3333534241993138,0.4365,0.5635,1.0019458770175027,7958.381720849191,2934.6280654453353,alpha_1|player_id_sigma,0.2238064787730614,0.010269322064901915,0.20445686044223468,0.24414234882650174,1.0011205461412593,1457.2457413859695,2256.1813268167707,0.9666090514176066,0.6689039574089328,1.395640464429949,1.0171255672326496,0.8464732216578786,1.222694946741396,1.7125567232649574,-15.352677834212136,22.26949467413959,1.7125567232649574,1.0345444195183389,0.7165169149838682,1.4949829327869446,3.4544419518338865,-28.348308501613182,49.49829327869446,390,284
alpha,player,113,Olivier Giroud,France,-0.03429655595709466,0.14600612028487736,0.95,-0.3251465343195345,0.24720515664062626,0.40375,0.59625,1.0004553815607908,6969.853413802937,3120.0934200095026,alpha_1|player_id_sigma,0.2238064787730614,0.010269322064901915,0.20445686044223468,0.24414234882650174,1.0011205461412593,1457.2457413859695,2256.1813268167707,0.9662849045984233,0.7224214863447468,1.2804417769671774,1.0172961537597378,0.8837309849544277,1.1765345166333057,1.729615375973781,-11.62690150455723,17.653451663330564,1.729615375973781,1.034891464454356,0.7809804537685229,1.3842334688295663,3.489146445435609,-21.901954623147713,38.423346882956636,391,283
alpha,player,2110,Roberto Alvarado,Mexico,-0.03513229829396209,0.19243810880154727,0.95,-0.41014865756412433,0.3448287941567199,0.4305,0.5695,1.0027592523717954,8997.16150456551,2972.3417420740993,alpha_1|player_id_sigma,0.2238064787730614,0.010269322064901915,0.20445686044223468,0.24414234882650174,1.0011205461412593,1457.2457413859695,2256.1813268167707,0.9654776767584002,0.6635516008393674,1.4117481994353078,1.0177213413227773,0.8416303317435246,1.2276163087971868,1.772134132277725,-15.836966825647536,22.761630879718673,1.772134132277725,1.035756728583833,0.7083416153107154,1.5070418016248297,3.575672858383294,-29.165838468928463,50.70418016248297,392,282
alpha,player,13859,Mislav Orsic,Croatia,-0.035589833352295375,0.1412079084493528,0.95,-0.3174533383353436,0.2336234571021415,0.41,0.59,1.0007308825697376,7730.41561377362,3017.7261647412574,alpha_1|player_id_sigma,0.2238064787730614,0.010269322064901915,0.20445686044223468,0.24414234882650174,1.0011205461412593,1457.2457413859695,2256.1813268167707,0.9650360379135767,0.7280006497039682,1.2631687654202115,1.0179541895524535,0.8897526924238437,1.1720175543625257,1.7954189552453537,-11.02473075761563,17.201755436252576,1.7954189552453537,1.0362307320273922,0.791659853675479,1.3736251477339159,3.6230732027392243,-20.834014632452103,37.36251477339159,393,281
alpha,player,3303,Jesús Gallardo,Mexico,-0.03631264899573711,0.11743315553983709,0.95,-0.2699041869421899,0.19192517791540772,0.387,0.613,1.0028083684732303,7491.879224375721,3010.8011594641357,alpha_1|player_id_sigma,0.2238064787730614,0.010269322064901915,0.20445686044223468,0.24414234882650174,1.0011205461412593,1457.2457413859695,2256.1813268167707,0.9643387468057073,0.7634526395645531,1.211579860642572,1.0183221526470763,0.9084980032901805,1.1444819548801275,1.8322152647076262,-9.150199670981952,14.44819548801275,1.8322152647076262,1.0369800065717754,0.8253686219822449,1.309838945046238,3.698000657177536,-17.46313780177551,30.983894504623798,394,280
alpha,player,3856,Leandro Paredes,Argentina,-0.03636673649702405,0.09185544847762192,0.95,-0.21640912920379915,0.13917934019761288,0.35325,0.64675,1.002145335877062,6765.7601438499305,3088.1786874639165,alpha_1|player_id_sigma,0.2238064787730614,0.010269322064901915,0.20445686044223468,0.24414234882650174,1.0011205461412593,1457.2457413859695,2256.1813268167707,0.964286589543039,0.8054057194564446,1.1493302026274717,1.018349692269833,0.9327764874745473,1.114275663431187,1.8349692269832962,-6.722351252545266,11.4275663431187,1.8349692269832962,1.0370360957460634,0.8700719755853544,1.2416102541150118,3.703609574606337,-12.992802441464557,24.16102541150118,395,279
alpha,player,4105,Wahbi Khazri,Tunisia,-0.03817708502864496,0.16806936885213464,0.95,-0.36667092058948264,0.2834860770008478,0.41,0.59,1.001425331667745,8077.872357800989,2717.198645607007,alpha_1|player_id_sigma,0.2238064787730614,0.010269322064901915,0.20445686044223468,0.24414234882650174,1.0011205461412593,1457.2457413859695,2256.1813268167707,0.9625424739365032,0.6930376719514059,1.327750393917561,1.0192718935183243,0.8678442303916725,1.2012173012096408,1.9271893518324257,-13.215576960832752,20.121730120964077,1.9271893518324257,1.03891519291643,0.7531536082241143,1.442923004725373,3.8915192916429975,-24.684639177588576,44.29230047253729,396,278
alpha,player,13778,Daniel Chacon,Costa Rica,-0.03843893344260259,0.22264760488532664,0.95,-0.4750843691528551,0.39916552215123785,0.4345,0.5655,1.002444826864513,8400.499653984112,2851.5004366908756,alpha_1|player_id_sigma,0.2238064787730614,0.010269322064901915,0.20445686044223468,0.24414234882650174,1.0011205461412593,1457.2457413859695,2256.1813268167707,0.962290466711622,0.6218325907629074,1.4905803222509122,1.0194053496188054,0.8190724306923971,1.2681284911256474,1.9405349618805356,-18.092756930760288,26.81284911256474,1.9405349618805356,1.0391872668314386,0.6708796467203517,1.608149870004611,3.9187266831438583,-32.91203532796483,60.81498700046111,397,277
alpha,player,4012,Eduardo Camavinga,France,-0.03853073248450886,0.11946648455759369,0.95,-0.27360928721891553,0.19119208778350547,0.37675,0.62325,1.0005248121172399,9124.88641358087,2822.5394341643923,alpha_1|player_id_sigma,0.2238064787730614,0.010269322064901915,0.20445686044223468,0.24414234882650174,1.0011205461412593,1457.2457413859695,2256.1813268167707,0.96220213342326,0.7606292047629222,1.2106919888874978,1.0194521409098505,0.9088310697889248,1.1466041301951493,1.945214090985048,-9.116893021107519,14.660413019514928,1.945214090985048,1.039282667605678,0.8259739134136814,1.3147010313805747,3.928266760567789,-17.402608658631856,31.47010313805747,398,276
alpha,player,3867,Pablo Sarabia,Spain,-0.03881430008952741,0.2130216598836145,0.95,-0.4577820431570689,0.3779079674698222,0.428,0.572,1.0003512921375237,9961.041527931246,3241.941867663086,alpha_1|player_id_sigma,0.2238064787730614,0.010269322064901915,0.20445686044223468,0.24414234882650174,1.0011205461412593,1457.2457413859695,2256.1813268167707,0.9619293227507041,0.6326853592840158,1.4592286401919188,1.0195966929581923,0.8278245992144937,1.2572050233251977,1.959669295819233,-17.21754007855063,25.720502332519768,1.959669295819233,1.0395774162912823,0.6852935670646372,1.5805644706741109,3.957741629128231,-31.470643293536284,58.056447067411085,399,275
alpha,player,8538,Diogo Costa,Portugal,-0.0393572133474129,0.11997953513831716,0.95,-0.2788763689208215,0.19156904843103786,0.376,0.624,1.0023594385646084,7317.170919986167,2890.0757867521593,alpha_1|player_id_sigma,0.2238064787730614,0.010269322064901915,0.20445686044223468,0.24414234882650174,1.0011205461412593,1457.2457413859695,2256.1813268167707,0.961407220309227,0.7566334408416832,1.211148458153661,1.0198735068091216,0.9086597891566638,1.1496277386625686,1.9873506809121588,-9.134021084333622,14.962773866256862,1.9873506809121588,1.0401419698911354,0.8256626124302326,1.3216439375024114,4.014196989113539,-17.433738756976737,32.16439375024114,400,274
alpha,player,3868,Ángel Di María,Argentina,-0.039560415964191256,0.10052250255314922,0.95,-0.24069087869854403,0.1599594808532516,0.34225,0.65775,1.0028002298619698,8340.700774194594,2823.9548093744875,alpha_1|player_id_sigma,0.2238064787730614,0.010269322064901915,0.20445686044223468,0.24414234882650174,1.0011205461412593,1457.2457413859695,2256.1813268167707,0.9612118796938047,0.786084584324435,1.1734633222959405,1.0199771325559714,0.9231350485194363,1.1278864006370044,1.9977132555971444,-7.6864951480563715,12.788640063700441,1.9977132555971444,1.0403533509371017,0.852178317804982,1.272127732741897,4.035335093710168,-14.782168219501802,27.212773274189693,401,273
alpha,player,9963,Niclas Fullkrug,Germany,-0.041536915309790444,0.1717841425791213,0.95,-0.3820213032190559,0.2939195695405497,0.40475,0.59525,1.0012182122226783,7412.0072428425665,2750.8616428185383,alpha_1|player_id_sigma,0.2238064787730614,0.010269322064901915,0.20445686044223468,0.24414234882650174,1.0011205461412593,1457.2457413859695,2256.1813268167707,0.9593139213172248,0.6824805140186334,1.3416759877110396,1.0209856228615126,0.8633286956800383,1.2104723454914001,2.098562286151262,-13.667130431996167,21.047234549140015,2.098562286151262,1.042411642089911,0.7453364367845963,1.4652432991994517,4.2411642089910995,-25.466356321540374,46.524329919945174,402,272
alpha,player,1683,Casemiro,Brazil,-0.04171742017394706,0.08347829690973674,0.95,-0.2097384454525575,0.12066356474457098,0.311,0.689,1.0019979982350689,7442.54512370389,3092.2873850523256,alpha_1|player_id_sigma,0.2238064787730614,0.010269322064901915,0.20445686044223468,0.24414234882650174,1.0011205461412593,1457.2457413859695,2256.1813268167707,0.9591407761154196,0.8107962856945741,1.1282452670232883,1.021077773455438,0.9414521245419342,1.1105653641478481,2.107777345543793,-5.854787545806584,11.056536414784812,2.107777345543793,1.0425998194447148,0.8863321028045216,1.2333554280448427,4.25998194447148,-11.366789719547842,23.335542804484266,403,271
alpha,player,11994,Dries Mertens,Belgium,-0.04178216284269584,0.1677122863955707,0.95,-0.3750688765205587,0.27875464151861257,0.40525,0.59475,1.0021685552687338,8215.442210692565,2537.8073567831407,alpha_1|player_id_sigma,0.2238064787730614,0.010269322064901915,0.20445686044223468,0.24414234882650174,1.0011205461412593,1457.2457413859695,2256.1813268167707,0.9590786807919982,0.687241942327036,1.3214830670106261,1.021110827640466,0.8698997352975913,1.2062717906075662,2.11108276404659,-13.010026470240865,20.627179060756617,2.11108276404659,1.0426673223245972,0.7567255494708196,1.4550916328155838,4.2667322324597245,-24.32744505291804,45.509163281558386,404,270
alpha,player,3934,Karl Toko Ekambi,Cameroon,-0.04181193106374572,0.14121545545719832,0.95,-0.3185638891929978,0.2250520725833757,0.38325,0.61675,1.000865583228472,8014.302045594618,3219.0228981893993,alpha_1|player_id_sigma,0.2238064787730614,0.010269322064901915,0.20445686044223468,0.24414234882650174,1.0011205461412593,1457.2457413859695,2256.1813268167707,0.9590501311507623,0.7271926167219743,1.2523879295688163,1.0211260260799901,0.8935740814502119,1.1726685276306212,2.1126026079990146,-10.64259185497881,17.266852763062126,2.1126026079990146,1.0426983611379126,0.7984746390395899,1.375151475695369,4.269836113791259,-20.152536096041008,37.51514756953691,405,269
alpha,player,1931,Ethan Ampadu,Wales,-0.0430553632689217,0.10762012135354658,0.95,-0.2538130334486234,0.16388949684500081,0.3495,0.6505,1.0005969673045727,7645.22124678712,2906.3288177818345,alpha_1|player_id_sigma,0.2238064787730614,0.010269322064901915,0.20445686044223468,0.24414234882650174,1.0011205461412593,1457.2457413859695,2256.1813268167707,0.9578583584291552,0.7758368440262127,1.1780841258869308,1.0217610739624674,0.9213228618315991,1.1353108802405119,2.1761073962467403,-7.867713816840094,13.531088024051186,2.1761073962467403,1.043995692264935,0.8488358157335678,1.2889307947924857,4.399569226493494,-15.116418426643218,28.893079479248573,406,268
alpha,player,112,Michy Batshuayi,Belgium,-0.043608319132391105,0.17011337393977558,0.95,-0.37502718731480356,0.2817286914947809,0.406,0.594,1.0002945040414777,8411.805428905032,3055.830285785555,alpha_1|player_id_sigma,0.2238064787730614,0.010269322064901915,0.20445686044223468,0.24414234882650174,1.0011205461412593,1457.2457413859695,2256.1813268167707,0.9573288514439765,0.6872705934949913,1.3254190737337708,1.0220436074062549,0.8686071339575102,1.2062466466131876,2.2043607406254884,-13.139286604248978,20.62466466131876,2.2043607406254884,1.044573135439991,0.7544783531618802,1.4550309724655603,4.457313543999097,-24.552164683811984,45.50309724655604,407,267
alpha,player,13831,Everton Ribeiro,Brazil,-0.043651467837012695,0.18218145126062082,0.95,-0.4224771986593683,0.3066633335518094,0.41675,0.58325,1.0005378249608703,8754.8924437975,2802.6544783302174,alpha_1|player_id_sigma,0.2238064787730614,0.010269322064901915,0.20445686044223468,0.24414234882650174,1.0011205461412593,1457.2457413859695,2256.1813268167707,0.9572875448353096,0.6554211986384721,1.3588834006045087,1.0220656575729763,0.8578451558863927,1.2352070394758845,2.2065657572976294,-14.215484411360734,23.52070394758845,2.2065657572976294,1.0446182083900806,0.7358983114777493,1.5257364303707794,4.461820839008057,-26.41016885222507,52.57364303707794,408,266
alpha,player,455,Leandro Trossard,Belgium,-0.04389543001575209,0.13779187308717908,0.95,-0.3204306556217171,0.21832804010331003,0.38575,0.61425,1.002086792765153,9578.034768875283,2919.6670243845924,alpha_1|player_id_sigma,0.2238064787730614,0.010269322064901915,0.20445686044223468,0.24414234882650174,1.0011205461412593,1457.2457413859695,2256.1813268167707,0.9570540313655771,0.7258363842363539,1.2439950809679103,1.0221903378594583,0.896583347790357,1.1737635877261736,2.2190337859458342,-10.341665220964302,17.376358772617362,2.2190337859458342,1.0448730868132339,0.8038616995349643,1.3777209598718192,4.487308681323388,-19.613830046503566,37.77209598718192,409,265
alpha,player,3858,Idrissa Gueye,Senegal,-0.044619774432943286,0.10988381698723204,0.95,-0.2606923975837251,0.16865114484968005,0.35225,0.64775,1.0008410134493033,7855.709402794793,2838.5156443851024,alpha_1|player_id_sigma,0.2238064787730614,0.010269322064901915,0.20445686044223468,0.24414234882650174,1.0011205461412593,1457.2457413859695,2256.1813268167707,0.9563610456314803,0.7705178963326001,1.183707124560191,1.0225606138395134,0.9191319633549794,1.1392227125892866,2.2560613839513355,-8.086803664502062,13.922271258928664,2.2560613839513355,1.0456302089758425,0.8448035660607791,1.2978283888792923,4.563020897584247,-15.519643393922088,29.78283888792923,410,264
alpha,player,14040,Andre Ayew,Ghana,-0.047134885031659406,0.15414097660893958,0.95,-0.3513902262696981,0.25221990564983454,0.39425,0.60575,1.0004754051885858,9350.085290630761,3143.135799150781,alpha_1|player_id_sigma,0.2238064787730614,0.010269322064901915,0.20445686044223468,0.24414234882650174,1.0011205461412593,1457.2457413859695,2256.1813268167707,0.9539587141604707,0.7037090944945601,1.2868789981336985,1.02384734925926,0.8815179160695238,1.1920745553655852,2.384734925925991,-11.84820839304762,19.207455536558516,2.384734925925991,1.0482633945852131,0.7770738363515559,1.4210417455500575,4.8263394585213115,-22.29261636484441,42.10417455500575,411,263
alpha,player,8059,Dušan Vlahović,Serbia,-0.04729826663714489,0.1889824451924015,0.95,-0.41726180153376374,0.31193086529093084,0.40475,0.59525,1.000394457570753,8292.868025511818,3160.0597713407374,alpha_1|player_id_sigma,0.2238064787730614,0.010269322064901915,0.20445686044223468,0.24414234882650174,1.0011205461412593,1457.2457413859695,2256.1813268167707,0.9538028675857627,0.6588484098391872,1.3660602475870005,1.023930991587465,0.8555887653000379,1.2319901879667157,2.3930991587465034,-14.441123469996208,23.199018796671567,2.3930991587465034,1.0484346755332892,0.7320321353076434,1.5177998232462633,4.843467553328917,-26.796786469235656,51.77998232462633,412,262
alpha,player,14024,Ferjani Sassi,Tunisia,-0.048937013565108205,0.16832784857759267,0.95,-0.3861820765269201,0.27322348741430774,0.3905,0.6095,1.002323115510327,8125.429232802613,2944.32507044783,alpha_1|player_id_sigma,0.2238064787730614,0.010269322064901915,0.20445686044223468,0.24414234882650174,1.0011205461412593,1457.2457413859695,2256.1813268167707,0.9522411060820652,0.679646766691048,1.3141939178079989,1.0247703172845637,0.8723088397897678,1.2129932172887399,2.477031728456369,-12.769116021023219,21.299321728873988,2.477031728456369,1.0501542031875053,0.7609227119753708,1.4713525451884883,5.01542031875053,-23.907728802462923,47.13525451884883,413,261
alpha,player,8561,Mehdi Taremi,Iran,-0.04919279125399287,0.12528766285123438,0.95,-0.2995292300231849,0.1922178940834188,0.35175,0.64825,1.001597844565994,9176.37296520467,3085.533195951526,alpha_1|player_id_sigma,0.2238064787730614,0.010269322064901915,0.20445686044223468,0.24414234882650174,1.0011205461412593,1457.2457413859695,2256.1813268167707,0.9519975751989015,0.7411670577628622,1.211934561567434,1.0249013823569617,0.908365046992948,1.1615607965723498,2.490138235696171,-9.163495300705204,16.15607965723498,2.490138235696171,1.050422843557211,0.8251270585985006,1.3492234841337916,5.042284355721094,-17.487294140149945,34.922348413379154,414,260
alpha,player,3965,Jonathan David,Canada,-0.050258148072120506,0.13753096267487072,0.95,-0.32990280316370674,0.22674639903840257,0.358,0.642,1.0010840763743962,7831.867226060556,3024.7989293763576,alpha_1|player_id_sigma,0.2238064787730614,0.010269322064901915,0.20445686044223468,0.24414234882650174,1.0011205461412593,1457.2457413859695,2256.1813268167707,0.9509838981510752,0.7189936139403791,1.254511682226935,1.0254474706265657,0.8928173989094149,1.1793358034641745,2.5447470626565716,-10.718260109058509,17.933580346417454,2.5447470626565716,1.0515425150144213,0.7971229077953733,1.3908329373324904,5.154251501442131,-20.28770922046267,39.083293733249036,415,259
alpha,player,3734,Félix Torres,Ecuador,-0.05078686912264719,0.0954289966520395,0.95,-0.24069080347224536,0.12603131460813066,0.30325,0.69675,1.002262055266248,8004.305646873709,2971.5000203739482,alpha_1|player_id_sigma,0.2238064787730614,0.010269322064901915,0.20445686044223468,0.24414234882650174,1.0011205461412593,1457.2457413859695,2256.1813268167707,0.950481225843836,0.7860846434586709,1.1343176884407813,1.0257185942941491,0.9389287724807565,1.1278863582136456,2.5718594294149133,-6.107122751924354,12.788635821364558,2.5718594294149133,1.0520986346807653,0.8815872397922202,1.2721276370444399,5.2098634680765255,-11.841276020777979,27.212763704443987,416,258
alpha,player,13228,Youssouf Sabaly,Senegal,-0.0514609146206756,0.08991480326400125,0.95,-0.22737847474099562,0.1271125495142363,0.27925,0.72075,1.0008061191109514,7614.2520751352595,3101.791143808828,alpha_1|player_id_sigma,0.2238064787730614,0.010269322064901915,0.20445686044223468,0.24414234882650174,1.0011205461412593,1457.2457413859695,2256.1813268167707,0.9498407741236432,0.7966192249729818,1.13554481560695,1.0260643430538392,0.9384213083835133,1.1204038911186267,2.60643430538392,-6.157869161648666,12.04038911186267,2.60643430538392,1.0528080360865066,0.8806345520282252,1.2553048792337596,5.280803608650664,-11.936544797177485,25.530487923375954,417,257
alpha,player,13945,Boualem Khoukhi,Qatar,-0.0516342707313419,0.09731587097595662,0.95,-0.24272229451468572,0.1368794797224162,0.3035,0.6965,0.999772222237021,6382.189737471134,2890.82365171989,alpha_1|player_id_sigma,0.2238064787730614,0.010269322064901915,0.20445686044223468,0.24414234882650174,1.0011205461412593,1457.2457413859695,2256.1813268167707,0.9496761276929336,0.7844893405173478,1.1466899408021811,1.0261532841703076,0.9338497323225005,1.1290325857696488,2.61532841703076,-6.615026767749955,12.903258576964882,2.61532841703076,1.052990562613508,0.8720753225588057,1.2747145797296995,5.29905626135081,-12.79246774411943,27.471457972969947,418,256
alpha,player,84,Steven Bergwijn,Netherlands,-0.052551101247962514,0.12861468781291596,0.95,-0.31303884442716295,0.19068082181977053,0.3465,0.6535,1.0007805593614632,9073.163386398133,3015.463044520524,alpha_1|player_id_sigma,0.2238064787730614,0.010269322064901915,0.20445686044223468,0.24414234882650174,1.0011205461412593,1457.2457413859695,2256.1813268167707,0.948805834654729,0.7312215081365958,1.2100731614871865,1.0266237963298734,0.9090634266830863,1.1694334750851987,2.662379632987344,-9.093657331691373,16.943347508519867,2.662379632987344,1.0539564191907616,0.8263963137327949,1.3675746526498438,5.395641919076155,-17.36036862672051,36.757465264984376,419,255
alpha,player,9330,Dani Alves,Brazil,-0.05271873891504096,0.12447814611686946,0.95,-0.3007131298892115,0.18540520626303159,0.34275,0.65725,1.0023979856472536,8066.571301564704,2932.789054155367,alpha_1|player_id_sigma,0.2238064787730614,0.010269322064901915,0.20445686044223468,0.24414234882650174,1.0011205461412593,1457.2457413859695,2256.1813268167707,0.9486467923892068,0.7402901093944303,1.2037060905682642,1.0267098503453886,0.9114645266889144,1.1622485859564278,2.670985034538864,-8.853547331108558,16.22485859564278,2.670985034538864,1.0541331167962504,0.8307675834122469,1.3508217755577159,5.413311679625044,-16.92324165877531,35.08217755577159,420,254
alpha,player,4625,Robert Lewandowski,Poland,-0.053748393755763714,0.11288282225169449,0.95,-0.2773903677769735,0.16360153458551296,0.31475,0.68525,1.0008662952392229,7162.337754026361,2808.595519059968,alpha_1|player_id_sigma,0.2238064787730614,0.010269322064901915,0.20445686044223468,0.24414234882650174,1.0011205461412593,1457.2457413859695,2256.1813268167707,0.9476705163272268,0.7577586348129574,1.1777449309601862,1.0272385648157771,0.9214555244883349,1.1487738818425766,2.7238564815777133,-7.85444755116651,14.877388184257656,2.7238564815777133,1.0552190690447776,0.8490802836100724,1.3196814316036618,5.521906904477758,-15.091971638992764,31.968143160366182,421,253
alpha,player,8631,Georges-Kevin N'Koudou,Cameroon,-0.05461685315824322,0.1901877075264735,0.95,-0.4340914498775253,0.31974303775822366,0.3945,0.6055,1.002202967996003,7768.838248075874,2737.3827253929367,alpha_1|player_id_sigma,0.2238064787730614,0.010269322064901915,0.20445686044223468,0.24414234882650174,1.0011205461412593,1457.2457413859695,2256.1813268167707,0.9468478602302863,0.6478530066981278,1.3767739399601202,1.0276847191706049,0.8522532803890154,1.242400909544504,2.768471917060489,-14.774671961098463,24.24009095445041,2.768471917060489,1.0561358820167648,0.7263356539338376,1.543560020037011,5.613588201676478,-27.36643460661624,54.3560020037011,422,252
alpha,player,13870,Abderrazak Hamdallah,Morocco,-0.05464540215129004,0.1922426070484243,0.95,-0.4409401849084774,0.3205822322995538,0.39475,0.60525,1.001588227059711,9545.394824652314,2727.8764531994925,alpha_1|player_id_sigma,0.2238064787730614,0.010269322064901915,0.20445686044223468,0.24414234882650174,1.0011205461412593,1457.2457413859695,2256.1813268167707,0.9468208290631664,0.6434311923175875,1.3779298060656087,1.0276993889572574,0.8518957522528094,1.246662639560736,2.769938895725743,-14.810424774719056,24.666263956073607,2.769938895725743,1.0561660340631203,0.7257263727063801,1.5541677368765419,5.616603406312026,-27.42736272936199,55.416773687654185,423,251
alpha,player,13226,German Pezzella,Argentina,-0.054886396347368145,0.17297799279613832,0.95,-0.40049531989513265,0.27957224169297773,0.38175,0.61825,1.0002105103238226,8204.890297470462,3189.2073728682753,alpha_1|player_id_sigma,0.2238064787730614,0.010269322064901915,0.20445686044223468,0.24414234882650174,1.0011205461412593,1457.2457413859695,2256.1813268167707,0.9465926782312537,0.6699881053959196,1.322563953602956,1.0278232312124496,0.8695441928877972,1.2217052881639492,2.782323121244956,-13.045580711220284,22.17052881639492,2.782323121244956,1.0564205946200007,0.7561071033848905,1.4925638111277584,5.642059462000071,-24.38928966151095,49.25638111277584,424,250
alpha,player,144,Emiliano Martínez,Argentina,-0.054932743081844135,0.1102203545604778,0.95,-0.2692181833251149,0.1612351861841569,0.30925,0.69075,0.9999458072081743,6292.1504015122355,3109.4127130625657,alpha_1|player_id_sigma,0.2238064787730614,0.010269322064901915,0.20445686044223468,0.24414234882650174,1.0011205461412593,1457.2457413859695,2256.1813268167707,0.946548807768373,0.7639765505186186,1.1749612709792259,1.0278470496136174,0.9225464121197712,1.144089462816357,2.784704961361739,-7.745358788022882,14.408946281635693,2.784704961361739,1.0564695573994183,0.8510918825150627,1.30894069892742,5.646955739941828,-14.890811748493727,30.894069892741992,425,249
alpha,player,1702,Luka Jovic,Serbia,-0.05493362598140095,0.1971772193108355,0.95,-0.4424655862275679,0.32744408117903817,0.38975,0.61025,1.0023087183381625,9244.031731633018,2616.444925260888,alpha_1|player_id_sigma,0.2238064787730614,0.010269322064901915,0.20445686044223468,0.24414234882650174,1.0011205461412593,1457.2457413859695,2256.1813268167707,0.946547972061219,0.6424504497312697,1.3874174663798622,1.02784750335657,0.8489779705028098,1.2476138326698554,2.7847503356569936,-15.102202949719024,24.761383266985536,2.7847503356569936,1.056470490156334,0.7207635943990698,1.5565402754691657,5.647049015633399,-27.92364056009302,55.65402754691657,426,248
alpha,player,4611,Alphonso Davies,Canada,-0.05546388445506346,0.11192289367938214,0.95,-0.2789314132201586,0.16093518305536014,0.30825,0.69175,1.0022504147043687,8025.21465146475,3271.5313054884973,alpha_1|player_id_sigma,0.2238064787730614,0.010269322064901915,0.20445686044223468,0.24414234882650174,1.0011205461412593,1457.2457413859695,2256.1813268167707,0.9460461900271506,0.7565917936303084,1.17460883179079,1.028120051909412,0.9226848059042019,1.1496593793246628,2.8120051909412025,-7.731519409579812,14.965937932466279,2.8120051909412025,1.0570308411382123,0.8513472510464747,1.321716688469169,5.703084113821233,-14.865274895352531,32.17166884691689,427,247
alpha,player,13949,Tarek Salman,Qatar,-0.057371968975956616,0.19439579131444806,0.95,-0.45135201645174894,0.31862118235123377,0.389,0.611,1.004948197840846,10113.430660370479,3020.738471435731,alpha_1|player_id_sigma,0.2238064787730614,0.010269322064901915,0.20445686044223468,0.24414234882650174,1.0011205461412593,1457.2457413859695,2256.1813268167707,0.9442427750171966,0.6367666503838375,1.375230264723479,1.0291013899322847,0.8527314669658912,1.2531695828616265,2.9101389932284727,-14.72685330341088,25.31695828616265,2.9101389932284727,1.0590496707605606,0.7271509547538008,1.5704340034095827,5.904967076056056,-27.284904524619925,57.04340034095827,428,246
alpha,player,7192,Antoine Semenyo,Ghana,-0.05766585645397464,0.20693824828661544,0.95,-0.4668981331279303,0.3397349398828425,0.3865,0.6135,1.0018831307917209,8859.61640427594,2907.3539745469975,alpha_1|player_id_sigma,0.2238064787730614,0.010269322064901915,0.20445686044223468,0.24414234882650174,1.0011205461412593,1457.2457413859695,2256.1813268167707,0.9439653146624689,0.6269439519789839,1.4045752443398856,1.0292526210493016,0.843776634953431,1.2629484999460678,2.9252621049301597,-15.622336504656896,26.294849994606786,2.9252621049301597,1.0593609579368573,0.7119590096933357,1.5950389135160228,5.936095793685725,-28.80409903066643,59.50389135160228,429,245
alpha,player,13862,Munir,Morocco,-0.05790799102118162,0.1853749724790217,0.95,-0.4217415154308691,0.30164919949291286,0.37025,0.62975,1.003485717013321,8769.283292687947,2757.922782881282,alpha_1|player_id_sigma,0.2238064787730614,0.010269322064901915,0.20445686044223468,0.24414234882650174,1.0011205461412593,1457.2457413859695,2256.1813268167707,0.9437367756992529,0.6559035584321629,1.352086830759321,1.029377237411604,0.8599985293910468,1.2347527624806651,2.937723741160392,-14.00014706089532,23.475276248066514,2.937723741160392,1.0596174969011454,0.7395974705547631,1.524614384453634,5.961749690114537,-26.04025294452369,52.4614384453634,430,244
alpha,player,9290,Bailey Wright,Australia,-0.05982356800374327,0.20258086018607196,0.95,-0.46562328761283667,0.3348680193904151,0.3875,0.6125,1.0008201348697177,8827.279383861753,3149.90552147831,alpha_1|player_id_sigma,0.2238064787730614,0.010269322064901915,0.20445686044223468,0.24414234882650174,1.0011205461412593,1457.2457413859695,2256.1813268167707,0.9419307056395154,0.6277437183453449,1.3977558963730052,1.030363635387691,0.8458324321872062,1.2621437243489815,3.0363635387691046,-15.416756781279384,26.21437243489815,3.0363635387691046,1.0616492211293387,0.7154325033397247,1.593006780913518,6.164922112933868,-28.456749666027527,59.3006780913518,431,243
alpha,player,11856,Enzo Fernandez,Argentina,-0.06013057441783818,0.06653709669808416,0.95,-0.18971599716872117,0.06925316681643395,0.18275,0.81725,0.9999985140849558,7563.580215101479,3278.0649633331996,alpha_1|player_id_sigma,0.2238064787730614,0.010269322064901915,0.20445686044223468,0.24414234882650174,1.0011205461412593,1457.2457413859695,2256.1813268167707,0.9416415712565772,0.8271940260321844,1.0717074955813406,1.0305218116501194,0.9659660566714791,1.0995027130984114,3.0521811650119357,-3.4033943328520944,9.950271309841142,3.0521811650119357,1.061975204286644,0.9330904226414471,1.2089062161107678,6.197520428664394,-6.690957735855285,20.890621611076774,432,242
alpha,player,385,Jan Bednarek,Poland,-0.06125709447057166,0.19968340078362726,0.95,-0.46242791571761666,0.3279308179854884,0.3775,0.6225,1.0016206314330574,9557.730606033023,2982.450950557316,alpha_1|player_id_sigma,0.2238064787730614,0.010269322064901915,0.20445686044223468,0.24414234882650174,1.0011205461412593,1457.2457413859695,2256.1813268167707,0.940581390413677,0.6297528011542564,1.388092937901751,1.0311024268962496,0.8487713812294257,1.2601288250734568,3.1102426896249646,-15.122861877057424,26.01288250734568,3.1102426896249646,1.063172214751336,0.7204128575941071,1.587924655781011,6.317221475133605,-27.958714240589288,58.792465578101094,433,241
alpha,player,13867,Bilal El Khannouss,Morocco,-0.06145114450847176,0.17080361511826384,0.95,-0.40194625436062204,0.27074136270968036,0.35625,0.64375,1.0004232464484204,9479.036620101775,2476.863906019093,alpha_1|player_id_sigma,0.2238064787730614,0.010269322064901915,0.20445686044223468,0.24414234882650174,1.0011205461412593,1457.2457413859695,2256.1813268167707,0.9403988882670661,0.6690167014544796,1.3109359696074634,1.0312024744822397,0.8733921015090502,1.222591916889741,3.1202474482239673,-12.660789849094979,22.2591916889741,3.1202474482239673,1.0633785433782943,0.762813762978395,1.4947309952441312,6.337854337829429,-23.718623702160503,49.47309952441312,434,240
alpha,player,3849,Thilo Kehrer,Germany,-0.06193654759227668,0.18075329270129262,0.95,-0.42014592950971147,0.2939479366837729,0.365,0.635,1.0004298045419475,10018.952078553457,2717.203290832655,alpha_1|player_id_sigma,0.2238064787730614,0.010269322064901915,0.20445686044223468,0.24414234882650174,1.0011205461412593,1457.2457413859695,2256.1813268167707,0.9399425265153558,0.656950944290488,1.341714047765767,1.0314527792862624,0.863316450682498,1.2337680782580005,3.1452779286262444,-13.668354931750205,23.37680782580005,3.1452779286262444,1.0638948358973552,0.7453152940190259,1.52218367092844,6.389483589735523,-25.468470598097415,52.218367092844,435,239
alpha,player,5085,Abdul Rahman Baba,Ghana,-0.062405468253859224,0.1289585733034835,0.95,-0.3281859634367247,0.18563696488391593,0.32175,0.67825,1.0005089395919415,8136.2230850208225,3065.7761056451604,alpha_1|player_id_sigma,0.2238064787730614,0.010269322064901915,0.20445686044223468,0.24414234882650174,1.0011205461412593,1457.2457413859695,2256.1813268167707,0.9395018713681987,0.7202290709776364,1.2039850921610278,1.0316946423986342,0.9113589129274123,1.1783238725776812,3.1694642398634176,-8.864108707258767,17.832387257768122,3.1694642398634176,1.0643938351540456,0.8305750681722348,1.3884471486864636,6.439383515404562,-16.94249318277652,38.844714868646356,436,238
alpha,player,3924,Bruno Guimarães,Brazil,-0.06294763251324104,0.14126756742448426,0.95,-0.34088063957981224,0.2060972974399017,0.32925,0.67075,0.9998657567648627,8541.507546623381,2741.6848781769063,alpha_1|player_id_sigma,0.2238064787730614,0.010269322064901915,0.20445686044223468,0.24414234882650174,1.0011205461412593,1457.2457413859695,2256.1813268167707,0.9389926450865391,0.7111437855618692,1.2288727643526958,1.031974354290221,0.9020830872265372,1.185826879424692,3.1974354290221108,-9.791691277346281,18.5826879424692,3.1974354290221108,1.0649710679127187,0.8137538962601603,1.4061853879661028,6.497106791271867,-18.624610373983973,40.61853879661028,437,237
alpha,player,13918,Sang-ho Na,South Korea,-0.06325330099301853,0.15529249104992562,0.95,-0.3759285840670578,0.2431069276949246,0.3385,0.6615,1.0023023215454046,9830.241971023366,2867.3598593648953,alpha_1|player_id_sigma,0.2238064787730614,0.010269322064901915,0.20445686044223468,0.24414234882650174,1.0011205461412593,1457.2457413859695,2256.1813268167707,0.9387056684942771,0.686651369139434,1.2752049715568359,1.0321320873594435,0.8855437075095338,1.2067904225482857,3.2132087359443506,-11.445629249046618,20.679042254828573,3.2132087359443506,1.065296645756962,0.7841876579097308,1.4563431239542701,6.529664575696192,-21.581234209026924,45.63431239542701,438,236
alpha,player,3861,Xavi Simons,Netherlands,-0.06377358152562874,0.1850009132110252,0.95,-0.43689963844358953,0.29665339075632907,0.363,0.637,1.0021516211680246,8741.160616799634,2594.0698213131,alpha_1|player_id_sigma,0.2238064787730614,0.010269322064901915,0.20445686044223468,0.24414234882650174,1.0011205461412593,1457.2457413859695,2256.1813268167707,0.9382174052370564,0.6460362653622412,1.3453489082574532,1.0324006214022556,0.8621494087013776,1.2441465828169636,3.2400621402255636,-13.785059129862242,24.414658281696354,3.2400621402255636,1.0658510430717636,0.7433016029241349,1.5479007195351278,6.585104307176359,-25.669839707586505,54.79007195351278,439,235
alpha,player,13802,Daizen Maeda,Japan,-0.06395543289676386,0.1874563337061414,0.95,-0.4339853757294518,0.2920744234899644,0.378,0.622,1.0030077349182192,9641.940311716944,3349.1470814850545,alpha_1|player_id_sigma,0.2238064787730614,0.010269322064901915,0.20445686044223468,0.24414234882650174,1.0011205461412593,1457.2457413859695,2256.1813268167707,0.9380468046279387,0.6479217307987509,1.3392026820679295,1.0324944974043422,0.8641255469668656,1.2423350179828445,3.249449740434218,-13.587445303313439,24.23350179828445,3.249449740434218,1.0660448871702453,0.7467129609207848,1.5433962969064345,6.604488717024526,-25.328703907921522,54.339629690643456,440,234
alpha,player,13981,Ali Gholizadeh,Iran,-0.0642577006120334,0.12760604042495646,0.95,-0.31224102150978306,0.18073434678649683,0.3185,0.6815,1.0012866997855108,8185.879971708481,2985.110979267436,alpha_1|player_id_sigma,0.2238064787730614,0.010269322064901915,0.20445686044223468,0.24414234882650174,1.0011205461412593,1457.2457413859695,2256.1813268167707,0.9377633062118557,0.7318051261944419,1.1980968587330214,1.0326505540731477,0.913595675655608,1.1689670677056205,3.2650554073147653,-8.640432434439205,16.896706770562055,3.2650554073147653,1.066367166827579,0.8346570585766269,1.366484005380277,6.636716682757893,-16.534294142337313,36.648400538027694,441,233
alpha,player,3263,Hannibal Mejbri,Tunisia,-0.06442354362809403,0.22101763865035676,0.95,-0.4931868518190513,0.36306130719176927,0.38575,0.61425,0.9999244460370488,10094.818171326388,2543.9635117182584,alpha_1|player_id_sigma,0.2238064787730614,0.010269322064901915,0.20445686044223468,0.24414234882650174,1.0011205461412593,1457.2457413859695,2256.1813268167707,0.9376077976121665,0.6106771522679962,1.4377239993603104,1.0327361865646985,0.8339926800370633,1.2796587309139078,3.2736186564698455,-16.60073199629367,27.96587309139078,3.2736186564698455,1.0665440310401957,0.6955437903554035,1.6375264676041932,6.654403104019568,-30.445620964459653,63.75264676041932,442,232
alpha,player,13782,Anthony Contreras,Costa Rica,-0.06520186007155024,0.17417406347068498,0.95,-0.4028074426516658,0.26458603604745573,0.35425,0.64575,0.99973008531204,9478.344789264493,3101.6939195256773,alpha_1|player_id_sigma,0.2238064787730614,0.010269322064901915,0.20445686044223468,0.24414234882650174,1.0011205461412593,1457.2457413859695,2256.1813268167707,0.936878325962487,0.6684408001200101,1.3028915140063344,1.0331381625536336,0.8760842489903362,1.2231184711689753,3.3138162553633554,-12.391575100966378,22.311847116897532,3.3138162553633554,1.0673744629246984,0.7675236113289615,1.4960187945147314,6.73744629246984,-23.24763886710385,49.60187945147314,443,231
alpha,player,4882,Robert Skov,Denmark,-0.0653722798649722,0.17289611634913285,0.95,-0.40347019630348296,0.2645428529161778,0.364,0.636,1.0013565012412033,8328.509131640181,3212.466929841491,alpha_1|player_id_sigma,0.2238064787730614,0.010269322064901915,0.20445686044223468,0.24414234882650174,1.0011205461412593,1457.2457413859695,2256.1813268167707,0.9367186769557767,0.6679979353100525,1.3028352522858315,1.0332261999005263,0.8761031652251184,1.223523851448767,3.322619990052633,-12.389683477488155,22.352385144876695,3.322619990052633,1.0675563801608825,0.7675567561174711,1.4970106150640246,6.75563801608825,-23.244324388252892,49.70106150640245,444,230
alpha,player,8129,Marcelo Brozovic,Croatia,-0.06542408835620014,0.06391265006675574,0.95,-0.19239206597098213,0.05728546978720591,0.15925,0.84075,1.000109203481466,6382.853317444992,3244.904644844388,alpha_1|player_id_sigma,0.2238064787730614,0.010269322064901915,0.20445686044223468,0.24414234882650174,1.0011205461412593,1457.2457413859695,2256.1813268167707,0.9366701482315294,0.824983357175962,1.0589580677850416,1.0332529651924491,0.9717635796755223,1.1009748702314794,3.3252965192449135,-2.8236420324477707,10.097487023147945,3.3252965192449135,1.0676116900789887,0.9443244547837851,1.212145664881223,6.761169007898871,-5.567554521621487,21.2145664881223,445,229
alpha,player,12777,Abdelhamid Sabiri,Morocco,-0.06550577545427842,0.14278943404236966,0.95,-0.3472517706770663,0.21100499886181812,0.32825,0.67175,1.0005943798546337,8278.355243344171,2945.4541764304677,alpha_1|player_id_sigma,0.2238064787730614,0.010269322064901915,0.20445686044223468,0.24414234882650174,1.0011205461412593,1457.2457413859695,2256.1813268167707,0.9365936374902766,0.7066273978014755,1.2349185282330442,1.0332951677724487,0.8998722236755226,1.1896104318559921,3.3295167772448675,-10.012777632447744,18.961043185599213,3.3295167772448675,1.0676989037418927,0.8097700189427296,1.4151729795805998,6.769890374189269,-19.02299810572704,41.517297958059984,446,228
alpha,player,13911,Young-gwon Kim,South Korea,-0.06563888786094783,0.09005371219666095,0.95,-0.24382316049523514,0.1062889876648633,0.232,0.768,1.000184331475385,6959.469120894104,3097.916204853339,alpha_1|player_id_sigma,0.2238064787730614,0.010269322064901915,0.20445686044223468,0.24414234882650174,1.0011205461412593,1457.2457413859695,2256.1813268167707,0.9364689735544613,0.7836261980795122,1.112143225745113,1.0333639422643988,0.9482429873195769,1.1296542136184946,3.336394226439876,-5.17570126804231,12.965421361849462,3.336394226439876,1.0678410371722198,0.8991647630007553,1.2761186423460193,6.784103717221979,-10.083523699924468,27.611864234601935,447,227
alpha,player,47,Jordan Henderson,England,-0.06626775137534395,0.09987040855366465,0.95,-0.2722529928201873,0.12317985297579882,0.257,0.743,1.0010780988878243,6090.7952414423,2810.924739206693,alpha_1|player_id_sigma,0.2238064787730614,0.010269322064901915,0.20445686044223468,0.24414234882650174,1.0011205461412593,1457.2457413859695,2256.1813268167707,0.935880247518193,0.7616615418110776,1.1310878321673896,1.0336889157929114,0.9402683869037289,1.1458268274081211,3.3688915792911445,-5.973161309627106,14.582682740812114,3.3688915792911445,1.0685127746331249,0.8841046394105406,1.3129191184081601,6.851277463312488,-11.589536058945937,31.291911840816013,448,226
alpha,player,13930,Giorgian De Arrascaeta,Uruguay,-0.06692625837237016,0.14446293739103874,0.95,-0.3494754124294149,0.20589120564056607,0.327,0.673,1.0019432205071328,8486.073449466168,2689.7643326183174,alpha_1|player_id_sigma,0.2238064787730614,0.010269322064901915,0.20445686044223468,0.24414234882650174,1.0011205461412593,1457.2457413859695,2256.1813268167707,0.9352641666958524,0.7050578573109809,1.2286195298492093,1.0340293175209652,0.9021760479793655,1.1909338011071013,3.4029317520965163,-9.782395202063455,19.093380110710136,3.4029317520965163,1.069216629492873,0.8139216215476665,1.4183233186194086,6.9216629492873105,-18.607837845233355,41.832331861940865,449,225
alpha,player,4712,Marcus Thuram,France,-0.06698840620425943,0.13714889057810056,0.95,-0.34651594432967586,0.20196308003856728,0.313,0.687,0.9999022664421237,9256.166390564385,2979.438999774591,alpha_1|player_id_sigma,0.2238064787730614,0.010269322064901915,0.20445686044223468,0.24414234882650174,1.0011205461412593,1457.2457413859695,2256.1813268167707,0.9352060438617713,0.7071475442038104,1.2238028245241923,1.0340614493602907,0.903949719626238,1.1891728390095695,3.406144936029065,-9.605028037376195,18.91728390095695,3.406144936029065,1.0692830810531049,0.8171250956123544,1.4141320410380793,6.928308105310488,-18.287490438764564,41.413204103807935,450,224
alpha,player,4207,Christopher Wooh,Cameroon,-0.06717721319053359,0.16083771966864904,0.95,-0.381529493891802,0.24342264424388171,0.346,0.654,1.0029622956738682,9800.308586138754,2735.048927019606,alpha_1|player_id_sigma,0.2238064787730614,0.010269322064901915,0.20445686044223468,0.24414234882650174,1.0011205461412593,1457.2457413859695,2256.1813268167707,0.9350294870951844,0.6828162468525992,1.275607638430622,1.0341590729811616,0.8854039281408462,1.2101747212915415,3.415907298116161,-11.459607185915377,21.017472129154147,3.415907298116161,1.0694849882292554,0.7839401159672408,1.4645228560530603,6.948498822925542,-21.605988403275923,46.45228560530603,451,223
alpha,player,7441,Sardar Azmoun,Iran,-0.06837419380239493,0.1694218845403664,0.95,-0.4003880093633015,0.2578404974708844,0.348,0.652,0.9999033123963433,8247.521654551596,3235.2982386314175,alpha_1|player_id_sigma,0.2238064787730614,0.010269322064901915,0.20445686044223468,0.24414234882650174,1.0011205461412593,1457.2457413859695,2256.1813268167707,0.9339109444980644,0.670060006033609,1.294132384772933,1.0347781924111392,0.8790440676261765,1.221639739000387,3.477819241113922,-12.095593237382351,22.1639739000387,3.477819241113922,1.070765907489665,0.7727184728287739,1.4924036519049337,7.076590748966494,-22.728152717122608,49.24036519049337,452,222
alpha,player,13868,Yahya Jabrane,Morocco,-0.06897321355636679,0.20511753323552212,0.95,-0.4663600079333021,0.32292909745349746,0.37025,0.62975,1.0009406640973144,8223.603965804852,2985.781822527782,alpha_1|player_id_sigma,0.2238064787730614,0.010269322064901915,0.20445686044223468,0.24414234882650174,1.0011205461412593,1457.2457413859695,2256.1813268167707,0.9333516809155495,0.6272814171062636,1.3811674191467016,1.0350881651178825,0.8508966963019685,1.2626087334536755,3.5088165117882486,-14.910330369803148,26.260873345367553,3.5088165117882486,1.071407509567105,0.7240251877776045,1.5941808137934947,7.140750956710495,-27.59748122223955,59.41808137934947,453,221
alpha,player,8578,Simon Kjaer,Denmark,-0.06963605888155575,0.13668994728448058,0.95,-0.35211307743576326,0.19657267670562242,0.30475,0.69525,1.0014935948149013,7672.187424017413,2768.301404212995,alpha_1|player_id_sigma,0.2238064787730614,0.010269322064901915,0.20445686044223468,0.24414234882650174,1.0011205461412593,1457.2457413859695,2256.1813268167707,0.9327332181123306,0.703200601359603,1.2172237814780857,1.0354312736474165,0.9063893325646089,1.1925054794755843,3.5431273647416495,-9.361066743539116,19.250547947558427,3.5431273647416495,1.0721179224471111,0.8215416221869171,1.4220693185792934,7.211792244711113,-17.845837781308294,42.20693185792934,454,220
alpha,player,14009,Abdulrahman Al-Oboud,Saudi Arabia,-0.07391851125927028,0.17845020924337415,0.95,-0.4356352782271594,0.2710045298937983,0.33875,0.66125,0.9999984215929503,8504.46234068889,3262.40471904855,alpha_1|player_id_sigma,0.2238064787730614,0.010269322064901915,0.20445686044223468,0.24414234882650174,1.0011205461412593,1457.2457413859695,2256.1813268167707,0.928747373211636,0.6468536045112043,1.311281010334851,1.0376507415507183,0.873277184999787,1.2433603066558636,3.7650741550718347,-12.672281500021299,24.33603066558636,3.7650741550718347,1.0767190614407556,0.7626130418411522,1.5459448521673633,7.671906144075558,-23.738695815884782,54.59448521673633,455,219
alpha,player,9981,Ritsu Doan,Japan,-0.07441361041147808,0.13943365312773323,0.95,-0.3464400862561911,0.197737285442951,0.298,0.702,1.0017291509701105,9813.481148934232,2593.3895145513634,alpha_1|player_id_sigma,0.2238064787730614,0.010269322064901915,0.20445686044223468,0.24414234882650174,1.0011205461412593,1457.2457413859695,2256.1813268167707,0.928287664984511,0.7072011890888563,1.2186421967183523,1.0379076433485868,0.9058616917352351,1.189127735684634,3.790764334858676,-9.413830826476488,18.912773568463393,3.790764334858676,1.0772522761214172,0.8205854045534221,1.4140247717744645,7.725227612141716,-17.94145954465779,41.40247717744645,456,218
alpha,player,2108,Uriel Antuna,Mexico,-0.07547970839777449,0.175739998126302,0.95,-0.4266345943945197,0.2657171265359818,0.33725,0.66275,1.0017464851120312,9512.423556901611,2899.600032588918,alpha_1|player_id_sigma,0.2238064787730614,0.010269322064901915,0.20445686044223468,0.24414234882650174,1.0011205461412593,1457.2457413859695,2256.1813268167707,0.9272985467163473,0.6527020096314389,1.3043660359570808,1.0384610464552353,0.8755889237873546,1.237777332220365,3.8461046455235293,-12.441107621264536,23.77773322203649,3.8461046455235293,1.0784013450049021,0.7666559634590978,1.5320927241585633,7.8401345004902145,-23.33440365409022,53.20927241585633,457,217
alpha,player,3865,Neymar,Brazil,-0.07567542002556774,0.10299516591330249,0.95,-0.2845392410320697,0.12421539722573105,0.23,0.77,1.0031211402267208,8913.248099399221,2880.541792507459,alpha_1|player_id_sigma,0.2238064787730614,0.010269322064901915,0.20445686044223468,0.24414234882650174,1.0011205461412593,1457.2457413859695,2256.1813268167707,0.9271170813663377,0.7523608314692052,1.1322597303396418,1.0385626708783253,0.9397816681585764,1.1528874487449268,3.8562670878325322,-6.021833184142356,15.288744874492677,3.8562670878325322,1.0786124213419206,0.8831895838069168,1.329149469473586,7.861242134192059,-11.681041619308319,32.914946947358594,458,216
alpha,player,13875,Vincent Aboubakar,Cameroon,-0.0775778021069704,0.15691945052309117,0.95,-0.388745669855471,0.2190541021149873,0.314,0.686,1.0002795485027178,7622.1760794445345,2961.4616322310067,alpha_1|player_id_sigma,0.2238064787730614,0.010269322064901915,0.20445686044223468,0.24414234882650174,1.0011205461412593,1457.2457413859695,2256.1813268167707,0.9253550270251014,0.677906660189896,1.2448986265142699,1.039551012362336,0.8962579193096789,1.2145490248499042,3.9551012362335936,-10.37420806903211,21.454902484990424,3.9551012362335936,1.0806663073035576,0.8032782579253149,1.4751293337638531,8.066630730355762,-19.672174207468508,47.51293337638531,459,215
alpha,player,13917,Chang-hoon Kwon,South Korea,-0.08105505699158189,0.17112047726733534,0.95,-0.41284438839665927,0.250192436049138,0.318,0.682,1.000963214761819,8194.399232770143,2887.7274960129203,alpha_1|player_id_sigma,0.2238064787730614,0.010269322064901915,0.20445686044223468,0.24414234882650174,1.0011205461412593,1457.2457413859695,2256.1813268167707,0.9221429196319858,0.6617652531680314,1.2842725332422258,1.041359976381667,0.8824119945608471,1.2292720859959954,4.1359976381667,-11.758800543915292,22.927208599599535,4.1359976381667,1.0844306004096262,0.7786509281448525,1.511109861408946,8.443060040962624,-22.134907185514752,51.110986140894596,460,214
alpha,player,1950,Ferran Torres,Spain,-0.08122812965330602,0.11905973459087404,0.95,-0.31534598396660973,0.14416026968479806,0.25375,0.74625,0.9995446343799732,10138.935037528125,2555.5243250991025,alpha_1|player_id_sigma,0.2238064787730614,0.010269322064901915,0.20445686044223468,0.24414234882650174,1.0011205461412593,1457.2457413859695,2256.1813268167707,0.9219833357126003,0.7295364226941665,1.155069216270149,1.0414500957523734,0.930456330852188,1.1707832765851778,4.145009575237335,-6.954366914781196,17.07832765851778,4.145009575237335,1.0846183019426276,0.8657489836229163,1.370733480731525,8.461830194262765,-13.42510163770837,37.0733480731525,461,213
alpha,player,13797,Shogo Taniguchi,Japan,-0.08351766192604357,0.13204436853533014,0.95,-0.3407628642057971,0.17177320638352991,0.26475,0.73525,1.0004343992266667,8293.135375944656,3127.8937395307876,alpha_1|player_id_sigma,0.2238064787730614,0.010269322064901915,0.20445686044223468,0.24414234882650174,1.0011205461412593,1457.2457413859695,2256.1813268167707,0.9198748397663717,0.7112275457195374,1.1874085060049102,1.0426429952198923,0.9176982893770461,1.1857570508786122,4.264299521989234,-8.230171062295389,18.575705087861216,4.264299521989234,1.0871044154811085,0.8421701503255568,1.4060197837083437,8.710441548110847,-15.782984967444325,40.60197837083437,462,212
alpha,player,12820,Jakub Kiwior,Poland,-0.08475236172454162,0.09188404280482484,0.95,-0.2632736698912937,0.09419896852737565,0.17575,0.82425,1.000595975050684,6924.597633500916,3157.044164813917,alpha_1|player_id_sigma,0.2238064787730614,0.010269322064901915,0.20445686044223468,0.24414234882650174,1.0011205461412593,1457.2457413859695,2256.1813268167707,0.9187397713656311,0.768531544584607,1.0987783464786478,1.043286869495354,0.9539924856293296,1.1406939838430727,4.32868694953541,-4.600751437067041,14.069398384307274,4.32868694953541,1.0884474920614162,0.9101016626372266,1.3011827647757805,8.844749206141621,-8.989833736277342,30.118276477578053,463,211
alpha,player,4851,Krzysztof Piatek,Poland,-0.0854607309191785,0.19739419833367292,0.95,-0.47529144206079293,0.29436565198187903,0.336,0.664,1.0005919064942292,8919.737304023714,3138.3800522846304,alpha_1|player_id_sigma,0.2238064787730614,0.010269322064901915,0.20445686044223468,0.24414234882650174,1.0011205461412593,1457.2457413859695,2256.1813268167707,0.918089194865088,0.6217038394110062,1.342274619320709,1.0436564510813031,0.8631361592664956,1.2682597954500703,4.365645108130312,-13.686384073350444,26.82597954500703,4.365645108130312,1.0892187878836201,0.7450040294333172,1.6084829087550538,8.921878788362015,-25.49959705666828,60.848290875505384,464,210
alpha,player,4669,Thomas Meunier,Belgium,-0.08610231847828555,0.10655222931058532,0.95,-0.2977614226212492,0.1223027750940033,0.20525,0.79475,1.0005277431551192,8978.987141850095,3303.7630996557423,alpha_1|player_id_sigma,0.2238064787730614,0.010269322064901915,0.20445686044223468,0.24414234882650174,1.0011205461412593,1457.2457413859695,2256.1813268167707,0.9175003491777447,0.7424784571829212,1.1300962149737495,1.0439913032851813,0.9406808216340165,1.1605345423071483,4.3991303285181305,-5.931917836598355,16.053454230714827,4.3991303285181305,1.0899178413350912,0.8848804081900483,1.3468404238880622,8.991784133509118,-11.511959180995168,34.684042388806226,465,209
alpha,player,286,Chris Mepham,Wales,-0.0869534307514127,0.09875138425741095,0.95,-0.2806064085690186,0.10716224874602634,0.1915,0.8085,1.0001216968461424,7099.285497909773,2784.15288108483,alpha_1|player_id_sigma,0.2238064787730614,0.010269322064901915,0.20445686044223468,0.24414234882650174,1.0011205461412593,1457.2457413859695,2256.1813268167707,0.916719785590705,0.7553255666531854,1.1131148413161225,1.0444356747366061,0.9478290458477416,1.1506226196807112,4.4435674736606146,-5.217095415225836,15.062261968071123,4.4435674736606146,1.0908458786625095,0.8983799001526402,1.323932412920903,9.08458786625095,-10.162009984735976,32.393241292090295,466,208
alpha,player,4265,Gideon Mensah,Ghana,-0.08696883280305588,0.1587833023530153,0.95,-0.4128881176573632,0.21555450178184526,0.29275,0.70725,1.0011890822551193,8036.371421939001,2473.162628852616,alpha_1|player_id_sigma,0.2238064787730614,0.010269322064901915,0.20445686044223468,0.24414234882650174,1.0011205461412593,1457.2457413859695,2256.1813268167707,0.9167056663339581,0.6617363152954713,1.2405495932439567,1.0444437179936767,0.8978275644483451,1.2292989638695941,4.444371799367675,-10.217243555165489,22.929896386959413,4.444371799367675,1.0908626800564551,0.8060943354832473,1.5111759425708575,9.086268005645515,-19.390566451675273,51.117594257085756,467,207
alpha,player,2134,Moises Caicedo,Ecuador,-0.08753230609442218,0.09961011785176965,0.95,-0.2883584433753476,0.10524544634294732,0.18825,0.81175,1.0019141503257807,7161.847070975901,2894.22843060157,alpha_1|player_id_sigma,0.2238064787730614,0.010269322064901915,0.20445686044223468,0.24414234882650174,1.0011205461412593,1457.2457413859695,2256.1813268167707,0.9161892726756149,0.7494928933227633,1.1109832636726007,1.0447380175189231,0.948737881789299,1.1550911073526966,4.4738017518923145,-5.126211821070104,15.50911073526966,4.4738017518923145,1.0914775252493696,0.9001035683420459,1.3342354662852791,9.147752524936958,-9.989643165795414,33.42354662852791,468,206
alpha,player,214,Nampalys Mendy,Senegal,-0.08831435513721156,0.0966085629031211,0.95,-0.2794682673822386,0.09725685316258927,0.18,0.82,1.0012465156019126,8207.881819877062,3283.7467462613718,alpha_1|player_id_sigma,0.2238064787730614,0.010269322064901915,0.20445686044223468,0.24414234882650174,1.0011205461412593,1457.2457413859695,2256.1813268167707,0.9154730478298861,0.756185723186959,1.1021434262926377,1.0451466155829312,0.9525350006365393,1.1499680204580112,4.51466155829312,-4.746499936346071,14.996802045801116,4.51466155829312,1.0923314480644555,0.9073229274376519,1.322426448076117,9.233144806445548,-9.267707256234814,32.2426448076117,469,205
alpha,player,14003,Mohamed Kanno,Saudi Arabia,-0.08834745421873788,0.10262173676991124,0.95,-0.29204655150511644,0.10556847313834934,0.1965,0.8035,1.0016494724299403,9282.548967539056,3006.060113998307,alpha_1|player_id_sigma,0.2238064787730614,0.010269322064901915,0.20445686044223468,0.24414234882650174,1.0011205461412593,1457.2457413859695,2256.1813268167707,0.9154427470143083,0.7467337735831611,1.1113421990057544,1.0451639124225762,0.9485846602844795,1.1572231229763947,4.5163912422576225,-5.1415339715520485,15.722312297639473,4.5163912422576225,1.0923676038304666,0.8998128577270215,1.33916535635124,9.236760383046661,-10.018714227297853,33.916535635124,470,204
alpha,player,13941,Saad Al-Sheeb,Qatar,-0.08867443501814148,0.18683741445247673,0.95,-0.46511997705069125,0.26843477573895924,0.326,0.674,1.0028057961485841,7810.207111593292,2465.2292812398823,alpha_1|player_id_sigma,0.2238064787730614,0.010269322064901915,0.20445686044223468,0.24414234882650174,1.0011205461412593,1457.2457413859695,2256.1813268167707,0.915143463745689,0.6280597479129468,1.3079156664155995,1.0453348006572845,0.8743999599964882,1.261826139177945,4.533480065728446,-12.560004000351178,26.182613917794505,4.533480065728446,1.0927248454652045,0.7645752900418603,1.592205205512719,9.272484546520454,-23.542470995813968,59.220520551271896,471,203
alpha,player,132,Fred,Brazil,-0.08923764840706232,0.1359062847794114,0.95,-0.3683382005237108,0.165581426175395,0.257,0.743,1.0017557005602904,8857.717761997214,2671.960088714261,alpha_1|player_id_sigma,0.2238064787730614,0.010269322064901915,0.20445686044223468,0.24414234882650174,1.0011205461412593,1457.2457413859695,2256.1813268167707,0.9146281878128971,0.6918831468729935,1.1800790481310262,1.0456292153877358,0.9205437848275223,1.2022191014734704,4.562921538773579,-7.945621517247769,20.221910147347046,4.562921538773579,1.093340456072372,0.8474008597845798,1.4453307679476786,9.334045607237208,-15.25991402154202,44.53307679476786,472,202
alpha,player,8330,Mario Pasalic,Croatia,-0.08953966422519916,0.11888547493313889,0.95,-0.3260081747972807,0.13639967726129593,0.23125,0.76875,1.0004703828469108,7384.422915369532,2530.036394482371,alpha_1|player_id_sigma,0.2238064787730614,0.010269322064901915,0.20445686044223468,0.24414234882650174,1.0011205461412593,1457.2457413859695,2256.1813268167707,0.9143519973415087,0.7217992868447505,1.146139888115311,1.0457871255917572,0.9340737908973322,1.1770415007164643,4.578712559175724,-6.592620910266778,17.70415007164643,4.578712559175724,1.0936707120534697,0.872493846841313,1.3854266944088667,9.367071205346967,-12.750615315868696,38.54266944088667,473,201
alpha,player,13973,Hossein Kanaani,Iran,-0.08981194167867758,0.1984541254436491,0.95,-0.48537053400247604,0.2933357707403694,0.3235,0.6765,1.0006711644935784,7991.417816313762,2676.719120586183,alpha_1|player_id_sigma,0.2238064787730614,0.010269322064901915,0.20445686044223468,0.24414234882650174,1.0011205461412593,1457.2457413859695,2256.1813268167707,0.9141030737977618,0.6154691022786458,1.3408929474703992,1.0459295074110952,0.8635807375920398,1.274667381092286,4.592950741109525,-13.641926240796021,27.466738109228594,4.592950741109525,1.0939685344732166,0.7457716903400116,1.6247769324206671,9.396853447321663,-25.422830965998845,62.477693242066714,474,200
alpha,player,8034,Steven Berghuis,Netherlands,-0.0900760048141879,0.11356116644107399,0.95,-0.3185533825265212,0.12861662539638324,0.21625,0.78375,1.0018275924381466,7648.05405274223,2916.8219094532583,alpha_1|player_id_sigma,0.2238064787730614,0.010269322064901915,0.20445686044223468,0.24414234882650174,1.0011205461412593,1457.2457413859695,2256.1813268167707,0.9138617247410119,0.7272002571324,1.1372540462612788,1.0460676122406183,0.9377158452556648,1.172662367228249,4.606761224061828,-6.228415474433524,17.2662367228249,4.606761224061828,1.0942574493787882,0.8793110064435459,1.3751370275133605,9.425744937878822,-12.068899355645414,37.513702751336055,475,199
alpha,player,13951,Homam Ahmed,Qatar,-0.09085579923657099,0.1251182443727178,0.95,-0.34618438622322806,0.14852979103664357,0.23425,0.76575,1.0004791773821533,9536.706203928545,3166.906901821941,alpha_1|player_id_sigma,0.2238064787730614,0.010269322064901915,0.20445686044223468,0.24414234882650174,1.0011205461412593,1457.2457413859695,2256.1813268167707,0.9131493782432393,0.7073820435774818,1.160127358656275,1.0464755506071963,0.9284257254509968,1.1889757154021328,4.6475550607196325,-7.157427454900322,18.897571540213278,4.6475550607196325,1.0951110780186348,0.8619743276792096,1.4136632518160135,9.511107801863483,-13.802567232079044,41.36632518160135,476,198
alpha,player,13970,Roozbeh Cheshmi,Iran,-0.0909520594038818,0.18690709705395617,0.95,-0.45648270075154607,0.2708748249926828,0.3165,0.6835,1.0017353634907054,8578.157247331572,2566.295277298406,alpha_1|player_id_sigma,0.2238064787730614,0.010269322064901915,0.20445686044223468,0.24414234882650174,1.0011205461412593,1457.2457413859695,2256.1813268167707,0.9130614825618042,0.6335079685104789,1.311110941790671,1.0465259187750928,0.8733338210017223,1.256388518684071,4.652591877509282,-12.66661789982777,25.63885186840711,4.652591877509282,1.0952164986680522,0.7627119629054684,1.5785121098811545,9.521649866805216,-23.72880370945316,57.851210988115454,477,197
alpha,player,83,Heung-min Son,South Korea,-0.09115957132710995,0.10860507756279514,0.95,-0.3010520845526747,0.12061689976898055,0.20075,0.79925,1.00143136302587,7806.245937338125,3087.6648144449514,alpha_1|player_id_sigma,0.2238064787730614,0.010269322064901915,0.20445686044223468,0.24414234882650174,1.0011205461412593,1457.2457413859695,2256.1813268167707,0.9128720310749333,0.740039227130794,1.1281926187138682,1.0466345077114267,0.9414740912184074,1.1624455774379083,4.663450771142674,-5.852590878159258,16.244557743790832,4.663450771142674,1.0954437927323406,0.8863734644355262,1.351279720504952,9.54437927323406,-11.362653556447377,35.1279720504952,478,196
alpha,player,435,Mathew Ryan,Australia,-0.09222631856495726,0.11450877291397152,0.95,-0.31452379752931864,0.12990359367242962,0.21825,0.78175,1.0010925187431707,7916.4149545927785,3414.9754392875357,alpha_1|player_id_sigma,0.2238064787730614,0.010269322064901915,0.20445686044223468,0.24414234882650174,1.0011205461412593,1457.2457413859695,2256.1813268167707,0.9118987465738484,0.7301364842938669,1.1387185983545205,1.0471929038501417,0.9371126340824951,1.1703020744359172,4.719290385014174,-6.288736591750488,17.030207443591717,4.719290385014174,1.0966129778740923,0.8781800889570324,1.369606945429011,9.661297787409229,-12.181991104296763,36.960694542901095,479,195
alpha,player,40,Dejan Lovren,Croatia,-0.09243752827116028,0.069974723145626,0.95,-0.23008926196482155,0.041581302928244364,0.09175,0.90825,1.0003924972756761,6197.4134898929915,2986.482333707885,alpha_1|player_id_sigma,0.2238064787730614,0.010269322064901915,0.20445686044223468,0.24414234882650174,1.0011205461412593,1457.2457413859695,2256.1813268167707,0.9117061650457575,0.7944626840380656,1.0424579132870786,1.0473034983424765,0.979423984085515,1.121923509002958,4.730349834247649,-2.057601591448499,12.1923509002958,4.730349834247649,1.0968446176403899,0.9592713406019431,1.2587123600535104,9.684461764038987,-4.072865939805692,25.87123600535104,480,194
alpha,player,8008,Goncalo Ramos,Portugal,-0.0929762324571795,0.15662129636044356,0.95,-0.4049406188362203,0.20840935172445268,0.27875,0.72125,1.0005334219981816,9246.267759276889,3402.1163210625264,alpha_1|player_id_sigma,0.2238064787730614,0.010269322064901915,0.20445686044223468,0.24414234882650174,1.0011205461412593,1457.2457413859695,2256.1813268167707,0.9112151573840435,0.6670164178936615,1.2317172719535465,1.047585629726405,0.9010408572322661,1.2244237307291808,4.758562972640501,-9.895914276773388,22.442373072918077,4.758562972640501,1.0974356516092687,0.811874626401857,1.4992134723727655,9.74356516092687,-18.812537359814296,49.92134723727655,481,193
alpha,player,13823,Craig Goodwin,Australia,-0.09406740598287405,0.12453886483315423,0.95,-0.34658431760705466,0.14561429984481358,0.23225,0.76775,1.0005306719714553,8163.666833849932,2964.3930674738444,alpha_1|player_id_sigma,0.2238064787730614,0.010269322064901915,0.20445686044223468,0.24414234882650174,1.0011205461412593,1457.2457413859695,2256.1813268167707,0.9102214058044035,0.707099195861509,1.1567499433653383,1.0481573345220359,0.9297801209055683,1.1892134935266727,4.8157334522035855,-7.0219879094431725,18.92134935266727,4.8157334522035855,1.0986337979123388,0.8644910732311731,1.4142287331859134,9.863379791233884,-13.550892676882686,41.422873318591336,482,192
alpha,player,13993,Sultan Al-Ghannam,Saudi Arabia,-0.09439432149045601,0.15600152146662258,0.95,-0.4102295149245301,0.20315124017468467,0.278,0.722,1.0006680948236872,10174.093788778942,2582.996223173621,alpha_1|player_id_sigma,0.2238064787730614,0.010269322064901915,0.20445686044223468,0.24414234882650174,1.0011205461412593,1457.2457413859695,2256.1813268167707,0.9099238889456002,0.6634979499774932,1.2252577624332077,1.0483286779688823,0.9034128605996938,1.2276659407076165,4.832867796888229,-9.658713940030616,22.76659407076165,4.832867796888229,1.0989930170519846,0.8161547966969219,1.5071636619735167,9.89930170519846,-18.384520330307808,50.71636619735167,483,191
alpha,player,1287,José Cifuentes,Ecuador,-0.09496878813393929,0.1410853943662852,0.95,-0.3740755607744833,0.17757580104524162,0.25275,0.74725,1.0017629412672144,8499.271870772332,3135.4235711047963,alpha_1|player_id_sigma,0.2238064787730614,0.010269322064901915,0.20445686044223468,0.24414234882650174,1.0011205461412593,1457.2457413859695,2256.1813268167707,0.9094013181374127,0.6879249297246238,1.194318585068489,1.0486298361465936,0.9150396324216523,1.2056728349760646,4.862983614659355,-8.49603675783477,20.56728349760646,4.862983614659355,1.099624533256832,0.8372975289023527,1.4536469849992206,9.962453325683196,-16.270247109764735,45.36469849992206,484,190
alpha,player,1545,Mathí­as Olivera,Uruguay,-0.09544144142257673,0.1120434092412295,0.95,-0.3277436668216749,0.11576889644510531,0.19425,0.80575,1.0009245367513144,8609.512556391726,3048.111750063566,alpha_1|player_id_sigma,0.2238064787730614,0.010269322064901915,0.20445686044223468,0.24414234882650174,1.0011205461412593,1457.2457413859695,2256.1813268167707,0.9089715881783431,0.7205476963160503,1.1227363737817233,1.048877684602346,0.9437589941656632,1.1780633170593124,4.887768460234598,-5.624100583433678,17.806331705931242,4.887768460234598,1.1001443972567786,0.8906810390685844,1.38783317900079,10.01443972567786,-10.931896093141557,38.783317900079005,485,189
alpha,player,6895,Rodrigo de Paul,Argentina,-0.09691032574426703,0.06071116342720782,0.95,-0.21571009460345922,0.023440277198236072,0.0545,0.9455,0.999784042929155,6356.278895352411,3043.467196651803,alpha_1|player_id_sigma,0.2238064787730614,0.010269322064901915,0.20445686044223468,0.24414234882650174,1.0011205461412593,1457.2457413859695,2256.1813268167707,0.9076373941918109,0.8059689227480161,1.0237171596639,1.0496483075498393,0.9883482746933496,1.1138862728629935,4.964830754983929,-1.1651725306650373,11.388627286299347,4.964830754983929,1.1017615695422418,0.9768323120893209,1.240742628872611,10.17615695422418,-2.3167687910679136,24.07426288726111,486,188
alpha,player,13857,Borna Barisic,Croatia,-0.09699973352065834,0.1438001544597598,0.95,-0.38636326697867407,0.17814553415749443,0.25125,0.74875,1.0001857272441763,9888.668832870415,3108.4431863401464,alpha_1|player_id_sigma,0.2238064787730614,0.010269322064901915,0.20445686044223468,0.24414234882650174,1.0011205461412593,1457.2457413859695,2256.1813268167707,0.9075562479782319,0.679523632342079,1.194999221785208,1.0496952319592687,0.914779005356575,1.2131031136612156,4.969523195926873,-8.522099464342503,21.31031136612156,4.969523195926873,1.1018600799980227,0.8368206286411646,1.4716191643745362,10.186007999802271,-16.317937135883543,47.16191643745362,487,187
alpha,player,13796,Miki Yamane,Japan,-0.09806894155350056,0.16980280612017237,0.95,-0.43041631882868686,0.2235379354784393,0.28825,0.71175,1.0008907024325862,8412.223798187091,2641.7292835534126,alpha_1|player_id_sigma,0.2238064787730614,0.010269322064901915,0.20445686044223468,0.24414234882650174,1.0011205461412593,1457.2457413859695,2256.1813268167707,0.9065864001245899,0.6502383319046917,1.2504930774298608,1.0502565532752384,0.8942508344284538,1.240120012756085,5.025655327523837,-10.574916557154623,24.012001275608498,5.025655327523837,1.1030388276975833,0.7996845548759858,1.5378976460381522,10.303882769758332,-20.03154451240142,53.789764603815215,488,186
alpha,player,2111,Hirving Lozano,Mexico,-0.09812337094434058,0.12470268811992781,0.95,-0.3465893826357565,0.14357310069210846,0.2145,0.7855,1.00101228210175,7496.668726305377,3104.2661995210033,alpha_1|player_id_sigma,0.2238064787730614,0.010269322064901915,0.20445686044223468,0.24414234882650174,1.0011205461412593,1457.2457413859695,2256.1813268167707,0.9065370565219706,0.7070956143928571,1.1543911945180994,1.050285136076383,0.9307295385082558,1.1892165052307249,5.028513607638296,-6.927046149174421,18.921650523072486,5.028513607638296,1.1030988670629862,0.8662574738517907,1.4142358963131787,10.30988670629862,-13.374252614820925,41.42358963131787,489,185
alpha,player,8077,Joao Palhinha,Portugal,-0.10010718547665126,0.16057856978012586,0.95,-0.4269910863501404,0.21014182521488795,0.267,0.733,1.0003562591055428,8721.830061429418,3095.522029264763,alpha_1|player_id_sigma,0.2238064787730614,0.010269322064901915,0.20445686044223468,0.24414234882650174,1.0011205461412593,1457.2457413859695,2256.1813268167707,0.9047404378035445,0.6524693680854714,1.2338530390206275,1.051327438382549,0.9002606804904547,1.237997980715527,5.132743838254905,-9.97393195095453,23.7997980715527,5.132743838254905,1.1052893826960126,0.8104692928371366,1.5326390002557226,10.528938269601262,-18.953070716286334,53.26390002557226,490,184
alpha,player,754,Kendall Waston,Costa Rica,-0.10069205111212105,0.13373974413618686,0.95,-0.36848852429787604,0.15447207575460348,0.2275,0.7725,1.0004305897042571,7235.942678471099,3145.1509723343156,alpha_1|player_id_sigma,0.2238064787730614,0.010269322064901915,0.20445686044223468,0.24414234882650174,1.0011205461412593,1457.2457413859695,2256.1813268167707,0.904211440923581,0.6917791482040062,1.1670416888439747,1.051634925985259,0.9256713343212636,1.2023094659257627,5.1634925985259095,-7.432866567873642,20.23094659257627,5.1634925985259095,1.1059360175520214,0.8568674191841085,1.4455480518546928,10.593601755202142,-14.313258081589153,44.554805185469284,491,183
alpha,player,11488,Ricardo Horta,Portugal,-0.1010774020610636,0.15055417238940216,0.95,-0.39851729209466696,0.1983989065222057,0.24875,0.75125,0.9995897217109689,7044.940130925817,2730.8650237063416,alpha_1|player_id_sigma,0.2238064787730614,0.010269322064901915,0.20445686044223468,0.24414234882650174,1.0011205461412593,1457.2457413859695,2256.1813268167707,0.9038630693137525,0.6713146720547128,1.2194487428683158,1.0518375697652103,0.9055620727014639,1.22049760195963,5.183756976521026,-9.443792729853605,22.04976019596301,5.183756976521026,1.1063622731695835,0.8200426675153715,1.4896143963892077,10.636227316958347,-17.99573324846285,48.961439638920766,492,182
alpha,player,3452,Kevin Álvarez,Mexico,-0.10125554255738979,0.17871663447538652,0.95,-0.46181533930389285,0.24948285786767588,0.2845,0.7155,1.0006157718073179,7029.059524233215,2914.04141361968,alpha_1|player_id_sigma,0.2238064787730614,0.010269322064901915,0.20445686044223468,0.24414234882650174,1.0011205461412593,1457.2457413859695,2256.1813268167707,0.9037020690387343,0.6301386910481765,1.2833615647135048,1.0519312613710818,0.8827251202535529,1.259742921577072,5.193126137108184,-11.727487974644713,25.97429215770719,5.193126137108184,1.1065593786497552,0.7792036379266494,1.586952228463537,10.655937864975517,-22.079636207335064,58.69522284635369,493,181
alpha,player,13947,Ismaeel Mohammed,Qatar,-0.10132354671174122,0.13703569497977586,0.95,-0.37373096098056463,0.16429222144641167,0.2325,0.7675,1.0010853631772665,6769.1634455610265,2854.603074401314,alpha_1|player_id_sigma,0.2238064787730614,0.010269322064901915,0.20445686044223468,0.24414234882650174,1.0011205461412593,1457.2457413859695,2256.1813268167707,0.9036406156333108,0.6881620293635354,1.1785586648948096,1.051967029827112,0.9211373608175304,1.2054651155663618,5.196702982711199,-7.886263918246961,20.546511556636183,5.196702982711199,1.1066346318432758,0.8484940374938853,1.453146144847422,10.663463184327583,-15.15059625061147,45.31461448474221,494,180
alpha,player,14025,Youssef Msakni,Tunisia,-0.10327357195658991,0.12927182483379077,0.95,-0.35686710542822425,0.14495777453727135,0.2185,0.7815,1.0024730855097392,9016.520575592574,3130.6762349236765,alpha_1|player_id_sigma,0.2238064787730614,0.010269322064901915,0.20445686044223468,0.24414234882650174,1.0011205461412593,1457.2457413859695,2256.1813268167707,0.9018802105955304,0.6998654998806412,1.1559907569928232,1.0529932111481433,0.9300853830958276,1.195343453306379,5.299321114814326,-6.991461690417244,19.53434533063789,5.299321114814326,1.108794702724078,0.8650588198485123,1.4288459713624193,10.87947027240781,-13.494118015148771,42.88459713624193,495,179
alpha,player,3315,Vincent Janssen,Netherlands,-0.10413722662366996,0.17175031032341928,0.95,-0.44515590266729105,0.23009674011247472,0.268,0.732,1.0018692973730157,8292.05510808503,2863.424504634306,alpha_1|player_id_sigma,0.2238064787730614,0.010269322064901915,0.20445686044223468,0.24414234882650174,1.0011205461412593,1457.2457413859695,2256.1813268167707,0.9011016338016382,0.6407243776058384,1.258721772925587,1.053448020591256,0.8913230295190536,1.249293199926191,5.344802059125597,-10.867697048094637,24.929319992619092,5.344802059125597,1.1097527320876355,0.7944567429510238,1.5607334993818218,10.975273208763547,-20.554325704897625,56.07334993818218,496,178
alpha,player,4734,Filip Kostic,Serbia,-0.10443585246782536,0.12775414772238403,0.95,-0.36300660376305033,0.1484724633057335,0.20625,0.79375,1.0023588060522555,7874.575945042792,2747.627697286597,alpha_1|player_id_sigma,0.2238064787730614,0.010269322064901915,0.20445686044223468,0.24414234882650174,1.0011205461412593,1457.2457413859695,2256.1813268167707,0.9008325817405233,0.6955818400262743,1.1600608530935614,1.0536053257370208,0.928452338102485,1.199018495720197,5.3605325737020815,-7.154766189751505,19.901849572019703,5.3605325737020815,1.1100841824214136,0.8620237441279711,1.4376453530791242,11.00841824214136,-13.797625587202889,43.764535307912425,497,177
alpha,player,13821,Keanu Baccus,Australia,-0.10538713992134481,0.15267802541813502,0.95,-0.4093433050238918,0.18285477261388786,0.25,0.75,1.0017679807961593,9121.730094203556,3025.986917595823,alpha_1|player_id_sigma,0.2238064787730614,0.010269322064901915,0.20445686044223468,0.24414234882650174,1.0011205461412593,1457.2457413859695,2256.1813268167707,0.8999760384818136,0.6640862090518244,1.200640029605711,1.0541065857018168,0.9126275830052285,1.2271220763553428,5.410658570181681,-8.73724169947715,22.712207635534277,5.410658570181681,1.1111406940199415,0.8328891052619651,1.5058285902786477,11.114069401994154,-16.711089473803487,50.58285902786477,498,176
alpha,player,7443,Christian Eriksen,Denmark,-0.10543048466499369,0.09260571426332938,0.95,-0.28788879854046273,0.0700790345802544,0.12875,0.87125,1.0003572754345902,7182.818991093244,2641.661376187696,alpha_1|player_id_sigma,0.2238064787730614,0.010269322064901915,0.20445686044223468,0.24414234882650174,1.0011205461412593,1457.2457413859695,2256.1813268167707,0.8999370300965458,0.7498449714582628,1.0725929498379219,1.054129430939239,0.9655672589021265,1.1548198979107764,5.412943093923905,-3.443274109787353,15.481989791077645,5.412943093923905,1.1111888571722839,0.932320131463766,1.3336089966106563,11.118885717228387,-6.767986853623398,33.36089966106564,499,175
alpha,player,2106,Edson Alvarez,Mexico,-0.10594866448555777,0.11727281895004406,0.95,-0.3418571590145637,0.11836740923424573,0.181,0.819,1.000748222497409,6989.580136357379,2932.05203941962,alpha_1|player_id_sigma,0.2238064787730614,0.010269322064901915,0.20445686044223468,0.24414234882650174,1.0011205461412593,1457.2457413859695,2256.1813268167707,0.899470821688098,0.7104496787938974,1.125657612402037,1.054402580622562,0.9425336054769834,1.1864060122938165,5.440258062256209,-5.746639452301661,18.640601229381648,5.440258062256209,1.1117648020235187,0.8883695974534418,1.4075592260069156,11.176480202351868,-11.16304025465582,40.75592260069156,500,174
alpha,player,13901,Pape Abou Cissé,Senegal,-0.1060018912019302,0.1570841622678239,0.95,-0.428025851380194,0.19980918686574609,0.24825,0.75175,1.0021613451706697,7896.036493531178,2686.293919101428,alpha_1|player_id_sigma,0.2238064787730614,0.010269322064901915,0.20445686044223468,0.24414234882650174,1.0011205461412593,1457.2457413859695,2256.1813268167707,0.899422947083902,0.6517945647918321,1.2211697207057095,1.0544306421895173,0.9049237495860554,1.2386386649495063,5.443064218951732,-9.507625041394462,23.863866494950624,5.443064218951732,1.111823979188198,0.8188869925648857,1.534225742307895,11.18239791881981,-18.11130074351143,53.42257423078951,501,173
alpha,player,3968,Steve Mandanda,France,-0.10611975646674168,0.17389229637229114,0.95,-0.4479550408440887,0.22939227512302848,0.271,0.729,1.0009436743448124,8144.375532449376,2930.027188448481,alpha_1|player_id_sigma,0.2238064787730614,0.010269322064901915,0.20445686044223468,0.24414234882650174,1.0011205461412593,1457.2457413859695,2256.1813268167707,0.899316942607312,0.638933409292945,1.2578353597652845,1.0544927843940348,0.8916370377520504,1.2510428961959534,5.449278439403482,-10.83629622479496,25.10428961959534,5.449278439403482,1.1119550323390843,0.7950166070912513,1.565108328122359,11.195503233908433,-20.498339290874867,56.510832812235904,502,172
alpha,player,8257,Harry Souttar,Australia,-0.10633405133681205,0.10231794283276271,0.95,-0.3125685931572227,0.09262044389607392,0.15,0.85,0.9999538634910821,7142.700061743041,2952.844719060384,alpha_1|player_id_sigma,0.2238064787730614,0.010269322064901915,0.20445686044223468,0.24414234882650174,1.0011205461412593,1457.2457413859695,2256.1813268167707,0.8991242442478162,0.7315654468418731,1.0970452660093601,1.0546057766444525,0.9547457331634954,1.1691585436197982,5.460577664445254,-4.5254266836504575,16.91585436197982,5.460577664445254,1.1121933441318488,0.9115394149939005,1.3669317001191674,11.219334413184878,-8.846058500609955,36.69317001191674,503,171
alpha,player,13781,Celso Borges,Costa Rica,-0.1070579992104804,0.11819201099930766,0.95,-0.3468112645772937,0.1176014716925069,0.1835,0.8165,1.0001568815086201,8858.715209889015,2555.1277671468188,alpha_1|player_id_sigma,0.2238064787730614,0.010269322064901915,0.20445686044223468,0.24414234882650174,1.0011205461412593,1457.2457413859695,2256.1813268167707,0.8984735607219255,0.7069387400495186,1.1247957590825952,1.0549875855474995,0.9428946355405833,1.1893484453829182,5.49875855474995,-5.710536445941672,18.934844538291816,5.49875855474995,1.1129988056593427,0.8890502937312095,1.4145497245347642,11.299880565934274,-11.094970626879054,41.45497245347642,504,170
alpha,player,13927,Guillermo Varela,Uruguay,-0.10726184825945088,0.13125781089230573,0.95,-0.36916871767419296,0.1473069311458353,0.21025,0.78975,1.001674651424571,8269.308692659291,2838.6851154858996,alpha_1|player_id_sigma,0.2238064787730614,0.010269322064901915,0.20445686044223468,0.24414234882650174,1.0011205461412593,1457.2457413859695,2256.1813268167707,0.8982904264075593,0.691308764603564,1.1587095525069622,1.0550951201356071,0.9289935663213867,1.2027184369341664,5.509512013560713,-7.100643367861325,20.271843693416635,5.509512013560713,1.113225712533971,0.8630290462665289,1.4465316385413645,11.322571253397108,-13.697095373347112,44.653163854136444,505,169
alpha,player,12235,Ali Karimi,Iran,-0.10819245280846872,0.15301893103605219,0.95,-0.41547928563210523,0.18144153607260743,0.2455,0.7545,0.9997038145722486,8695.433754900627,3014.4133647926983,alpha_1|player_id_sigma,0.2238064787730614,0.010269322064901915,0.20445686044223468,0.24414234882650174,1.0011205461412593,1457.2457413859695,2256.1813268167707,0.8974548621006794,0.6600238649289654,1.1989444396599913,1.0555861725298679,0.9132726902251018,1.2308926560810076,5.558617252986786,-8.672730977489817,23.08926560810076,5.558617252986786,1.1142621676362556,0.8340670067109949,1.5150967307941574,11.426216763625563,-16.593299328900514,51.50967307941574,506,168
alpha,player,6925,Ilias Chair,Morocco,-0.10833420507266574,0.1811791862343089,0.95,-0.4641845378237962,0.22968987114999026,0.283,0.717,1.0005612948666074,9423.04793148131,2986.5048702237405,alpha_1|player_id_sigma,0.2238064787730614,0.010269322064901915,0.20445686044223468,0.24414234882650174,1.0011205461412593,1457.2457413859695,2256.1813268167707,0.8973276548581324,0.6286475345144388,1.2582097422755336,1.0556609910462655,0.8915043738023978,1.261236096341951,5.566099104626554,-10.849562619760222,26.123609634195113,5.566099104626554,1.1144201280167836,0.7947800485088053,1.590716490715883,11.44201280167836,-20.521995149119466,59.071649071588304,507,167
alpha,player,22,Kevin De Bruyne,Belgium,-0.10889343110049671,0.10408548166401138,0.95,-0.31923392535758843,0.09100573150376642,0.143,0.857,1.0025505039130578,7643.3231285852935,2988.246179445089,alpha_1|player_id_sigma,0.2238064787730614,0.010269322064901915,0.20445686044223468,0.24414234882650174,1.0011205461412593,1457.2457413859695,2256.1813268167707,0.8968259861642127,0.7267055345696988,1.0952752828148842,1.0559562088690941,0.9555168642937776,1.1730614586077321,5.595620886909414,-4.448313570622242,17.306145860773213,5.595620886909414,1.11504351504919,0.9130124779498133,1.3760731856709003,11.504351504918997,-8.698752205018668,37.60731856709003,508,166
alpha,player,13021,Abde Ezzalzouli,Morocco,-0.1095957508396873,0.17335796709361445,0.95,-0.45184335541019327,0.2263642905269381,0.265,0.735,1.0011508826175248,8707.715073139836,2772.297237190984,alpha_1|player_id_sigma,0.2238064787730614,0.010269322064901915,0.20445686044223468,0.24414234882650174,1.0011205461412593,1457.2457413859695,2256.1813268167707,0.8961963487008009,0.6364538589706621,1.2540324142074508,1.0563270834280187,0.8929879917687954,1.2534774862001028,5.632708342801873,-10.70120082312046,25.34774862001028,5.632708342801873,1.1158269071835445,0.7974275534432661,1.5712058084105291,11.58269071835445,-20.25724465567339,57.12058084105291,509,165
alpha,player,14034,Lawrence Ati Zigi,Ghana,-0.10981045164399142,0.15164635124350206,0.95,-0.41338021699962935,0.18700861968897045,0.233,0.767,1.0006469331164787,7301.024162681685,2753.665954377753,alpha_1|player_id_sigma,0.2238064787730614,0.010269322064901915,0.20445686044223468,0.24414234882650174,1.0011205461412593,1457.2457413859695,2256.1813268167707,0.8960039552781708,0.6614107554004357,1.2056376772269248,1.0564404866520607,0.9107340922954357,1.229601469689581,5.6440486652060695,-8.926590770456432,22.960146968958096,5.6440486652060695,1.116066501837643,0.8294365868691911,1.5119197742627777,11.6066501837643,-17.056341313080893,51.19197742627777,510,164
alpha,player,13786,Carlos Martinez,Costa Rica,-0.11074874449076332,0.1939600845386843,0.95,-0.5058473958840294,0.24997101444075023,0.285,0.715,0.999786316834565,7382.710376824611,3160.464674573499,alpha_1|player_id_sigma,0.2238064787730614,0.010269322064901915,0.20445686044223468,0.24414234882650174,1.0011205461412593,1457.2457413859695,2256.1813268167707,0.895163635470937,0.6029943839078192,1.2839881990323379,1.0569362282064896,0.8825096925104048,1.2877850124390986,5.693622820648958,-11.749030748959521,28.778501243909858,5.693622820648958,1.1171141904953608,0.7788233573748091,1.658390238262769,11.711419049536076,-22.11766426251909,65.83902382627691,511,163
alpha,player,4053,Kasper Dolberg,Denmark,-0.1109781141242334,0.171533560923204,0.95,-0.45649233702468134,0.20843724460166413,0.27075,0.72925,1.0013978639803651,8436.11058992356,2891.0132844259983,alpha_1|player_id_sigma,0.2238064787730614,0.010269322064901915,0.20445686044223468,0.24414234882650174,1.0011205461412593,1457.2457413859695,2256.1813268167707,0.8949583356616444,0.6335018638840739,1.2317516285713224,1.0570574496951213,0.9010282910088967,1.2563945721501193,5.705744969512128,-9.89717089911033,25.63945721501193,5.705744969512128,1.117370451955954,0.8118519811984131,1.5785273209282815,11.737045195595396,-18.814801880158694,57.85273209282815,512,162
alpha,player,13922,Woo-young Jung,South Korea,-0.11179577610489151,0.09400838807090024,0.95,-0.2995148884996278,0.07280499673138521,0.1115,0.8885,1.0014902298358725,7113.138553597289,2766.620071591207,alpha_1|player_id_sigma,0.2238064787730614,0.010269322064901915,0.20445686044223468,0.24414234882650174,1.0011205461412593,1457.2457413859695,2256.1813268167707,0.894226861346423,0.7411776873039025,1.0755207863955394,1.0574896958909146,0.9642521054692761,1.1615524673264497,5.748969589091457,-3.574789453072391,16.15524673264497,5.748969589091457,1.1182844569154589,0.929782122901932,1.349204134352163,11.828445691545886,-7.021787709806803,34.920413435216304,513,161
alpha,player,11790,Steven Vitoria,Canada,-0.11197367296029671,0.0921921608621105,0.95,-0.29547854206125834,0.06054571115923008,0.11275,0.88725,1.000387728110897,6039.26291700113,2617.1281709976647,alpha_1|player_id_sigma,0.2238064787730614,0.010269322064901915,0.20445686044223468,0.24414234882650174,1.0011205461412593,1457.2457413859695,2256.1813268167707,0.8940677953488605,0.7441753830215736,1.0624161607346692,1.0575837621201352,0.9701807781915978,1.1592106171687169,5.758376212013516,-2.981922180840224,15.921061716871687,5.758376212013516,1.118483413900179,0.9412507423724542,1.3437692549566773,11.848341390017891,-5.874925762754579,34.376925495667734,514,160
alpha,player,1687,Luka Modric,Croatia,-0.11201486933157442,0.06468821986609022,0.95,-0.24351749071923376,0.011891327058718202,0.041,0.959,1.000679013825786,6409.435011812098,3203.7132134957765,alpha_1|player_id_sigma,0.2238064787730614,0.010269322064901915,0.20445686044223468,0.24414234882650174,1.0011205461412593,1457.2457413859695,2256.1813268167707,0.8940309637586851,0.7838657655363481,1.0119623099696302,1.0576055466511562,0.9940719769492774,1.1294815762361203,5.760554665115625,-0.5928023050722597,12.948157623612033,5.760554665115625,1.1185294923072908,0.9881790953558446,1.2757286310568308,11.852949230729081,-1.1820904644155417,27.572863105683076,515,159
alpha,player,1257,In-beom Hwang,South Korea,-0.11220461797066254,0.0835588505838123,0.95,-0.2791699950493388,0.04527230641919677,0.092,0.908,1.0010817456910042,7422.684715017909,3177.498811180766,alpha_1|player_id_sigma,0.2238064787730614,0.010269322064901915,0.20445686044223468,0.24414234882650174,1.0011205461412593,1457.2457413859695,2256.1813268167707,0.8938613386935808,0.7564113061076191,1.046312738795043,1.0577058910177173,0.9776181222864202,1.1497965314238265,5.770589101771728,-2.23818777135798,14.979653142382654,5.770589101771728,1.1187417518935832,0.9557371930228261,1.3220320636742626,11.874175189358315,-4.426280697717388,32.20320636742626,516,158
alpha,player,8342,Memphis Depay,Netherlands,-0.11242767690453548,0.10491479544097881,0.95,-0.32145432157877174,0.09445475633006366,0.13775,0.86225,1.0002385062288621,7850.728626918924,2978.7446380841934,alpha_1|player_id_sigma,0.2238064787730614,0.010269322064901915,0.20445686044223468,0.24414234882650174,1.0011205461412593,1457.2457413859695,2256.1813268167707,0.8936619771718524,0.7250937504087535,1.099059436525705,1.0578238629704702,0.953870483610313,1.1743645124127837,5.782386297047015,-4.612951638968699,17.436451241278373,5.782386297047015,1.118991325069768,0.9098688995029723,1.3791320080145155,11.899132506976805,-9.013110049702766,37.91320080145155,517,157
alpha,player,1389,Angel Correa,Argentina,-0.1125783270338658,0.19838186175833833,0.95,-0.5040696269041398,0.27129820706393026,0.29475,0.70525,1.0012259823126828,6993.287621004323,3102.5623116509455,alpha_1|player_id_sigma,0.2238064787730614,0.010269322064901915,0.20445686044223468,0.24414234882650174,1.0011205461412593,1457.2457413859695,2256.1813268167707,0.8935273570199401,0.6040673220540733,1.3116661601833044,1.0579035466224032,0.8731489636277241,1.286640828913989,5.790354662240316,-12.685103637227591,28.664082891398902,5.790354662240316,1.1191599139562594,0.7623891126841686,1.6554446226284767,11.915991395625936,-23.761088731583136,65.54446226284767,518,156
alpha,player,14017,Ali Maaloul,Tunisia,-0.11363929571541613,0.1531228667522304,0.95,-0.4253808216986768,0.18039504954871483,0.22425,0.77575,1.0021934366034213,7943.17256519751,2863.139729101352,alpha_1|player_id_sigma,0.2238064787730614,0.010269322064901915,0.20445686044223468,0.24414234882650174,1.0011205461412593,1457.2457413859695,2256.1813268167707,0.8925798552017908,0.6535208628102492,1.1976904167344808,1.0584648967685037,0.9137506790478916,1.237001629673101,5.846489676850375,-8.624932095210836,23.7001629673101,5.846489676850375,1.1203479376911594,0.8349403034604832,1.530173031813908,12.034793769115936,-16.50596965395168,53.017303181390794,519,155
alpha,player,57,Xherdan Shaqiri,Switzerland,-0.11404120753830994,0.11626219654528264,0.95,-0.3416073115843572,0.10562556625959861,0.17075,0.82925,0.9999516048946399,7133.745512674295,3063.360311392046,alpha_1|player_id_sigma,0.2238064787730614,0.010269322064901915,0.20445686044223468,0.24414234882650174,1.0011205461412593,1457.2457413859695,2256.1813268167707,0.8922211888860528,0.7106272049967444,1.1114056508119852,1.0586776229201413,0.9485575818414672,1.186257811304242,5.867762292014134,-5.144241815853279,18.62578113042419,5.867762292014134,1.120798309271841,0.8997614860689317,1.4072075948803302,12.079830927184098,-10.023851393106831,40.72075948803302,520,154
alpha,player,3996,Bamba Dieng,Senegal,-0.11542208561055611,0.17243878322672013,0.95,-0.4702262547841066,0.21268171866582355,0.247,0.753,0.99999126947095,10278.93379744042,2791.986840714119,alpha_1|player_id_sigma,0.2238064787730614,0.010269322064901915,0.20445686044223468,0.24414234882650174,1.0011205461412593,1457.2457413859695,2256.1813268167707,0.8909899904738117,0.6248608745255345,1.2369908774746579,1.059408827674781,0.8991181230343049,1.2650518726574183,5.940882767478106,-10.088187696569506,26.505187265741824,5.940882767478106,1.1223470641552538,0.8084133991687315,1.6003562405140406,12.234706415525377,-19.158660083126854,60.035624051404056,521,153
alpha,player,3878,Axel Disasi,France,-0.1163906018829806,0.14077557841724683,0.95,-0.3944046660287491,0.15815281519053762,0.20375,0.79625,1.001740465576063,7286.207201085997,2453.6144043257036,alpha_1|player_id_sigma,0.2238064787730614,0.010269322064901915,0.20445686044223468,0.24414234882650174,1.0011205461412593,1457.2457413859695,2256.1813268167707,0.8901274699194885,0.6740812232693751,1.1713451803683805,1.059921979258044,0.9239693234737871,1.21799045545648,5.99219792580441,-7.603067652621287,21.799045545648,5.99219792580441,1.1234346021142898,0.8537193107206079,1.4835007495830836,12.34346021142898,-14.628068927939209,48.35007495830836,522,152
alpha,player,13997,Abdullah Madu,Saudi Arabia,-0.11661188423306885,0.1937765096634389,0.95,-0.5068377918945096,0.2601533349240763,0.2755,0.7245,1.0054129075876324,7443.7013840776335,2810.4697361765357,alpha_1|player_id_sigma,0.2238064787730614,0.010269322064901915,0.20445686044223468,0.24414234882650174,1.0011205461412593,1457.2457413859695,2256.1813268167707,0.889930522212396,0.6023974763118972,1.2971289665893722,1.0600392567590249,0.8780281121530579,1.2884228789305088,6.003925675902488,-12.197188784694212,28.842287893050877,6.003925675902488,1.123683225870226,0.7709333657310627,1.6600335149515801,12.368322587022607,-22.906663426893726,66.00335149515801,523,151
alpha,player,1334,Weston McKennie,United States,-0.11927054671768018,0.10167905241026437,0.95,-0.31979574992735305,0.07923124026699349,0.122,0.878,1.0001447640778693,7490.597754082987,3286.6258770292975,alpha_1|player_id_sigma,0.2238064787730614,0.010269322064901915,0.20445686044223468,0.24414234882650174,1.0011205461412593,1457.2457413859695,2256.1813268167707,0.8875676397643728,0.7262973682150733,1.08245460022277,1.0614493370853726,0.9611588182550795,1.1733910322708552,6.144933708537259,-3.884118174492046,17.339103227085516,6.144933708537259,1.126674695198977,0.923826273909501,1.3768465146136633,12.6674695198977,-7.6173726090499,37.68465146136633,524,150
alpha,player,13560,Anass Zaroury,Morocco,-0.12019081095541491,0.1918561149861186,0.95,-0.5021242964069891,0.25589835271028893,0.26675,0.73325,1.0014404320678256,9220.776738644541,3180.8309971052245,alpha_1|player_id_sigma,0.2238064787730614,0.010269322064901915,0.20445686044223468,0.24414234882650174,1.0011205461412593,1457.2457413859695,2256.1813268167707,0.8867512187260872,0.60524357636875,1.2916214314490113,1.0619378564010107,0.8798980976366791,1.2853899665261117,6.193785640101068,-12.010190236332086,28.53899665261117,6.193785640101068,1.1277120108575738,0.774220662224647,1.6522273660459985,12.771201085757378,-22.577933777535296,65.22273660459985,525,149
alpha,player,4626,Eric Maxim Choupo-Moting,Cameroon,-0.12037550855097677,0.1345557548728674,0.95,-0.39170382437482865,0.13944134741949885,0.18475,0.81525,1.0010341293423028,8684.770945275228,3133.379737105775,alpha_1|player_id_sigma,0.2238064787730614,0.010269322064901915,0.20445686044223468,0.24414234882650174,1.0011205461412593,1457.2457413859695,2256.1813268167707,0.8865874530321575,0.675904270688318,1.1496313748938232,1.0620359296137694,0.9326542983902658,1.2163467658645128,6.203592961376936,-6.734570160973419,21.634676586451285,6.203592961376936,1.1279203157905833,0.8698440403058391,1.47949945482906,12.792031579058328,-13.015595969416093,47.94994548290601,526,148
alpha,player,14033,Liam Millar,Canada,-0.12095021076545318,0.19716925277954453,0.95,-0.5084283029631727,0.26027308130216775,0.27075,0.72925,0.9998481776841934,9045.96449925318,2947.812877684188,alpha_1|player_id_sigma,0.2238064787730614,0.010269322064901915,0.20445686044223468,0.24414234882650174,1.0011205461412593,1457.2457413859695,2256.1813268167707,0.8860780756437493,0.601440118004402,1.2972843023853027,1.062341150664774,0.8779755433836571,1.2894479118830797,6.234115066477397,-12.202445661634286,28.944791188307974,6.234115066477397,1.128568720395756,0.7708410547798279,1.6626759174596348,12.856872039575595,-22.91589452201721,66.26759174596349,527,147
alpha,player,8023,Lisandro Martinez,Argentina,-0.12209397262379744,0.10498690690973744,0.95,-0.32560332394505787,0.07660239871868073,0.117,0.883,1.0038542169843279,8941.808436589361,3364.967153308273,alpha_1|player_id_sigma,0.2238064787730614,0.010269322064901915,0.20445686044223468,0.24414234882650174,1.0011205461412593,1457.2457413859695,2256.1813268167707,0.8850651926961745,0.7220915670621187,1.079612735638021,1.0629488570604007,0.9624230160349567,1.1768032617027615,6.294885706040065,-3.7576983965043276,17.68032617027615,6.294885706040065,1.1298602727260119,0.9262580617938226,1.384865916754258,12.986027272601186,-7.3741938206177355,38.48659167542581,528,146
alpha,player,5116,Cristian Romero,Argentina,-0.12263429399221012,0.0728103709996395,0.95,-0.2673301426126523,0.01729521169820306,0.0445,0.9555,0.9999262220017285,6662.616102707683,2893.7120845349937,alpha_1|player_id_sigma,0.2238064787730614,0.010269322064901915,0.20445686044223468,0.24414234882650174,1.0011205461412593,1457.2457413859695,2256.1813268167707,0.8845871022330005,0.765420331879472,1.017445639849606,1.0632360628450093,0.9913896771474048,1.1430099287053677,6.323606284500927,-0.861032285259522,14.300992870536767,6.323606284500927,1.1304709253341563,0.9828534919544355,1.3064716971190495,13.047092533415627,-1.7146508045564501,30.647169711904954,529,145
alpha,player,6018,Connor Roberts,Wales,-0.12270365474583367,0.11967219451320166,0.95,-0.3557106744067891,0.10738083591235952,0.15425,0.84575,1.0006149374736086,8787.653736154081,2970.876120626996,alpha_1|player_id_sigma,0.2238064787730614,0.010269322064901915,0.20445686044223468,0.24414234882650174,1.0011205461412593,1457.2457413859695,2256.1813268167707,0.884525748732731,0.7006753142124936,1.1133581805295347,1.063272936911708,0.9477254598758357,1.1946524869640218,6.327293691170799,-5.227454012416432,19.46524869640218,6.327293691170799,1.1305493383688492,0.8981835472968641,1.4271945646093225,13.054933836884919,-10.181645270313588,42.71945646093225,530,144
alpha,player,12537,Nicola Zalewski,Poland,-0.1263870340914937,0.1746465775166442,0.95,-0.4645057470409029,0.21229384344959423,0.235,0.765,1.0009170532642406,8971.396214961875,2986.090944402986,alpha_1|player_id_sigma,0.2238064787730614,0.010269322064901915,0.20445686044223468,0.24414234882650174,1.0011205461412593,1457.2457413859695,2256.1813268167707,0.881273697804545,0.6284456395590374,1.2365111724094509,1.0652329600221746,0.8992925127623155,1.2614386729384295,6.52329600221746,-10.070748723768453,26.14386729384295,6.52329600221746,1.134721259117604,0.8087270235103594,1.591227525584666,13.47212591176039,-19.12729764896406,59.122752558466594,531,143
alpha,player,12022,Andreas Cornelius,Denmark,-0.13203614398676805,0.15697668365650347,0.95,-0.4368620056563527,0.1680877050199439,0.2005,0.7995,1.0028926335100843,7797.389711982414,2996.1137356678064,alpha_1|player_id_sigma,0.2238064787730614,0.010269322064901915,0.20445686044223468,0.24414234882650174,1.0011205461412593,1457.2457413859695,2256.1813268167707,0.8763093211944565,0.6460605779650356,1.183040364676648,1.0682460223265995,0.919390937610838,1.24412317268539,6.824602232659949,-8.0609062389162,24.412317268539006,6.824602232659949,1.1411495642166016,0.8452796961609359,1.5478424688127612,14.114956421660164,-15.47203038390641,54.78424688127612,532,142
alpha,player,8018,Andre Onana,Cameroon,-0.1349911300795237,0.14171227987164198,0.95,-0.42088258870982553,0.13484576822718813,0.17225,0.82775,1.0015242637200874,10042.912871312634,3210.6622455310157,alpha_1|player_id_sigma,0.2238064787730614,0.010269322064901915,0.20445686044223468,0.24414234882650174,1.0011205461412593,1457.2457413859695,2256.1813268167707,0.8737236615130601,0.6564671735423162,1.1443602740261156,1.0698255149537603,0.9347998057521699,1.234222595261723,6.982551495376033,-6.520019424783008,23.422259526172297,6.982551495376033,1.1445266324460786,0.8738506768342946,1.523305414654583,14.452663244607855,-12.614932316570538,52.3305414654583,533,141
alpha,player,1910,Mohammed Salisu,Ghana,-0.13601613236572574,0.10619491355975844,0.95,-0.3461038747510934,0.07165268667521087,0.09325,0.90675,1.0024941805200016,6961.168769373677,2919.2298312922353,alpha_1|player_id_sigma,0.2238064787730614,0.010269322064901915,0.20445686044223468,0.24414234882650174,1.0011205461412593,1457.2457413859695,2256.1813268167707,0.8728285515857305,0.707438998239893,1.0742821667517422,1.0703739422759035,0.9648078242428959,1.1889278532729122,7.0373942275903545,-3.5192175757104094,18.892785327291218,7.0373942275903545,1.1457003763032592,0.9308541377203107,1.4135494402881355,14.570037630325917,-6.9145862279689325,41.35494402881355,534,140
alpha,player,3455,Luis Chávez,Mexico,-0.13643951487399472,0.10758486322901414,0.95,-0.3503647457934835,0.07296390153838543,0.1015,0.8985,1.0018227782398672,7824.70291041228,3019.5085292672825,alpha_1|player_id_sigma,0.2238064787730614,0.010269322064901915,0.20445686044223468,0.24414234882650174,1.0011205461412593,1457.2457413859695,2256.1813268167707,0.8724590894616906,0.7044311045722453,1.0756917053980923,1.0706005550632631,0.9641754963653456,1.191463487447168,7.060055506326313,-3.582450363465439,19.14634874471679,7.060055506326313,1.146185548501767,0.9296343877913604,1.4195852419197676,14.61855485017669,-7.036561220863957,41.958524191976764,535,139
alpha,player,4316,Enzo Ebosse,Cameroon,-0.13701498715618998,0.16228870374148588,0.95,-0.44912493705279904,0.1766877700155519,0.19725,0.80275,1.00193020943103,7704.114430495873,2729.165046829859,alpha_1|player_id_sigma,0.2238064787730614,0.010269322064901915,0.20445686044223468,0.24414234882650174,1.0011205461412593,1457.2457413859695,2256.1813268167707,0.8719571578760656,0.638186360589722,1.1932584638855332,1.070908649858512,0.915446014428427,1.2517749054393876,7.0908649858512085,-8.4553985571573,25.177490543938763,7.0908649858512085,1.1468453363417812,0.8380414053328917,1.5669404138877878,14.68453363417812,-16.19585946671083,56.694041388778786,536,138
alpha,player,14013,Aymen Dahmen,Tunisia,-0.13709036337982555,0.1426569999825064,0.95,-0.4218175069115237,0.13834461212894358,0.16875,0.83125,1.0007135464198549,6538.549842280436,2764.3585111223933,alpha_1|player_id_sigma,0.2238064787730614,0.010269322064901915,0.20445686044223468,0.24414234882650174,1.0011205461412593,1457.2457413859695,2256.1813268167707,0.8718914355153157,0.6558537172433677,1.1483712247457292,1.07094901114402,0.9331658760852406,1.2347996787172997,7.094901114402008,-6.68341239147594,23.47996787172997,7.094901114402008,1.1469317844703544,0.8707985522899346,1.5247302465603467,14.693178447035438,-12.920144771006537,52.473024656034674,537,137
alpha,player,13968,Alireza Beiranvand,Iran,-0.13728723395590042,0.1766218143025243,0.95,-0.4862679229756415,0.20241017748822412,0.22675,0.77325,0.99974176686992,9742.423919330902,2969.3135830006927,alpha_1|player_id_sigma,0.2238064787730614,0.010269322064901915,0.20445686044223468,0.24414234882650174,1.0011205461412593,1457.2457413859695,2256.1813268167707,0.8717198026414168,0.6149170348396017,1.2243501059808752,1.071054435507059,0.9037476654044299,1.2752394456499179,7.105443550705903,-9.625233459557014,27.523944564991787,7.105443550705903,1.147157603819345,0.8167598427239573,1.6262356437415098,14.715760381934494,-18.32401572760427,62.62356437415097,538,136
alpha,player,444,Tariq Lamptey,Ghana,-0.13735595574987922,0.16394083076743265,0.95,-0.4683599120783051,0.17940652188063022,0.19825,0.80175,0.9995670746325659,7781.767769847243,2738.4396572063874,alpha_1|player_id_sigma,0.2238064787730614,0.010269322064901915,0.20445686044223468,0.24414234882650174,1.0011205461412593,1457.2457413859695,2256.1813268167707,0.8716598985511143,0.6260281680068535,1.1965070516106864,1.0710912385304765,0.9142024245934227,1.2638719131277627,7.10912385304765,-8.579757540657729,26.38719131277627,7.10912385304765,1.14723644125675,0.8357660731324926,1.5973722127932308,14.723644125674994,-16.423392686750738,59.73722127932308,539,135
alpha,player,1025,Kamal Miller,Canada,-0.1388156072876993,0.0939439042468381,0.95,-0.3232904889102746,0.04718189151990731,0.06875,0.93125,1.0045309677713237,7918.8821249655875,2877.0655591229906,alpha_1|player_id_sigma,0.2238064787730614,0.010269322064901915,0.20445686044223468,0.24414234882650174,1.0011205461412593,1457.2457413859695,2256.1813268167707,0.8703885069598175,0.7237635785347701,1.048312670924296,1.0718732338426642,0.976685145256805,1.1754431723635441,7.18732338426642,-2.3314854743194946,17.544317236354413,7.18732338426642,1.1489122294283307,0.9539138729653064,1.3816666514560725,14.891222942833071,-4.608612703469362,38.16666514560725,540,134
alpha,player,14006,Ali Al-Hassan,Saudi Arabia,-0.13944761472546077,0.19882306158425855,0.95,-0.5245704642588916,0.24781025476901616,0.24225,0.75775,1.0002536952577814,9181.6822071267,3018.7140903094432,alpha_1|player_id_sigma,0.2238064787730614,0.010269322064901915,0.20445686044223468,0.24414234882650174,1.0011205461412593,1457.2457413859695,2256.1813268167707,0.8698385887441826,0.5918095131177334,1.2812168043500944,1.0722120032941114,0.8834636534144225,1.2998972620204061,7.221200329411137,-11.653634658557754,29.98972620204061,7.221200329411137,1.1496385800079714,0.7805080269043587,1.6897328918081482,14.963858000797137,-21.949197309564127,68.97328918081482,541,133
alpha,player,13987,Mohammed Al-Owais,Saudi Arabia,-0.14073104277907886,0.1395751347887356,0.95,-0.4151276492736524,0.11908832881922668,0.16125,0.83875,1.0006501700973474,7756.59072483727,2977.946074930787,alpha_1|player_id_sigma,0.2238064787730614,0.010269322064901915,0.20445686044223468,0.24414234882650174,1.0011205461412593,1457.2457413859695,2256.1813268167707,0.8687229295845423,0.660255994127462,1.1264694136073352,1.0729002775903542,0.9421939212340716,1.230676261798974,7.290027759035422,-5.7806078765928355,23.067626179897395,7.290027759035422,1.1511150056534591,0.8877293852104361,1.5145640613554967,15.111500565345914,-11.22706147895639,51.45640613554967,542,132
alpha,player,13962,Almoez Ali,Qatar,-0.14282369874696485,0.15268718160343744,0.95,-0.4402593905372758,0.15401904904685976,0.17625,0.82375,0.9996377992347933,10496.447439723848,2748.240843637326,alpha_1|player_id_sigma,0.2238064787730614,0.010269322064901915,0.20445686044223468,0.24414234882650174,1.0011205461412593,1457.2457413859695,2256.1813268167707,0.8669068921949823,0.6438693857944746,1.1665131075296447,1.0740234706864882,0.9258810349888879,1.2462383513241937,7.402347068648818,-7.411896501111215,24.62383513241937,7.402347068648818,1.1535264155854499,0.8572556909520942,1.5531100283112445,15.352641558544988,-14.27443090479058,55.31100283112445,543,131
alpha,player,8042,Wojciech Szczesny,Poland,-0.144849177593638,0.12592950820016202,0.95,-0.3896973646796803,0.09876441810541016,0.11925,0.88075,1.0012818032745794,7390.6913674887655,2908.963420773766,alpha_1|player_id_sigma,0.2238064787730614,0.010269322064901915,0.20445686044223468,0.24414234882650174,1.0011205461412593,1457.2457413859695,2256.1813268167707,0.865152767693543,0.67726180683057,1.1038062321630668,1.0751117275641493,0.951817266991159,1.2151271023876955,7.51117275641493,-4.818273300884101,21.51271023876955,7.51117275641493,1.1558652267459693,0.9059561097425193,1.476533874957117,15.586522674596925,-9.404389025748072,47.653387495711705,544,130
alpha,player,4174,Jean-Charles Castelletto,Cameroon,-0.1452707078368674,0.12294009224173723,0.95,-0.3950261110004509,0.08606093384702039,0.11675,0.88325,1.0038908317256956,7775.350938205423,2868.0029525706987,alpha_1|player_id_sigma,0.2238064787730614,0.010269322064901915,0.20445686044223468,0.24414234882650174,1.0011205461412593,1457.2457413859695,2256.1813268167707,0.8647881564896701,0.6736624490187093,1.08987273642045,1.0753383474991087,0.9578822058985581,1.218368971282186,7.533834749910873,-4.21177941014419,21.83689712821859,7.533834749910873,1.1563525616021142,0.9175383203770877,1.4844229501832118,15.63525616021142,-8.246167962291228,48.44229501832118,545,129
alpha,player,3841,Keylor Navas,Costa Rica,-0.14817360590579437,0.14376205708284898,0.95,-0.43111427699710225,0.1287563214649234,0.15375,0.84625,1.000285719309528,8021.978429257995,3171.580792331501,alpha_1|player_id_sigma,0.2238064787730614,0.010269322064901915,0.20445686044223468,0.24414234882650174,1.0011205461412593,1457.2457413859695,2256.1813268167707,0.8622814048028089,0.6497846510930536,1.1374129272777411,1.0769002795634905,0.9376503499345561,1.240552864226106,7.690027956349055,-6.234965006544391,24.05528642261059,7.690027956349055,1.1597142121239241,0.8791881787323956,1.5389714089395954,15.97142121239241,-12.081182126760437,53.89714089395954,546,128
alpha,player,4194,Randal Kolo Muani,France,-0.15043902337081153,0.14128243138885732,0.95,-0.4264777000768286,0.1307707092662069,0.14075,0.85925,1.0029477400230797,8046.181682674784,2529.6127708804597,alpha_1|player_id_sigma,0.2238064787730614,0.010269322064901915,0.20445686044223468,0.24414234882650174,1.0011205461412593,1457.2457413859695,2256.1813268167707,0.860330188442908,0.6528044229017156,1.1397064272270927,1.0781207850222934,0.9367064296563368,1.2376802359138832,7.812078502229336,-6.329357034366323,23.76802359138832,7.812078502229336,1.1623444270970862,0.8774189353595218,1.5318523663718455,16.234442709708617,-12.258106464047824,53.18523663718455,547,127
alpha,player,30,Gabriel Jesus,Brazil,-0.15441771048624015,0.16438302085383777,0.95,-0.4659261282558181,0.16009303193174368,0.18025,0.81975,1.0010828419557587,6848.633005350503,2753.758869126216,alpha_1|player_id_sigma,0.2238064787730614,0.010269322064901915,0.20445686044223468,0.24414234882650174,1.0011205461412593,1457.2457413859695,2256.1813268167707,0.8569140042775983,0.6275536408171069,1.1736200500535516,1.0802676724006797,0.9230734077368457,1.2623348530275078,8.026767240067967,-7.692659226315435,26.23348530275078,8.026767240067967,1.1669782440339822,0.8520645160709129,1.5934892811679795,16.697824403398222,-14.793548392908706,59.34892811679795,548,126
alpha,player,1880,Andres Guardado,Mexico,-0.1545386655447602,0.18065356700156895,0.95,-0.5097175550788725,0.18771598944050236,0.20475,0.79525,1.0017594726047045,8890.831196194393,2778.603001761805,alpha_1|player_id_sigma,0.2238064787730614,0.010269322064901915,0.20445686044223468,0.24414234882650174,1.0011205461412593,1457.2457413859695,2256.1813268167707,0.8568103624621916,0.6006652096932237,1.206490810555884,1.0803330062960423,0.9104120363776572,1.2902793915752648,8.033300629604234,-8.958796362234278,29.027939157526482,8.033300629604234,1.1671194044926447,0.8288500759813127,1.664820908323836,16.711940449264475,-17.114992401868733,66.48209083238359,549,125
alpha,player,12779,Mikkel Damsgaard,Denmark,-0.1561680697984366,0.13153286440855996,0.95,-0.4191566435539981,0.09630562192445491,0.1175,0.8825,0.9998051261887312,7889.757701765867,2988.606896815906,alpha_1|player_id_sigma,0.2238064787730614,0.010269322064901915,0.20445686044223468,0.24414234882650174,1.0011205461412593,1457.2457413859695,2256.1813268167707,0.8554154087933511,0.6576011782138801,1.101095531510784,1.0812135145212247,0.9529881489142072,1.233157954450955,8.121351452122472,-4.701185108579276,23.3157954450955,8.121351452122472,1.1690226639833388,0.9081864119709273,1.5206785406256635,16.902266398333875,-9.181358802907269,52.067854062566354,550,124
alpha,player,4681,Giovanni Reyna,United States,-0.15643474373970792,0.1532313530744962,0.95,-0.45925301058493284,0.1373675975566102,0.153,0.847,1.004362734331787,7640.897149323837,2842.8317384032944,alpha_1|player_id_sigma,0.2238064787730614,0.010269322064901915,0.20445686044223468,0.24414234882650174,1.0011205461412593,1457.2457413859695,2256.1813268167707,0.8551873222085898,0.631755383877874,1.1472497972394176,1.0813576898675998,0.9336218457781013,1.258130017262218,8.135768986759985,-6.637815422189874,25.813001726221806,8.135768986759985,1.169334453435792,0.8716497509141087,1.582891140336229,16.93344534357919,-12.835024908589132,58.289114033622894,551,123
alpha,player,12766,Bartosz Bereszynski,Poland,-0.15695711649116295,0.10824987786085885,0.95,-0.37364166246538605,0.053542714454416405,0.0745,0.9255,1.000092679716344,7902.370745091467,3207.100459747887,alpha_1|player_id_sigma,0.2238064787730614,0.010269322064901915,0.20445686044223468,0.24414234882650174,1.0011205461412593,1457.2457413859695,2256.1813268167707,0.854740712312654,0.6882234839548209,1.0550020546423386,1.0816401626508967,0.9735838189819208,1.2054112936454653,8.164016265089668,-2.641618101807919,20.541129364546528,8.164016265089668,1.1699454414594583,0.9478654525834217,1.4530163868480344,16.994544145945834,-5.213454741657831,45.301638684803436,552,122
alpha,player,1896,Matty Cash,Poland,-0.15857217157657377,0.10610338851196159,0.95,-0.37223150591563897,0.050581834755992934,0.065,0.935,1.0032743596205151,8823.471560473039,3179.6998223564287,alpha_1|player_id_sigma,0.2238064787730614,0.010269322064901915,0.20445686044223468,0.24414234882650174,1.0011205461412593,1457.2457413859695,2256.1813268167707,0.8533613731327271,0.6891946714106483,1.0518829404166696,1.082513969637654,0.9750262186936528,1.204561683885918,8.251396963765401,-2.49737813063472,20.456168388591813,8.251396963765401,1.1718364944606716,0.9506761271400428,1.4509688502860785,17.18364944606716,-4.932387285995721,45.09688502860784,553,121
alpha,player,5029,Silvan Widmer,Switzerland,-0.15944889427909503,0.1004690519612105,0.95,-0.35791791974596204,0.03331197946448745,0.05625,0.94375,1.000587940701885,7357.150341578829,2813.951212617374,alpha_1|player_id_sigma,0.2238064787730614,0.010269322064901915,0.20445686044223468,0.24414234882650174,1.0011205461412593,1457.2457413859695,2256.1813268167707,0.8526135397126169,0.6991304574570641,1.03387303608864,1.0829886059476495,0.9834819543378933,1.195971660331836,8.298860594764946,-1.6518045662106684,19.597166033183598,8.298860594764946,1.172864320612433,0.9672367545082822,1.4303482123168882,17.286432061243296,-3.276324549171783,43.034821231688824,554,120
alpha,player,5070,Saman Ghoddos,Iran,-0.15965115184319428,0.16890695973262781,0.95,-0.5013591102809483,0.1663420625986456,0.16125,0.83875,1.0024693610515798,8259.130719218874,2750.1657909553796,alpha_1|player_id_sigma,0.2238064787730614,0.010269322064901915,0.20445686044223468,0.24414234882650174,1.0011205461412593,1457.2457413859695,2256.1813268167707,0.8524411096131903,0.6057068775894903,1.1809770007017715,1.083098132804408,0.9201937518277353,1.2848982793057002,8.309813280440803,-7.980624817226467,28.489827930570023,8.309813280440803,1.173101565284395,0.8467565409028037,1.6509635881627494,17.310156528439503,-15.324345909719629,65.09635881627493,555,119
alpha,player,9865,Zakaria Aboukhlal,Morocco,-0.16093756003752258,0.18239820312298086,0.95,-0.5219428490407542,0.18804124317415966,0.184,0.816,1.0026454749373115,9617.285702923053,2812.6129286524892,alpha_1|player_id_sigma,0.2238064787730614,0.010269322064901915,0.20445686044223468,0.24414234882650174,1.0011205461412593,1457.2457413859695,2256.1813268167707,0.85134522741165,0.5933666056247299,1.2068832900208863,1.0837950100541842,0.9102639909590656,1.2981905684855246,8.379501005418422,-8.973600904093438,29.81905684855246,8.379501005418422,1.1746116238183493,0.8285805332367259,1.6852987521047693,17.461162381834928,-17.141946676327414,68.52987521047693,556,118
alpha,player,11094,Cody Gakpo,Netherlands,-0.1625912055538164,0.10966854289635607,0.95,-0.3828291769700006,0.044308155249427356,0.0665,0.9335,1.0007405618725531,7301.849771792521,2710.096373414668,alpha_1|player_id_sigma,0.2238064787730614,0.010269322064901915,0.20445686044223468,0.24414234882650174,1.0011205461412593,1457.2457413859695,2256.1813268167707,0.8499385675724382,0.681929378579729,1.045304421307342,1.08469148699636,0.9780895217304674,1.2109613986751415,8.469148699635998,-2.191047826953263,21.096139867514154,8.469148699635998,1.1765556219623747,0.9566591125189344,1.4664275090812549,17.655562196237472,-4.3340887481065575,46.642750908125485,557,117
alpha,player,13871,Devis Epassy,Cameroon,-0.16275379258092215,0.14179120472832032,0.95,-0.4431799942253409,0.11371842120965962,0.12325,0.87675,1.0016477088962101,8569.050260814898,3042.079264061924,alpha_1|player_id_sigma,0.2238064787730614,0.010269322064901915,0.20445686044223468,0.24414234882650174,1.0011205461412593,1457.2457413859695,2256.1813268167707,0.8498003898207734,0.641991641899315,1.120436589282708,1.0847796689627214,0.9447270675563785,1.2480595649238835,8.477966896272138,-5.527293244362152,24.805956492388347,8.477966896272138,1.1767469301948712,0.8925092321736741,1.5576526775979933,17.67469301948712,-10.749076782632594,55.76526775979933,558,116
alpha,player,71,Ben Davies,Wales,-0.16528428194996428,0.1095974925999011,0.95,-0.38910140009681543,0.04803672936221418,0.067,0.933,1.000064294245724,7522.653954105267,2976.8789661448577,alpha_1|player_id_sigma,0.2238064787730614,0.010269322064901915,0.20445686044223468,0.24414234882650174,1.0011205461412593,1457.2457413859695,2256.1813268167707,0.8476526974708939,0.6776655511774838,1.049209191401193,1.0861530493206377,0.976267780746811,1.2147650699716477,8.615304932063772,-2.3732219253189024,21.47650699716477,8.615304932063772,1.1797284465485196,0.9530987797243035,1.475654175223222,17.97284465485196,-4.690122027569654,47.56541752232219,559,115
alpha,player,13222,Nahuel Molina,Argentina,-0.16634367780906015,0.08100825699790924,0.95,-0.3256842370364362,-0.007595753703567013,0.0195,0.9805,1.0001890279427925,6815.650945461341,3239.593515573481,alpha_1|player_id_sigma,0.2238064787730614,0.010269322064901915,0.20445686044223468,0.24414234882650174,1.0011205461412593,1457.2457413859695,2256.1813268167707,0.8467551732139249,0.7220331427648468,0.9924330211319817,1.0867285347452982,1.0038050979247621,1.1768508720607544,8.672853474529818,0.3805097924762135,17.685087206075444,8.672853474529818,1.180978908229663,1.0076246746197415,1.3849779750701583,18.09789082296629,0.7624674619741478,38.49779750701583,560,114
alpha,player,4883,Andrej Kramaric,Croatia,-0.16681351936306574,0.092740166806639,0.95,-0.3519909517470097,0.009581669346518303,0.032,0.968,1.0018274728311656,8984.02520715463,3227.8726295192246,alpha_1|player_id_sigma,0.2238064787730614,0.010269322064901915,0.20445686044223468,0.24414234882650174,1.0011205461412593,1457.2457413859695,2256.1813268167707,0.8463574258939062,0.7032864854615968,1.00962772050506,1.086983859846483,0.9952206230704861,1.1924326639222578,8.698385984648294,-0.4779376929513912,19.243266392225777,8.698385984648294,1.1815339115667587,0.9904640885848066,1.421895657988732,18.15339115667587,-0.9535911415193388,42.189565798873204,561,113
alpha,player,14005,Sami Al-Najei,Saudi Arabia,-0.16886226611538374,0.16921529064213348,0.95,-0.5072508032737294,0.16010506684554882,0.156,0.844,1.0022860996901783,7555.504094418225,3189.8670236535336,alpha_1|player_id_sigma,0.2238064787730614,0.010269322064901915,0.20445686044223468,0.24414234882650174,1.0011205461412593,1457.2457413859695,2256.1813268167707,0.8446252288886885,0.6021487306702933,1.1736341745546874,1.0880979076758743,0.9230678531991088,1.2886889730596616,8.809790767587433,-7.693214680089122,28.868897305966158,8.809790767587433,1.1839570566886157,0.8520542616096115,1.6607192692855652,18.395705668861574,-14.794573839038849,66.07192692855652,562,112
alpha,player,13944,Abdelkarim Hassan,Qatar,-0.16919917064070455,0.10513445442925139,0.95,-0.38239590205063734,0.031155339133703615,0.046,0.954,1.0002837609448598,7801.30486735269,2853.497327443383,alpha_1|player_id_sigma,0.2238064787730614,0.010269322064901915,0.20445686044223468,0.24414234882650174,1.0011205461412593,1457.2457413859695,2256.1813268167707,0.8443407187559425,0.6822249054938213,1.0316457463967683,1.0882812156693082,0.9845430347509417,1.2106990874882004,8.828121566930825,-1.5456965249058263,21.069908748820044,8.828121566930825,1.1843560043786672,0.9693249872765941,1.4657922804447612,18.435600437866718,-3.0675012723405892,46.57922804447612,563,111
alpha,player,3994,Arkadiusz Milik,Poland,-0.16997307837970027,0.15914552357984335,0.95,-0.4908605565606721,0.13842382003895787,0.147,0.853,1.0019805420723693,7356.308234367849,2999.073542833738,alpha_1|player_id_sigma,0.2238064787730614,0.010269322064901915,0.20445686044223468,0.24414234882650174,1.0011205461412593,1457.2457413859695,2256.1813268167707,0.843687529725972,0.6120994212991677,1.1484621884328359,1.0887024117832906,0.9331289197576831,1.2781711641924385,8.870241178329064,-6.687108024231692,27.81711641924385,8.870241178329064,1.1852729414227539,0.8707295808881406,1.6337215249730537,18.527294142275387,-12.927041911185944,63.372152497305365,564,110
alpha,player,55,Takumi Minamino,Japan,-0.17068896977997924,0.17464896911239766,0.95,-0.5169272767434722,0.16301457540076933,0.16725,0.83275,1.0003574700086044,8637.498965742723,2965.42019876345,alpha_1|player_id_sigma,0.2238064787730614,0.010269322064901915,0.20445686044223468,0.24414234882650174,1.0011205461412593,1457.2457413859695,2256.1813268167707,0.8430837572224763,0.5963501545822811,1.1770538455949662,1.0890921778837084,0.9217259925665399,1.2949390629039674,8.909217788370839,-7.827400743346013,29.493906290396744,8.909217788370839,1.1861217719274788,0.8495788053727732,1.676867176634605,18.61217719274788,-15.042119462722681,67.6867176634605,565,109
alpha,player,14031,Milan Borjan,Canada,-0.17224811263795467,0.1260132857486185,0.95,-0.4284074355870791,0.07028461999681018,0.07975,0.92025,1.000590204934807,8532.484263508843,3361.819420975598,alpha_1|player_id_sigma,0.2238064787730614,0.010269322064901915,0.20445686044223468,0.24414234882650174,1.0011205461412593,1457.2457413859695,2256.1813268167707,0.8417702934086678,0.6515458977265037,1.072813481974628,1.0899415340530068,0.9654680107296411,1.2388750099714623,8.994153405300676,-3.4531989270358943,23.887500997146226,8.994153405300676,1.1879725476538217,0.9321284797422503,1.5348112903317905,18.797254765382164,-6.787152025774967,53.48112903317905,566,108
alpha,player,8555,Otavio,Portugal,-0.17232518681120354,0.10504415862382688,0.95,-0.37701743930044457,0.03245784874846008,0.0515,0.9485,1.0003213441401455,7952.545647049463,2974.3273057940037,alpha_1|player_id_sigma,0.2238064787730614,0.010269322064901915,0.20445686044223468,0.24414234882650174,1.0011205461412593,1457.2457413859695,2256.1813268167707,0.8417054171594116,0.6859041121038306,1.0329903503901907,1.0899835380336704,0.9839020551096809,1.2074476114615464,8.998353803367042,-1.6097944890319127,20.744761146154644,8.998353803367042,1.1880641131843979,0.9680632540490536,1.4579297344241935,18.806411318439785,-3.193674595094642,45.79297344241935,567,107
alpha,player,13813,Fran Karacic,Australia,-0.17456813927254866,0.15063069413790744,0.95,-0.4748697322999914,0.11292722426692592,0.12225,0.87775,1.0019742566756769,7189.779030670037,2821.846383030974,alpha_1|player_id_sigma,0.2238064787730614,0.010269322064901915,0.20445686044223468,0.24414234882650174,1.0011205461412593,1457.2457413859695,2256.1813268167707,0.839819627581046,0.6219660732778178,1.119550453878778,1.0912066143607246,0.9451008740739312,1.2679924048738782,9.120661436072464,-5.489912592606883,26.79924048738782,9.120661436072464,1.190731875224595,0.8932156621753087,1.607804738817841,19.0731875224595,-10.678433782469131,60.78047388178409,568,106
alpha,player,8397,Fabian Rieder,Switzerland,-0.17488740251670643,0.16645526559031665,0.95,-0.49692634563125615,0.1447906600402415,0.1435,0.8565,1.0013943270361403,9306.995825345648,3047.195355186441,alpha_1|player_id_sigma,0.2238064787730614,0.010269322064901915,0.20445686044223468,0.24414234882650174,1.0011205461412593,1457.2457413859695,2256.1813268167707,0.8395515468386779,0.60839779331636,1.1557975903198225,1.0913808193465404,0.9301631017182549,1.2820536070753499,9.138081934654041,-6.98368982817451,28.205360707534986,9.138081934654041,1.191112092837526,0.8652033957981246,1.6436614514149155,19.111209283752608,-13.479660420187544,64.36614514149154,569,105
alpha,player,4892,Josko Gvardiol,Croatia,-0.17548804610214638,0.06249700237912811,0.95,-0.30011837053745144,-0.05285391351624201,0.00325,0.99675,1.0028812097085782,6083.707424179435,3049.0703732920806,alpha_1|player_id_sigma,0.2238064787730614,0.010269322064901915,0.20445686044223468,0.24414234882650174,1.0011205461412593,1457.2457413859695,2256.1813268167707,0.8390474270007526,0.7407305348205956,0.9485185681038935,1.0917086340132272,1.0267792452377538,1.161903008235086,9.170863401322716,2.677924523775377,16.190300823508608,9.170863401322716,1.1918277415790264,1.0542756184510114,1.3500186005457426,19.18277415790264,5.4275618451011365,35.001860054574266,570,104
alpha,player,4739,Ajdin Hrustic,Australia,-0.1758507481927651,0.1660959349969747,0.95,-0.5108500820121885,0.13973350776590887,0.1435,0.8565,1.0032655608480052,8225.046484141862,3123.4350731722484,alpha_1|player_id_sigma,0.2238064787730614,0.010269322064901915,0.20445686044223468,0.24414234882650174,1.0011205461412593,1457.2457413859695,2256.1813268167707,0.8387431579277013,0.5999853252317415,1.1499673006642612,1.0919066344684307,0.9325180660394816,1.2910102365623746,9.190663446843072,-6.748193396051838,29.10102365623746,9.190663446843072,1.1922600983961753,0.869589943490015,1.6667074309088385,19.226009839617532,-13.041005650998505,66.67074309088386,571,103
alpha,player,1907,Vitinha,Portugal,-0.17640984139121452,0.11138896404924303,0.95,-0.3935731387611315,0.033407364911870005,0.053,0.947,0.9999526735971753,8460.220033938453,2814.044510395312,alpha_1|player_id_sigma,0.2238064787730614,0.010269322064901915,0.20445686044223468,0.24414234882650174,1.0011205461412593,1457.2457413859695,2256.1813268167707,0.8382743533977818,0.6746419732942703,1.0339716572341602,1.0922119159229755,0.983435050523284,1.2174841645747365,9.22119159229755,-1.656494947671605,21.748416457473652,9.22119159229755,1.1929268692841368,0.9671444985977341,1.4822676909902441,19.292686928413683,-3.2855501402265896,48.226769099024416,572,102
alpha,player,449,Aaron Mooy,Australia,-0.1776684314459276,0.09242729311483368,0.95,-0.36162351893634415,0.0019189856034267777,0.027,0.973,1.00104734949514,7749.27961933386,3160.3546757947083,alpha_1|player_id_sigma,0.2238064787730614,0.010269322064901915,0.20445686044223468,0.24414234882650174,1.0011205461412593,1457.2457413859695,2256.1813268167707,0.8372199732888163,0.696544554319246,1.0019208280346443,1.0928994557604963,0.9990409673643178,1.1981896102137866,9.289945576049629,-0.09590326356821999,19.818961021378655,9.289945576049629,1.194429220401589,0.9980828544722319,1.435658342024266,19.442922040158894,-0.1917145527768116,43.565834202426586,573,101
alpha,player,13801,Yuki Soma,Japan,-0.17885780802173895,0.1742247640341591,0.95,-0.5288760272413571,0.16137634246700192,0.14975,0.85025,1.0014654314704798,7669.015107356096,2649.2807231216316,alpha_1|player_id_sigma,0.2238064787730614,0.010269322064901915,0.20445686044223468,0.24414234882650174,1.0011205461412593,1457.2457413859695,2256.1813268167707,0.8362247954017352,0.5892669175658848,1.175127135850883,1.0935495835592293,0.922481302806302,1.3026986711154922,9.354958355922927,-7.751869719369797,30.26986711154922,9.354958355922927,1.1958506917025638,0.8509717540272121,1.6970238277260694,19.585069170256375,-14.902824597278785,69.70238277260694,574,100
alpha,player,1393,Joao Felix,Portugal,-0.17985283963082013,0.1052395968943641,0.95,-0.38896396010098994,0.02345018846981417,0.0395,0.9605,1.0023498663678487,7043.199324985113,2596.1922298503764,alpha_1|player_id_sigma,0.2238064787730614,0.010269322064901915,0.20445686044223468,0.24414234882650174,1.0011205461412593,1457.2457413859695,2256.1813268167707,0.8353931391287706,0.6777586959287693,1.0237273060529704,1.0940937771213228,0.9883433768114036,1.2146815941868354,9.409377712132283,-1.1656623188596393,21.46815941868354,9.409377712132283,1.1970411931356026,0.976822630486968,1.475451375256272,19.704119313560263,-2.3177369513031953,47.54513752562719,575,99
alpha,player,8593,Rafael Leao,Portugal,-0.18066091779885177,0.13995170067887067,0.95,-0.45601336919001584,0.07983959201237409,0.095,0.905,1.001340757607296,8897.247544175852,3126.0145286217235,alpha_1|player_id_sigma,0.2238064787730614,0.010269322064901915,0.20445686044223468,0.24414234882650174,1.0011205461412593,1457.2457413859695,2256.1813268167707,0.8347183488496828,0.6338053635775683,1.083113313712546,1.0945359230849683,0.960866501392865,1.2560937218821036,9.453592308496827,-3.9133498607134998,25.609372188210354,9.453592308496827,1.1980088869234637,0.9232644334989646,1.577771438151635,19.800888692346376,-7.673556650103541,57.7771438151635,576,98
alpha,player,13994,Saud Abdulhamid,Saudi Arabia,-0.18119419714975873,0.11508664037109854,0.95,-0.4047607709420192,0.041979712508130984,0.05625,0.94375,1.000074751173436,7630.250309564074,3176.079799197856,alpha_1|player_id_sigma,0.2238064787730614,0.010269322064901915,0.20445686044223468,0.24414234882650174,1.0011205461412593,1457.2457413859695,2256.1813268167707,0.8342733294607899,0.6671363901798755,1.0428733212521224,1.0948278087006855,0.9792288975682293,1.2243136306647804,9.482780870068552,-2.0771102431770716,22.43136306647804,9.482780870068552,1.198647930704345,0.9588892338326896,1.4989438662315764,19.864793070434494,-4.111076616731035,49.89438662315764,577,97
alpha,player,8134,Denzel Dumfries,Netherlands,-0.1816448331541821,0.09424382365005278,0.95,-0.37328398456931433,0.0024822198110236718,0.027,0.973,0.9997161028882952,7286.085698826298,3039.353201786112,alpha_1|player_id_sigma,0.2238064787730614,0.010269322064901915,0.20445686044223468,0.24414234882650174,1.0011205461412593,1457.2457413859695,2256.1813268167707,0.8338974605573959,0.6884696903112499,1.0024853030691991,1.0950745209086148,0.9987596599528611,1.2051957384331675,9.507452090861479,-0.12403400471389103,20.519573843316753,9.507452090861479,1.1991882063432324,0.9975208583491546,1.4524967679374678,19.918820634323243,-0.24791416508453956,45.24967679374679,578,96
alpha,player,9824,Montassar Talbi,Tunisia,-0.18179982913379222,0.10518429037917884,0.95,-0.3915539336636554,0.025815373894246058,0.04125,0.95875,1.0005303805522985,7067.111640741146,2885.3357717775916,alpha_1|player_id_sigma,0.2238064787730614,0.010269322064901915,0.20445686044223468,0.24414234882650174,1.0011205461412593,1457.2457413859695,2256.1813268167707,0.8337682198197585,0.6760055900533627,1.026151476632212,1.095159390271232,0.9871752599761845,1.2162556097395352,9.5159390271232,-1.2824740023815506,21.62556097395352,9.5159390271232,1.1993740900992569,0.9745149939090474,1.4792777082228887,19.937409009925688,-2.548500609095261,47.92777082228887,579,95
alpha,player,4926,Borna Sosa,Croatia,-0.1841669271442566,0.08578294950701976,0.95,-0.3549328838340611,-0.019924661425398966,0.01425,0.98575,1.0003321395804563,7204.478760161524,2899.110893288975,alpha_1|player_id_sigma,0.2238064787730614,0.010269322064901915,0.20445686044223468,0.24414234882650174,1.0011205461412593,1457.2457413859695,2256.1813268167707,0.8317969427488981,0.7012205048610199,0.9802725228594531,1.0964563324240606,1.0100121199308454,1.1941879825706374,9.64563324240606,1.0012119930845387,19.41879825706374,9.64563324240606,1.202216488912822,1.0201244824072002,1.4260849377161289,20.221648891282197,2.0124482407200217,42.608493771612885,580,94
alpha,player,8327,Marten De Roon,Netherlands,-0.18478054263423135,0.11372422864083753,0.95,-0.4140617561506401,0.03054538236754186,0.04775,0.95225,1.0013117443858617,10045.77498704934,3064.5115146696858,alpha_1|player_id_sigma,0.2238064787730614,0.010269322064901915,0.20445686044223468,0.24414234882650174,1.0011205461412593,1457.2457413859695,2256.1813268167707,0.8312866958240323,0.6609601316520369,1.0310166789649435,1.0967927853294281,0.9848433448854755,1.2300205518616194,9.679278532942813,-1.5156655114524464,23.00205518616194,9.679278532942813,1.202954413950685,0.9699164139652118,1.5129505580019627,20.295441395068494,-3.0083586034788223,51.295055800196266,581,93
alpha,player,14010,Firas Al-Buraikan,Saudi Arabia,-0.18569064794901619,0.1317426026501263,0.95,-0.4466471150648613,0.07125347275210986,0.0815,0.9185,1.0014347670204997,8570.420303951543,3043.9084998348785,alpha_1|player_id_sigma,0.2238064787730614,0.010269322064901915,0.20445686044223468,0.24414234882650174,1.0011205461412593,1457.2457413859695,2256.1813268167707,0.8305304815535633,0.6397696335105659,1.0738533839471631,1.097291997376271,0.9650004258228417,1.2502250280253904,9.729199737627091,-3.4999574177158266,25.022502802539037,9.729199737627091,1.2040497275060063,0.931225821838266,1.5630626207010883,20.404972750600624,-6.877417816173404,56.30626207010883,582,92
alpha,player,233,Romain Saïss,Morocco,-0.18899192686358643,0.09514021954306721,0.95,-0.38025561857708384,-0.009410776446062983,0.021,0.979,0.9998445978052147,6023.959141792835,2913.362829896974,alpha_1|player_id_sigma,0.2238064787730614,0.010269322064901915,0.20445686044223468,0.24414234882650174,1.0011205461412593,1457.2457413859695,2256.1813268167707,0.8277931895550993,0.6836866238721522,0.9906333663294721,1.0991047265128409,1.0047164759460554,1.209404160865094,9.910472651284085,0.47164759460553984,20.940416086509405,9.910472651284085,1.2080311998428666,1.0094551970374603,1.4626584243178022,20.803119984286656,0.9455197037460339,46.26584243178022,583,91
alpha,player,13830,Pedro,Brazil,-0.18900450011431935,0.19025402771086722,0.95,-0.5618623194281906,0.17747017836782522,0.167,0.833,1.0013760662356688,7852.109272523675,3025.802064340168,alpha_1|player_id_sigma,0.2238064787730614,0.010269322064901915,0.20445686044223468,0.24414234882650174,1.0011205461412593,1457.2457413859695,2256.1813268167707,0.8277827815692033,0.5701462800402831,1.1941924446036098,1.0991116361942141,0.915087958165674,1.3243624313087057,9.911163619421416,-8.491204183432599,32.436243130870565,9.911163619421416,1.2080463888175226,0.8373859711798223,1.7539358494619064,20.804638881752258,-16.261402882017773,75.39358494619064,584,90
alpha,player,1228,Jonathan Osorio,Canada,-0.1914741910680845,0.12990944454586204,0.95,-0.45417680886562556,0.06073316601372523,0.0685,0.9315,1.0015720645065154,8786.830316836313,3292.6340096997374,alpha_1|player_id_sigma,0.2238064787730614,0.010269322064901915,0.20445686044223468,0.24414234882650174,1.0011205461412593,1457.2457413859695,2256.1813268167707,0.8257409363230772,0.6349704549144792,1.0626153344689515,1.1004697075583276,0.9700898499045966,1.2549408053666389,10.046970755832763,-2.991015009540343,25.494080536663887,10.046970755832763,1.2110335772535112,0.9410743168879226,1.5748764249742684,21.103357725351124,-5.892568311207736,57.48764249742684,585,89
alpha,player,13858,Josip Juranovic,Croatia,-0.19208582450542955,0.0732001131964361,0.95,-0.3408872958962011,-0.05041993077019727,0.00375,0.99625,1.000670083334113,7038.673102385928,2772.019882833785,alpha_1|player_id_sigma,0.2238064787730614,0.010269322064901915,0.20445686044223468,0.24414234882650174,1.0011205461412593,1457.2457413859695,2256.1813268167707,0.8252360399773211,0.7111390519795886,0.9508300578548895,1.1008063010586282,1.0255304238108849,1.1858308260507053,10.08063010586282,2.5530423810884884,18.583082605070533,10.08063010586282,1.2117745124503794,1.0517126501617333,1.4061947480120982,21.177451245037936,5.171265016173332,40.61947480120982,586,88
alpha,player,61,Hugo Lloris,France,-0.19224285412480538,0.11389262062236406,0.95,-0.4173464394346586,0.028771327895964587,0.045,0.955,1.0006128097504072,7174.8956215463295,2996.050628162041,alpha_1|player_id_sigma,0.2238064787730614,0.010269322064901915,0.20445686044223468,0.24414234882650174,1.0011205461412593,1457.2457413859695,2256.1813268167707,0.8251064636499952,0.6587926486525587,1.0291892206999003,1.1008927340489496,0.985717315315857,1.232042325601629,10.08927340489496,-1.4282684684142954,23.204232560162907,10.08927340489496,1.2119648118817714,0.9716386257135008,1.5179282920738706,21.19648118817714,-2.836137428649921,51.79282920738706,587,87
alpha,player,13785,Gerson Torres,Costa Rica,-0.19232416058596466,0.1623721254937723,0.95,-0.5188321553566685,0.12124676517605333,0.12075,0.87925,1.0002215404575083,9063.17913438115,2735.277099887664,alpha_1|player_id_sigma,0.2238064787730614,0.010269322064901915,0.20445686044223468,0.24414234882650174,1.0011205461412593,1457.2457413859695,2256.1813268167707,0.8250393798905646,0.5952152611870887,1.128903452058077,1.1009374898048372,0.9411776369215774,1.2961730012995618,10.093748980483719,-5.882236307842259,29.61730012995618,10.093748980483719,1.212063356457776,0.8858153442412846,1.6800644492979138,21.206335645777607,-11.41846557587154,68.00644492979137,588,86
alpha,player,13032,Pathe Ciss,Senegal,-0.19429314410725593,0.14323938600335773,0.95,-0.4756434874714727,0.07792389945746081,0.08525,0.91475,1.0030383240276797,6749.0253716670095,2385.953947659236,alpha_1|player_id_sigma,0.2238064787730614,0.010269322064901915,0.20445686044223468,0.24414234882650174,1.0011205461412593,1457.2457413859695,2256.1813268167707,0.8234164891939778,0.6214850099487534,1.0810403877796764,1.1020218873951972,0.9617873047179748,1.2684830576193682,10.202188739519723,-3.82126952820252,26.84830576193682,10.202188739519723,1.2144522402980726,0.9250348195166664,1.6090492674673813,21.445224029807264,-7.496518048333356,60.90492674673813,589,85
alpha,player,1665,Ante Budimir,Croatia,-0.19437874273381908,0.19058512970543134,0.95,-0.5816598364232876,0.18455441811618495,0.14475,0.85525,1.0039019325518543,7834.3539848638875,2780.6064015597613,alpha_1|player_id_sigma,0.2238064787730614,0.010269322064901915,0.20445686044223468,0.24414234882650174,1.0011205461412593,1457.2457413859695,2256.1813268167707,0.823346008889965,0.5589697977126276,1.2026824272161922,1.1020690541845448,0.9118523407777628,1.3375370739054033,10.206905418454483,-8.814765922223721,33.753707390540335,10.206905418454483,1.2145562001912171,0.8314746913818852,1.7890054240714286,21.455620019121714,-16.852530861811477,78.90054240714286,590,84
alpha,player,8071,Sebastian Coates,Uruguay,-0.19468761474214438,0.12428357039510565,0.95,-0.43327466233726336,0.04196898573734824,0.055,0.945,1.0008494203503358,8262.014179882144,2548.793963620485,alpha_1|player_id_sigma,0.2238064787730614,0.010269322064901915,0.20445686044223468,0.24414234882650174,1.0011205461412593,1457.2457413859695,2256.1813268167707,0.8230917396250033,0.6483823811257077,1.042862134649048,1.1022392664686986,0.9792341495642775,1.2418936243461491,10.223926646869863,-2.0765850435722544,24.189362434614914,10.223926646869863,1.2149314005454548,0.9588995196728738,1.542299774191614,21.493140054545478,-4.110048032712621,54.2299774191614,591,83
alpha,player,4615,Josip Stanisic,Croatia,-0.19901961363783993,0.15993265125320308,0.95,-0.5219792984764837,0.10757703999129202,0.102,0.898,1.0013238105609275,8163.543692158759,2789.965874830106,alpha_1|player_id_sigma,0.2238064787730614,0.010269322064901915,0.20445686044223468,0.24414234882650174,1.0011205461412593,1457.2457413859695,2256.1813268167707,0.8195338191357633,0.5933449781409312,1.11357664737721,1.104629303586389,0.9476324906356783,1.298214227857962,10.4629303586389,-5.236750936432166,29.8214227857962,10.4629303586389,1.2202058983417507,0.898007337308379,1.6853601814128443,22.020589834175077,-10.199266269162099,68.53601814128443,592,82
alpha,player,8326,Teun Koopmeiners,Netherlands,-0.2002706708521874,0.11328724951155632,0.95,-0.43195861217969334,0.018729786673161233,0.04075,0.95925,1.0020563595425318,7723.979140678129,2452.6969416677157,alpha_1|player_id_sigma,0.2238064787730614,0.010269322064901915,0.20445686044223468,0.24414234882650174,1.0011205461412593,1457.2457413859695,2256.1813268167707,0.8185091765158454,0.6492362466022109,1.0189062893580283,1.1053204969741854,0.9906788207114625,1.2410766960052912,10.532049697418543,-0.9321179288537484,24.107669600529125,10.532049697418543,1.2217334010312602,0.9814445258062541,1.5402713653674103,22.173340103126016,-1.8555474193745924,54.027136536741025,593,81
alpha,player,1810,Youssef En-Nesyri,Morocco,-0.2005329388791059,0.13353204316926542,0.95,-0.46632018081776694,0.051829826755992216,0.06,0.94,1.0017015826370732,7426.745605317299,2723.9826580387244,alpha_1|player_id_sigma,0.2238064787730614,0.010269322064901915,0.20445686044223468,0.24414234882650174,1.0011205461412593,1457.2457413859695,2256.1813268167707,0.8182945358770247,0.627306400413239,1.0531965013975557,1.105465451591145,0.9744179960172871,1.262583590672066,10.546545159114507,-2.558200398271293,26.258359067206595,10.546545159114507,1.2220538646616144,0.9494904309623458,1.594117323434367,22.205386466161436,-5.0509569037654245,59.41173234343671,594,80
alpha,player,13866,Selim Amallah,Morocco,-0.20083209577431052,0.1116966244007892,0.95,-0.42167685040678643,0.013977390022038384,0.032,0.968,1.0014232171938275,7808.960013124486,2535.0357898593124,alpha_1|player_id_sigma,0.2238064787730614,0.010269322064901915,0.20445686044223468,0.24414234882650174,1.0011205461412593,1457.2457413859695,2256.1813268167707,0.8180497740372302,0.6559459738229461,1.014075530453892,1.1056308177645715,0.993035669127076,1.2347128404674972,10.56308177645715,-0.6964330872924029,23.47128404674972,10.56308177645715,1.2224195051907552,0.9861198401586596,1.524515798415315,22.241950519075516,-1.388015984134039,52.451579841531505,595,79
alpha,player,13990,Yasser Al-Shahrani,Saudi Arabia,-0.20132847459250539,0.17922551437498266,0.95,-0.5656687576569787,0.15078303940439192,0.126,0.874,1.0000340080450818,6482.840718695895,2751.4664143399227,alpha_1|player_id_sigma,0.2238064787730614,0.010269322064901915,0.20445686044223468,0.24414234882650174,1.0011205461412593,1457.2457413859695,2256.1813268167707,0.8176438122209279,0.5679801786249352,1.1627443610044443,1.1059052576790438,0.9273803275716145,1.3268853833060288,10.59052576790438,-7.261967242838551,32.68853833060288,10.59052576790438,1.2230264389621521,0.8600342719668349,1.760624820431187,22.302643896215212,-13.996572803316509,76.06248204311869,596,78
alpha,player,8136,Ivan Perisic,Croatia,-0.20197121123156264,0.08355447637509501,0.95,-0.36403039024421513,-0.041222597900554984,0.007,0.993,1.0011698107309663,8083.863447242733,2502.0528322219434,alpha_1|player_id_sigma,0.2238064787730614,0.010269322064901915,0.20445686044223468,0.24414234882650174,1.0011205461412593,1457.2457413859695,2256.1813268167707,0.8171184514375132,0.6948700771506855,0.9596154977764996,1.1062607177069985,1.0208251786915197,1.1996324223025174,10.626071770699852,2.0825178691519675,19.963242230251744,10.626071770699852,1.2238127755416037,1.042084045450573,1.4391179486394057,22.381277554160373,4.208404545057309,43.91179486394057,597,77
alpha,player,13912,Jin-su Kim,South Korea,-0.20476397445392053,0.10645021587925234,0.95,-0.41938418211728,0.000825639847720612,0.0255,0.9745,1.002421960495237,7518.973873925794,2626.380646668368,alpha_1|player_id_sigma,0.2238064787730614,0.010269322064901915,0.20445686044223468,0.24414234882650174,1.0011205461412593,1457.2457413859695,2256.1813268167707,0.8148396166821282,0.6574515656085409,1.000825980782123,1.1078065588712782,0.9995872652745602,1.2332982579265441,10.780655887127821,-0.04127347254397895,23.32982579265441,10.780655887127821,1.2272353718782227,0.999174700899074,1.5210245930046487,22.723537187822274,-0.08252991009259913,52.102459300464865,598,76
alpha,player,11113,Sebastian Szymanski,Poland,-0.2061776990732988,0.14734807697897082,0.95,-0.49622929747039396,0.07102086870697245,0.08025,0.91975,1.001110067412904,9781.763643583421,2827.101723780686,alpha_1|player_id_sigma,0.2238064787730614,0.010269322064901915,0.20445686044223468,0.24414234882650174,1.0011205461412593,1457.2457413859695,2256.1813268167707,0.8136884717478717,0.6088220237165969,1.0736036303541467,1.1085899023995618,0.965112663850773,1.2816068583767424,10.858990239956178,-3.488733614922701,28.160685837674237,10.858990239956178,1.2289715717022698,0.931442453925135,1.6425161394383034,22.89715717022698,-6.855754607486498,64.25161394383035,599,75
alpha,player,13856,Josip Sutalo,Croatia,-0.20886101015388706,0.13074360810173125,0.95,-0.46529841815121326,0.040429851952645146,0.05525,0.94475,1.001466309664538,7875.105200559158,2995.367082212151,alpha_1|player_id_sigma,0.2238064787730614,0.010269322064901915,0.20445686044223468,0.24414234882650174,1.0011205461412593,1457.2457413859695,2256.1813268167707,0.8115080191800519,0.6279476862388372,1.0412582649064972,1.1100782463832495,0.9799880257875275,1.2619387250228271,11.007824638324948,-2.001197421247247,26.193872502282712,11.007824638324948,1.2322737130933106,0.9603765306869356,1.5924893457122387,23.22737130933106,-3.9623469313064374,59.24893457122386,600,74
alpha,player,12960,Ricardo Rodriguez,Switzerland,-0.20995662998404344,0.0896171153597121,0.95,-0.38718245850361366,-0.03702844150828658,0.008,0.992,1.0005672400448429,6124.5599037798565,2987.198171233663,alpha_1|player_id_sigma,0.2238064787730614,0.010269322064901915,0.20445686044223468,0.24414234882650174,1.0011205461412593,1457.2457413859695,2256.1813268167707,0.8106194017842175,0.6789672002847983,0.9636487273360288,1.1106865248484064,1.0186866715592764,1.2136000973302645,11.068652484840635,1.868667155927639,21.360009733026452,11.068652484840635,1.2336245564798294,1.0377225348125172,1.4728251962400272,23.362455647982937,3.7722534812517194,47.28251962400272,601,73
alpha,player,12222,Majid Hosseini,Iran,-0.2121951299146722,0.11964882871825751,0.95,-0.45113972328397756,0.0188708704177805,0.0365,0.9635,1.0012149883343564,8961.741967646545,3147.5890362440337,alpha_1|player_id_sigma,0.2238064787730614,0.010269322064901915,0.20445686044223468,0.24414234882650174,1.0011205461412593,1457.2457413859695,2256.1813268167707,0.8088068597540311,0.6369018459432176,1.0190500506136968,1.111930356652322,0.9906089388374201,1.253036570250918,11.193035665232198,-0.9391061162579928,25.30365702509181,11.193035665232198,1.2363891180449598,0.9813060697045995,1.5701006463861842,23.638911804495976,-1.8693930295400452,57.01006463861842,602,72
alpha,player,13873,Pierre Kunde,Cameroon,-0.21232036036242685,0.1466939113710352,0.95,-0.5112060983931189,0.07162842258816345,0.074,0.926,1.0009270521183486,8151.800199316846,2558.828606954923,alpha_1|player_id_sigma,0.2238064787730614,0.010269322064901915,0.20445686044223468,0.24414234882650174,1.0011205461412593,1457.2457413859695,2256.1813268167707,0.8087055788506959,0.5997717586464983,1.0742561005919717,1.111999982600339,0.9648195294044153,1.2912400674137372,11.199998260033905,-3.518047059558471,29.12400674137372,11.199998260033905,1.2365439613031544,0.9308767243201573,1.667300911694633,23.654396130315437,-6.912327567984267,66.7300911694633,603,71
alpha,player,13780,Keysher Fuller,Costa Rica,-0.21472569158390944,0.1343126237276301,0.95,-0.48480854344572827,0.04955844246117094,0.05175,0.94825,1.001701097146787,10702.897357760234,2925.9451870671764,alpha_1|player_id_sigma,0.2238064787730614,0.010269322064901915,0.20445686044223468,0.24414234882650174,1.0011205461412593,1457.2457413859695,2256.1813268167707,0.8067627116292166,0.6158150873131514,1.050807002167755,1.1133381512619784,0.9755252635221522,1.274309255894803,11.333815126197845,-2.4474736477847814,27.430925589480303,11.333815126197845,1.23952183905544,0.9516495397699646,1.6238640796591668,23.95218390554399,-4.835046023003542,62.38640796591668,604,70
alpha,player,320,Fabian Schär,Switzerland,-0.21883824166297444,0.1334866902316815,0.95,-0.48787234456113693,0.036868102750627345,0.04675,0.95325,1.0040107152551692,7233.242011928725,2929.947597700267,alpha_1|player_id_sigma,0.2238064787730614,0.010269322064901915,0.20445686044223468,0.24414234882650174,1.0011205461412593,1457.2457413859695,2256.1813268167707,0.8034516726491797,0.6139312397025815,1.0375561610089312,1.1156298360726271,0.9817348165179035,1.276262866941474,11.562983607262712,-1.8265183482096492,27.626286694147396,11.562983607262712,1.2446299311354367,0.9638032499634418,1.6288469055336707,24.462993113543675,-3.61967500365582,62.88469055336707,605,69
alpha,player,8927,Ao Tanaka,Japan,-0.21965775190100742,0.14050885530690477,0.95,-0.505159011799452,0.051396559688074966,0.05625,0.94375,1.0006949152634352,7677.750381847679,2761.0345458707475,alpha_1|player_id_sigma,0.2238064787730614,0.010269322064901915,0.20445686044223468,0.24414234882650174,1.0011205461412593,1457.2457413859695,2256.1813268167707,0.802793505501872,0.6034096185488527,1.0527402848763885,1.1160870647783894,0.9746291104977296,1.2873418433576491,11.608706477838936,-2.53708895022704,28.734184335764912,11.608706477838936,1.2456503361656406,0.9499019030295955,1.6572490216594697,24.565033616564058,-5.0098096970404455,65.72490216594697,606,68
alpha,player,8026,Daley Blind,Netherlands,-0.2217756371440612,0.0813325878581553,0.95,-0.3908332188863489,-0.06485954183512961,0.001,0.999,1.0013366795906655,7836.9676101851655,2710.265113290604,alpha_1|player_id_sigma,0.2238064787730614,0.010269322064901915,0.20445686044223468,0.24414234882650174,1.0011205461412593,1457.2457413859695,2256.1813268167707,0.8010950801531899,0.6764929728825628,0.9371990913975679,1.1172695629289633,1.0329613466689986,1.2158174020045143,11.726956292896329,3.2961346668998637,21.581740200451428,11.726956292896329,1.2482912762474767,1.0670091437122313,1.4782119550170068,24.82912762474767,6.700914371223132,47.82119550170067,607,67
alpha,player,668,Przemyslaw Frankowski,Poland,-0.2243665416593658,0.12359164805562355,0.95,-0.4661102978398332,0.025180201814046094,0.037,0.963,1.0029586485554154,8085.853778757504,3041.8041585161154,alpha_1|player_id_sigma,0.2238064787730614,0.010269322064901915,0.20445686044223468,0.24414234882650174,1.0011205461412593,1457.2457413859695,2256.1813268167707,0.7990222057622057,0.6274380751662959,1.0254999008174883,1.1187178702105893,0.9874888228468447,1.26245110022211,11.871787021058932,-1.2511177153155306,26.245110022210994,11.871787021058932,1.251529673128517,0.9751341752474469,1.5937827804520157,25.152967312851704,-2.4865824752553056,59.37827804520157,608,66
alpha,player,13996,Hassan Tambakti,Saudi Arabia,-0.22877002027102844,0.14052653550873895,0.95,-0.5071034367649638,0.04653495246927858,0.04775,0.95225,1.0031768092006912,7596.721478177875,2842.787472054111,alpha_1|player_id_sigma,0.2238064787730614,0.010269322064901915,0.20445686044223468,0.24414234882650174,1.0011205461412593,1457.2457413859695,2256.1813268167707,0.795511463980017,0.6022374737652092,1.0476346958481284,1.1211837088884093,0.9770011242391534,1.2885940217604426,12.118370888840936,-2.299887576084658,28.859402176044256,12.118370888840936,1.2570529090767693,0.9545311967645697,1.6604745529167522,25.705290907676925,-4.546880323543034,66.04745529167522,609,65
alpha,player,13779,Juan Pablo Vargas,Costa Rica,-0.22895760763966705,0.16304281240538887,0.95,-0.5562141101735744,0.08505546306588707,0.07875,0.92125,0.9996345413798663,7753.540006656806,3009.4694917197253,alpha_1|player_id_sigma,0.2238064787730614,0.010269322064901915,0.20445686044223468,0.24414234882650174,1.0011205461412593,1457.2457413859695,2256.1813268167707,0.7953622500735268,0.5733756971620559,1.0887774519593618,1.1212888737710884,0.9583638882526955,1.3206275695407175,12.128887377108843,-4.163611174730453,32.062756954071745,12.128887377108843,1.257288738442836,0.918461342306825,1.7440571774310225,25.728873844283594,-8.153865769317504,74.40571774310226,610,64
alpha,player,13982,Ahmad Nourollahi,Iran,-0.23201820882353394,0.13634261395756617,0.95,-0.5089178460457032,0.0418626764194218,0.04225,0.95775,1.002851999410424,7026.922097078551,2761.4583085939753,alpha_1|player_id_sigma,0.2238064787730614,0.010269322064901915,0.20445686044223468,0.24414234882650174,1.0011205461412593,1457.2457413859695,2256.1813268167707,0.7929316848221067,0.6011457592116106,1.0427512745796557,1.1230060963966302,0.9792862018049401,1.2897635706664201,12.30060963966302,-2.071379819505992,28.97635706664201,12.30060963966302,1.2611426925439972,0.9590014650455457,1.663490068218194,26.114269254399723,-4.099853495445426,66.34900682181939,611,63
alpha,player,8033,Davy Klaassen,Netherlands,-0.23326455260647788,0.12856355284540472,0.95,-0.49076405226854114,-0.0012089658639462758,0.0245,0.9755,1.0004434659179389,7433.250506923007,3258.741637202177,alpha_1|player_id_sigma,0.2238064787730614,0.010269322064901915,0.20445686044223468,0.24414234882650174,1.0011205461412593,1457.2457413859695,2256.1813268167707,0.7919440349499175,0.6121584943708906,0.998791764640869,1.1237061403310526,1.0006046656685992,1.2781094911786668,12.370614033105266,0.060466566859918025,27.810949117866677,12.370614033105266,1.2627154898177115,1.001209696957769,1.6335638714409906,26.271548981771154,0.12096969577690686,63.35638714409906,612,62
alpha,player,13937,Angelo Preciado,Ecuador,-0.23511066022390567,0.11370193792962537,0.95,-0.4606178019573234,-0.016990305027308757,0.01625,0.98375,1.000494367102701,10162.405900751262,2929.9734370888136,alpha_1|player_id_sigma,0.2238064787730614,0.010269322064901915,0.20445686044223468,0.24414234882650174,1.0011205461412593,1457.2457413859695,2256.1813268167707,0.7904833697218646,0.6308937576842365,0.9831532162322879,1.1247438604258229,1.0085313387182966,1.2589888527581619,12.474386042582285,0.8531338718296588,25.898885275816184,12.474386042582285,1.2650487515655828,1.0171354611769197,1.5850529313693127,26.504875156558285,1.7135461176919664,58.50529313693127,613,61
alpha,player,13864,Yahia Attiat-Allah,Morocco,-0.23672767079232296,0.11245623321368799,0.95,-0.45401407016491385,-0.017321492977171785,0.0165,0.9835,1.004109818086833,7063.566347094951,2839.0729015474512,alpha_1|player_id_sigma,0.2238064787730614,0.010269322064901915,0.20445686044223468,0.24414234882650174,1.0011205461412593,1457.2457413859695,2256.1813268167707,0.7892061826496539,0.6350737975900007,0.9828276616470563,1.1256535894911806,1.0086983592599341,1.254838695802922,12.565358949118055,0.8698359259934119,25.483869580292208,12.565358949118055,1.2670960035343795,1.017472379973683,1.5746201524843781,26.709600353437946,1.7472379973682894,57.462015248437815,614,60
alpha,player,2087,Takehiro Tomiyasu,Japan,-0.23977953611261307,0.12045565218631703,0.95,-0.47398667952313345,-0.012416633910585454,0.01975,0.98025,0.9996620490674889,8847.830636617537,2865.5808177140993,alpha_1|player_id_sigma,0.2238064787730614,0.010269322064901915,0.20445686044223468,0.24414234882650174,1.0011205461412593,1457.2457413859695,2256.1813268167707,0.7868013032208943,0.6225155447163714,0.9876601344249825,1.1273725722598191,1.006227628498377,1.26743267634335,12.737257225981914,0.6227628498377102,26.743267634335012,12.737257225981914,1.270968916683721,1.0124940403534681,1.6063855890628673,27.096891668372102,1.2494040353468128,60.63855890628673,615,59
alpha,player,649,Francisco Calvo,Costa Rica,-0.2399410184815162,0.12082960738320889,0.95,-0.47807597273764274,-0.008530883645402866,0.01975,0.98025,1.0000530038417221,6557.351227495768,3232.849744820045,alpha_1|player_id_sigma,0.2238064787730614,0.010269322064901915,0.20445686044223468,0.24414234882650174,1.0011205461412593,1457.2457413859695,2256.1813268167707,0.7866742589405759,0.6199750939875843,0.9915054010888908,1.1274636013314696,1.0042745517677143,1.2700267793732007,12.746360133146961,0.42745517677142963,27.002677937320072,12.746360133146961,1.271174172327327,1.0085673753282436,1.612968020325065,27.11741723273271,0.8567375328243587,61.29680203250649,616,58
alpha,player,8402,Nicolas Ngamaleu,Cameroon,-0.2404827310935829,0.15792451580334818,0.95,-0.5475788164243399,0.06067813861900583,0.065,0.935,1.0021923614450745,9050.132252523445,2894.740667065705,alpha_1|player_id_sigma,0.2238064787730614,0.010269322064901915,0.20445686044223468,0.24414234882650174,1.0011205461412593,1457.2457413859695,2256.1813268167707,0.7862482229778651,0.5783484042283586,1.0625568631242843,1.1277690233185818,0.9701165410303226,1.314937857964259,12.776902331858174,-2.988345896967737,31.4937857964259,12.776902331858174,1.2718629699569477,0.9411261031806377,1.7290615703076337,27.186296995694768,-5.887389681936228,72.90615703076338,617,57
alpha,player,8058,Paulo Dybala,Argentina,-0.2421087017307867,0.18498366694081578,0.95,-0.6056202246185369,0.10182647592970225,0.09525,0.90475,1.0021674547334314,9021.55875471555,3167.1256887236977,alpha_1|player_id_sigma,0.2238064787730614,0.010269322064901915,0.20445686044223468,0.24414234882650174,1.0011205461412593,1457.2457413859695,2256.1813268167707,0.7849708452245346,0.5457358428466098,1.1071913307115664,1.128686255775054,0.9503611222206273,1.3536573971589163,12.86862557750541,-4.96388777793727,35.36573971589163,12.86862557750541,1.273932663975511,0.9031862626284501,1.832388348883052,27.39326639755111,-9.681373737154985,83.23883488830519,618,56
alpha,player,1938,Hakim Ziyech,Morocco,-0.24280415747906028,0.07543818838674604,0.95,-0.39536896892082407,-0.09664883426103732,0.00075,0.99925,1.0003652993925511,7649.086798925365,3235.109464164547,alpha_1|player_id_sigma,0.2238064787730614,0.010269322064901915,0.20445686044223468,0.24414234882650174,1.0011205461412593,1457.2457413859695,2256.1813268167707,0.7844251225229862,0.6734315181029142,0.90787476467408,1.129078799692618,1.0495110794746225,1.218577852911725,12.907879969261792,4.951107947462252,21.857785291172505,12.907879969261792,1.2748189359153228,1.1014735059399874,1.48493198360695,27.48189359153228,10.147350593998738,48.49319836069499,619,55
alpha,player,13799,Shuichi Gonda,Japan,-0.24385587295211017,0.12767620571902127,0.95,-0.500486259264867,-0.0004398570511526658,0.025,0.975,1.001056831784317,7203.659007568616,2872.069930729666,alpha_1|player_id_sigma,0.2238064787730614,0.010269322064901915,0.20445686044223468,0.24414234882650174,1.0011205461412593,1457.2457413859695,2256.1813268167707,0.7836005641605779,0.6062358002548037,0.9995602396717781,1.1296726906519747,1.0002199527116276,1.2843376392690788,12.967269065197474,0.021995271162755792,28.433763926907886,12.967269065197474,1.2761603880048724,1.0004399538024504,1.6495231716432703,27.616038800487242,0.043995380245043236,64.95231716432703,620,54
alpha,player,3857,Danilo Pereira,Portugal,-0.2468156844918073,0.12888351135190151,0.95,-0.5070213148911058,-0.003558846017425249,0.0235,0.9765,1.0023510076897864,7267.461624585064,2788.215466314815,alpha_1|player_id_sigma,0.2238064787730614,0.010269322064901915,0.20445686044223468,0.24414234882650174,1.0011205461412593,1457.2457413859695,2256.1813268167707,0.7812846831446264,0.6022869326658633,0.9964474791693826,1.131345737455372,1.0017810071212974,1.2885411119688583,13.134573745537192,0.17810071212973622,28.854111196885835,13.134573745537192,1.2799431776584393,1.003565186228961,1.6603381972339417,27.994317765843935,0.3565186228960959,66.03381972339417,621,53
alpha,player,13971,Ehsan Hajsafi,Iran,-0.2469867373555471,0.12890222645676544,0.95,-0.5005954788462529,0.0019199309921612152,0.0255,0.9745,1.0008544404081425,9424.788665520517,3095.3213587473406,alpha_1|player_id_sigma,0.2238064787730614,0.010269322064901915,0.20445686044223468,0.24414234882650174,1.0011205461412593,1457.2457413859695,2256.1813268167707,0.7811510535913632,0.6061695910502154,1.0019217752397558,1.1314425015573928,0.9990404951233915,1.284407778593868,13.144250155739279,-0.09595048766084524,28.44077785938679,13.144250155739279,1.280162134330451,0.9980819108963912,1.649703341712434,28.016213433045102,-0.19180891036088,64.97033417124341,622,52
alpha,player,13980,Saeid Ezatolahi,Iran,-0.24762676973130837,0.1222730204036841,0.95,-0.49703557026520034,-0.013420806859860777,0.0195,0.9805,1.0025755553985738,8748.572022152584,2983.9931606514856,alpha_1|player_id_sigma,0.2238064787730614,0.010269322064901915,0.20445686044223468,0.24414234882650174,1.0011205461412593,1457.2457413859695,2256.1813268167707,0.780651251588498,0.6083313449190595,0.9866688506283999,1.1318046394154453,1.0067329686326603,1.2821236249052153,13.180463941544529,0.6732968632660263,28.212362490521524,13.180463941544529,1.2809817418023262,1.0135112701319289,1.643840989540089,28.098174180232615,1.3511270131928876,64.38409895400889,623,51
alpha,player,13850,Grzegorz Krychowiak,Poland,-0.2485738669280424,0.10552191438539131,0.95,-0.46330215816367676,-0.04520840191499249,0.0075,0.9925,1.001329108237037,8380.949914560762,3298.0852046053533,alpha_1|player_id_sigma,0.2238064787730614,0.010269322064901915,0.20445686044223468,0.24414234882650174,1.0011205461412593,1457.2457413859695,2256.1813268167707,0.7799122489853785,0.6292024851148328,0.9557982708858503,1.1323407308387186,1.022861611770938,1.2606797745337266,13.234073083871856,2.286161177093793,26.06797745337266,13.234073083871856,1.2821955307163635,1.0462458768346408,1.589313493918408,28.219553071636348,4.6245876834640764,58.93134939184079,624,50
alpha,player,13975,Milad Mohammadi,Iran,-0.2489596808870554,0.13299517650720552,0.95,-0.5103281804643776,0.007671296945590012,0.028,0.972,1.0017027185130256,8170.630209220953,2670.851145251643,alpha_1|player_id_sigma,0.2238064787730614,0.010269322064901915,0.20445686044223468,0.24414234882650174,1.0011205461412593,1457.2457413859695,2256.1813268167707,0.7796114059913598,0.6002985402282301,1.0077007967296239,1.1325591883391877,0.9961716982306829,1.2906733903940695,13.255918833918766,-0.3828301769317144,29.067339039406946,13.255918833918766,1.2826903150915197,0.9923580523558025,1.665837800671322,28.269031509151965,-0.7641947644197455,66.5837800671322,625,49
alpha,player,37,Virgil van Dijk,Netherlands,-0.24926302382388849,0.07805930874023465,0.95,-0.40084134763938195,-0.09635776229048915,0.00075,0.99925,1.0030169221212524,6764.986837396232,3097.476542980582,alpha_1|player_id_sigma,0.2238064787730614,0.010269322064901915,0.20445686044223468,0.24414234882650174,1.0011205461412593,1457.2457413859695,2256.1813268167707,0.7793749522429781,0.6697563110290894,0.9081390600334642,1.1327309782818389,1.0493583489597778,1.2219166784126452,13.27309782818389,4.935834895977775,22.19166784126452,13.27309782818389,1.2830794691593317,1.1011529445315906,1.4930803689829915,28.30794691593317,10.115294453159063,49.30803689829914,626,48
alpha,player,9993,Kalidou Koulibaly,Senegal,-0.25049201684287964,0.09055443099799472,0.95,-0.431043432548131,-0.07433266517506319,0.00225,0.99775,1.0026091069160317,5972.361388661775,3047.1071109446025,alpha_1|player_id_sigma,0.2238064787730614,0.010269322064901915,0.20445686044223468,0.24414234882650174,1.0011205461412593,1457.2457413859695,2256.1813268167707,0.7784176942196978,0.6498306863592626,0.9283628084902276,1.1334272514209878,1.0378656373588548,1.2405089218623357,13.342725142098777,3.7865637358854842,24.050892186233575,13.342725142098777,1.2846573342637349,1.077165081210302,1.5388623852200547,28.465733426373486,7.716508121030197,53.88623852200547,627,47
alpha,player,12154,Famara Diedhiou,Senegal,-0.25101237244473656,0.17136888883330087,0.95,-0.59450120601971,0.07396838543049153,0.06975,0.93025,1.0011362161008879,7413.248955921719,2776.4065366580403,alpha_1|player_id_sigma,0.2238064787730614,0.010269322064901915,0.20445686044223468,0.24414234882650174,1.0011205461412593,1457.2457413859695,2256.1813268167707,0.77801274557971,0.5518377505799715,1.0767727632507387,1.1337221823963575,0.9636913685725335,1.3461526070762364,13.372218239635746,-3.6308631427466542,34.61526070762364,13.372218239635746,1.2853259868575595,0.9287010538612024,1.812126841538148,28.53259868575595,-7.129894613879761,81.21268415381479,628,46
alpha,player,1522,Frenkie de Jong,Netherlands,-0.2518927280276034,0.07172750554611265,0.95,-0.3933950065798755,-0.11446462734700542,0.00025,0.99975,1.0002227134489197,6298.98861435702,3045.9702759509278,alpha_1|player_id_sigma,0.2238064787730614,0.010269322064901915,0.20445686044223468,0.24414234882650174,1.0011205461412593,1457.2457413859695,2256.1813268167707,0.7773281191171785,0.6747621594447328,0.8918434847302944,1.134221331571835,1.0589017791856383,1.217375732848663,13.422133157183502,5.8901779185638325,21.737573284866297,13.422133157183502,1.2864580289925867,1.1212729779625106,1.4820036749288192,28.645802899258666,12.127297796251057,48.200367492881924,629,45
alpha,player,133,Bruno Fernandes,Portugal,-0.2548643911979641,0.08717394578122652,0.95,-0.4295478228817981,-0.08550614896240082,0.00125,0.99875,1.0003849817244868,7497.0565442239895,2974.504916949707,alpha_1|player_id_sigma,0.2238064787730614,0.010269322064901915,0.20445686044223468,0.24414234882650174,1.0011205461412593,1457.2457413859695,2256.1813268167707,0.7750215905846286,0.6508033065640508,0.9180474979972559,1.1359078460788556,1.043680151767314,1.2395816100623176,13.590784607885563,4.368015176731399,23.95816100623176,13.590784607885563,1.2902866347835051,1.0892682591930434,1.5365625680046877,29.028663478350513,8.926825919304338,53.65625680046877,630,44
alpha,player,13942,Meshaal Barsham,Qatar,-0.25598457907063416,0.14522447881805414,0.95,-0.5409150138578775,0.02622605700574041,0.03675,0.96325,1.0000850068653993,7888.877144114172,3376.369986234032,alpha_1|player_id_sigma,0.2238064787730614,0.010269322064901915,0.20445686044223468,0.24414234882650174,1.0011205461412593,1457.2457413859695,2256.1813268167707,0.7741539068729162,0.5822152735261158,1.0265729862610184,1.1365442393790575,0.9869725726832801,1.3105639056630571,13.654423937905747,-1.3027427316719908,31.056390566305716,13.654423937905747,1.2917328080657202,0.9741148592290525,1.7175777508268066,29.173280806572023,-2.58851407709475,71.75777508268067,631,43
alpha,player,3895,Ismail Jakobs,Senegal,-0.2563039631602669,0.10976703894959554,0.95,-0.4688760275324234,-0.047471474750828704,0.006,0.994,1.0008884997819782,8082.5030420152325,2933.323952780572,alpha_1|player_id_sigma,0.2238064787730614,0.010269322064901915,0.20445686044223468,0.24414234882650174,1.0011205461412593,1457.2457413859695,2256.1813268167707,0.7739066939121786,0.6257051485594665,0.9536376754969601,1.1367257509452589,1.0240196720052492,1.2641981071275892,13.672575094525886,2.4019672005249237,26.419810712758917,13.672575094525886,1.292145432862063,1.048616288653738,1.5981968540649796,29.214543286206297,4.861628865373802,59.81968540649796,632,42
alpha,player,13784,Johan Venegas,Costa Rica,-0.2565611223850183,0.17195800758334237,0.95,-0.6055306811152663,0.08289276857101048,0.066,0.934,1.0010445944474289,9449.207135978095,3170.9659288812722,alpha_1|player_id_sigma,0.2238064787730614,0.010269322064901915,0.20445686044223468,0.24414234882650174,1.0011205461412593,1457.2457413859695,2256.1813268167707,0.773707702254109,0.5457847121337696,1.086425303364071,1.136871920098678,0.9594007729204557,1.3535967929028208,13.687192009867811,-4.059922707954433,35.359679290282074,13.687192009867811,1.2924777627088553,0.9204498430803677,1.8322242777568019,29.247776270885527,-7.955015691963229,83.22242777568019,633,41
alpha,player,27,Bernardo Silva,Portugal,-0.25726322339622887,0.08005943400260818,0.95,-0.4149525369937974,-0.10021625225153863,0.00025,0.99975,1.0005845179212391,8562.212067695802,3048.636132141974,alpha_1|player_id_sigma,0.2238064787730614,0.010269322064901915,0.20445686044223468,0.24414234882650174,1.0011205461412593,1457.2457413859695,2256.1813268167707,0.7731646719473458,0.6603716231836201,0.9046417660628853,1.1372710896212692,1.0513847723923713,1.2305685132530826,13.727108962126922,5.138477239237127,23.05685132530826,13.727108962126922,1.293385531288349,1.1054099396185584,1.5142988658099024,29.33855312883491,10.540993961855838,51.429886580990235,634,40
alpha,player,13935,Hernan Galindez,Ecuador,-0.2572650032472725,0.1461544743965524,0.95,-0.5414965847475333,0.016208045044203652,0.03625,0.96375,1.000317910307177,6970.4378399222005,2891.8189026940254,alpha_1|player_id_sigma,0.2238064787730614,0.010269322064901915,0.20445686044223468,0.24414234882650174,1.0011205461412593,1457.2457413859695,2256.1813268167707,0.7731632958306223,0.5818767725122288,1.016340107935309,1.1372721017082874,0.9919287265423201,1.3109450539848473,13.72721017082874,-0.8071273457679884,31.094505398484728,13.72721017082874,1.2933878333239852,0.983922598539869,1.7185769345673338,29.33878333239852,-1.6077401460131036,71.85769345673339,635,39
alpha,player,13371,Bryan Oviedo,Costa Rica,-0.26090617303867314,0.12483003787276806,0.95,-0.5013029777763762,-0.022513454877359926,0.016,0.984,1.0005379818670623,7911.407870221053,2921.4422800683697,alpha_1|player_id_sigma,0.2238064787730614,0.010269322064901915,0.20445686044223468,0.24414234882650174,1.0011205461412593,1457.2457413859695,2256.1813268167707,0.7703531961238242,0.605740878387832,0.977738081758854,1.1393444880241559,1.0113203227961836,1.284862217532493,13.934448802415588,1.1320322796183557,28.486221753249307,13.934448802415588,1.298105862391026,1.0227687953005768,1.6508709180425158,29.810586239102598,2.276879530057685,65.08709180425159,636,38
alpha,player,13999,Salman Al-Faraj,Saudi Arabia,-0.2614317247614903,0.16988775499200584,0.95,-0.5967014639210453,0.06859517260547603,0.05775,0.94225,1.0010341120268964,8179.016166060069,3300.4871445746594,alpha_1|player_id_sigma,0.2238064787730614,0.010269322064901915,0.20445686044223468,0.24414234882650174,1.0011205461412593,1457.2457413859695,2256.1813268167707,0.7699484420433421,0.550624899990347,1.071002550203831,1.1396439195934087,0.9662839089914945,1.347634363443391,13.964391959340873,-3.3716091008505478,34.76343634433909,13.964391959340873,1.298788263466228,0.9337045927758829,1.8161183775334733,29.8788263466228,-6.629540722411709,81.61183775334733,637,37
alpha,player,14028,Issam Jebali,Tunisia,-0.26246504004887083,0.14183701415093317,0.95,-0.5460397081106328,0.007635040529211143,0.0295,0.9705,1.001378652774164,7715.448809468685,3002.951932812115,alpha_1|player_id_sigma,0.2238064787730614,0.010269322064901915,0.20445686044223468,0.24414234882650174,1.0011205461412593,1457.2457413859695,2256.1813268167707,0.7691532534586989,0.5792392304286782,1.0076642617722695,1.1402328774672443,0.9961897572023086,1.3139263313318408,14.023287746724433,-0.38102427976913766,31.392633133184077,14.023287746724433,1.300131014857232,0.9923940323547946,1.7264024041671504,30.013101485723205,-0.760596764520538,72.64024041671505,638,36
alpha,player,13977,Morteza Pouraliganji,Iran,-0.2673756288375719,0.10963584884758543,0.95,-0.4886274131723564,-0.061032998084735224,0.005,0.995,1.0018357154659199,7105.545243331143,2867.7118579460566,alpha_1|player_id_sigma,0.2238064787730614,0.010269322064901915,0.20445686044223468,0.24414234882650174,1.0011205461412593,1457.2457413859695,2256.1813268167707,0.7653855165899122,0.6134678544598765,0.9407921949232358,1.1430359246043316,1.0309869002050018,1.2767447909224139,14.303592460433157,3.0986900205001833,27.674479092241388,14.303592460433157,1.3065311249360791,1.0629339883943183,1.6300772611475185,30.653112493607914,6.29339883943183,63.00772611475185,639,35
alpha,player,13976,Sadegh Moharrami,Iran,-0.26781568327004107,0.17115100069358305,0.95,-0.6078327717760438,0.058461482327155215,0.055,0.945,1.0023124580844365,9870.688216251727,2877.570935721796,alpha_1|player_id_sigma,0.2238064787730614,0.010269322064901915,0.20445686044223468,0.24414234882650174,1.0011205461412593,1457.2457413859695,2256.1813268167707,0.7650487793975702,0.5445297113622014,1.0602041483115885,1.1432874512872215,0.9711923445591139,1.355155741208483,14.328745128722154,-2.880765544088615,35.51557412084829,14.328745128722154,1.307106196270831,0.9432145701302285,1.8364470829303128,30.7106196270831,-5.678542986977153,83.64470829303127,640,34
alpha,player,5968,Lovro Majer,Croatia,-0.27045602926803314,0.1216318615608081,0.95,-0.5109496514490097,-0.034072049522181326,0.0125,0.9875,1.0019490376910996,7048.611146121477,2886.2146235490172,alpha_1|player_id_sigma,0.2238064787730614,0.010269322064901915,0.20445686044223468,0.24414234882650174,1.0011205461412593,1457.2457413859695,2256.1813268167707,0.7630314503099823,0.5999255880048576,0.9665018661311842,1.1447977852421973,1.0171819654024972,1.2910745107433899,14.479778524219732,1.7181965402497168,29.107451074338986,14.479778524219732,1.3105619690954402,1.0346591507400869,1.6668733922912835,31.05619690954402,3.4659150740086853,66.68733922912836,641,33
alpha,player,4404,Alidu Seidu,Ghana,-0.2743211557150315,0.13048621863939064,0.95,-0.5470286063691812,-0.022529765754834813,0.0165,0.9835,1.000530160803456,6867.626659265247,2918.317089662039,alpha_1|player_id_sigma,0.2238064787730614,0.010269322064901915,0.20445686044223468,0.24414234882650174,1.0011205461412593,1457.2457413859695,2256.1813268167707,0.7600879294760957,0.5786667048938335,0.9777221341228602,1.147012318513842,1.0113285705907522,1.3145761617030898,14.701231851384211,1.1328570590752207,31.457616170308977,14.701231851384211,1.3156372588224996,1.022785477693134,1.7281104849180278,31.563725882249962,2.2785477693133993,72.81104849180278,642,32
alpha,player,1452,Nestor Araujo,Mexico,-0.27551586488236307,0.1376336730103874,0.95,-0.5571969352056284,-0.011049357827375096,0.0215,0.9785,1.0001376219998899,7444.952913449052,2831.3648622994892,alpha_1|player_id_sigma,0.2238064787730614,0.010269322064901915,0.20445686044223468,0.24414234882650174,1.0011205461412593,1457.2457413859695,2256.1813268167707,0.7591803876909646,0.5728124460081194,0.9890114621136175,1.147697696266218,1.0055399680952093,1.3212767019402298,14.769769626621798,0.5539968095209291,32.12767019402298,14.769769626621798,1.3172100020147839,1.0111106274369146,1.7457721230900511,31.72100020147839,1.11106274369146,74.57721230900512,643,31
alpha,player,13978,Ramin Rezaeian,Iran,-0.2761983907162312,0.11724692587699778,0.95,-0.5070715186529245,-0.04302357012623341,0.00975,0.99025,1.0017403599770978,8303.316564874667,3136.558231684963,alpha_1|player_id_sigma,0.2238064787730614,0.010269322064901915,0.20445686044223468,0.24414234882650174,1.0011205461412593,1457.2457413859695,2256.1813268167707,0.7586624042524468,0.6022566963551439,0.9578888122407285,1.1480894297680613,1.0217448315937578,1.2885734571803589,14.808942976806128,2.174483159375784,28.857345718035887,14.808942976806128,1.3181093387451521,1.0439625008885567,1.6604215545497423,31.810933874515214,4.396250088855669,66.04215545497422,644,30
alpha,player,3848,Abdou Diallo,Senegal,-0.27656596047283,0.0966060457975692,0.95,-0.4669552152730594,-0.09309948696236826,0.00175,0.99825,1.0004811372249613,8879.153030486303,2981.640369444339,alpha_1|player_id_sigma,0.2238064787730614,0.010269322064901915,0.20445686044223468,0.24414234882650174,1.0011205461412593,1457.2457413859695,2256.1813268167707,0.7583835941413966,0.6269081656947179,0.9111028529318567,1.1483004506348162,1.0476501915399856,1.2629845463652494,14.830045063481624,4.765019153998562,26.298454636524937,14.830045063481624,1.318593924928122,1.0975709238337685,1.5951299643574346,31.859392492812198,9.757092383376854,59.51299643574346,645,29
alpha,player,14032,David Wotherspoon,Canada,-0.27730721729957997,0.18460960821772116,0.95,-0.6462686855862757,0.06949715956091272,0.06825,0.93175,1.0002450448383224,7299.826174702561,3246.371688008433,alpha_1|player_id_sigma,0.2238064787730614,0.010269322064901915,0.20445686044223468,0.24414234882650174,1.0011205461412593,1457.2457413859695,2256.1813268167707,0.7578216454248361,0.5239973323619956,1.0719690163377522,1.1487261222870446,0.9658482195048583,1.3814509264160224,14.872612228704462,-3.415178049514167,38.14509264160224,14.872612228704462,1.3195717040246302,0.932862783120705,1.9084066620956863,31.95717040246302,-6.713721687929497,90.84066620956864,646,28
alpha,player,3316,Joel Campbell,Costa Rica,-0.2778585154312012,0.1009481503898326,0.95,-0.4810655437719378,-0.08125975591505816,0.00175,0.99825,1.0020339980388626,9551.333834452631,2675.765687433472,alpha_1|player_id_sigma,0.2238064787730614,0.010269322064901915,0.20445686044223468,0.24414234882650174,1.0011205461412593,1457.2457413859695,2256.1813268167707,0.7574039749086774,0.6181244021703249,0.9219541772873823,1.1490428112150237,1.041466564469249,1.2719266165802212,14.904281121502372,4.14665644692489,27.19266165802212,14.904281121502372,1.3202993820049245,1.0846526049073804,1.6177973179652092,32.029938200492445,8.465260490738036,61.77973179652092,647,27
alpha,player,9939,Jakub Kaminski,Poland,-0.27947976650086676,0.13639676979764373,0.95,-0.5523146303068697,-0.013207026604194637,0.02,0.98,1.0015569423535422,10559.42477236383,2500.7065000570165,alpha_1|player_id_sigma,0.2238064787730614,0.010269322064901915,0.20445686044223468,0.24414234882650174,1.0011205461412593,1457.2457413859695,2256.1813268167707,0.7561770277676181,0.575615929180287,0.9868798034955206,1.1499746322863618,1.006625364567958,1.318055197774179,14.997463228636176,0.6625364567957925,31.8055197774179,14.997463228636176,1.3224416549021527,1.0132946245915742,1.7372695043795303,32.24416549021527,1.3294624591574156,73.72695043795304,648,26
alpha,player,2071,Alex Telles,Brazil,-0.28050466273704744,0.14920507835742006,0.95,-0.5741247698048417,0.017197150039299117,0.03125,0.96875,0.9997716624262374,7800.344011577954,2720.7170820768415,alpha_1|player_id_sigma,0.2238064787730614,0.010269322064901915,0.20445686044223468,0.24414234882650174,1.0011205461412593,1457.2457413859695,2256.1813268167707,0.7554024217911522,0.5631975806858025,1.0173458723340816,1.1505640856417605,0.9914382869972663,1.3325073392230855,15.05640856417605,-0.8561713002733673,33.25073392230855,15.05640856417605,1.3237977151686602,0.9829498769240739,1.7755758090833873,32.379771516866015,-1.7050123075926127,77.55758090833874,649,25
alpha,player,474,Cheikhou Kouyaté,Senegal,-0.2809537676284766,0.1518174438458487,0.95,-0.5866094939721824,0.00529105634487463,0.026,0.974,1.0003097037999804,8820.312727041024,3241.326321427185,alpha_1|player_id_sigma,0.2238064787730614,0.010269322064901915,0.20445686044223468,0.24414234882650174,1.0011205461412593,1457.2457413859695,2256.1813268167707,0.7550632430376479,0.5562099244819942,1.0053050787036186,1.1508224766312212,0.9973579681533292,1.3408513485823639,15.082247663122118,-0.2642031846670778,34.08513485823639,15.082247663122118,1.3243923727196178,0.9947229166389373,1.7978823389951437,32.43923727196179,-0.5277083361062695,79.78823389951437,650,24
alpha,player,13972,Abolfazl Jalali,Iran,-0.28104848731360427,0.16085439271144472,0.95,-0.6051360477737241,0.020962043909025764,0.03475,0.96525,1.0020353722390767,8685.288193463917,2597.7197882286096,alpha_1|player_id_sigma,0.2238064787730614,0.010269322064901915,0.20445686044223468,0.24414234882650174,1.0011205461412593,1457.2457413859695,2256.1813268167707,0.7549917270720543,0.5460001394830931,1.0211832907760419,1.1508769806931751,0.9895737125646248,1.3533297320387254,15.087698069317511,-1.0426287435375214,35.33297320387254,15.087698069317511,1.324517824689439,0.9792561325989346,1.8315013636200086,32.45178246894389,-2.0743867401065375,83.15013636200086,651,23
alpha,player,14022,Aissa Laidouni,Tunisia,-0.2816251925161201,0.1060479927363428,0.95,-0.4905320262420132,-0.08373420543616264,0.003,0.997,1.0011645092477155,9065.172905919366,3108.4743088337973,alpha_1|player_id_sigma,0.2238064787730614,0.010269322064901915,0.20445686044223468,0.24414234882650174,1.0011205461412593,1457.2457413859695,2256.1813268167707,0.7545564449419941,0.6123005475533253,0.9196756684051096,1.1512088869149972,1.0427558901184395,1.2779612224460315,15.120888691499722,4.27558901184395,27.79612224460315,15.120888691499722,1.3252819013120671,1.087339846376699,1.633184886075755,32.52819013120671,8.7339846376699,63.318488607575496,652,22
alpha,player,13872,Collins Fai,Cameroon,-0.2925372992957001,0.10848544894386357,0.95,-0.5089172717341582,-0.08755904078741873,0.00375,0.99625,1.002691341780355,7696.275260948389,2741.2616930631266,alpha_1|player_id_sigma,0.2238064787730614,0.010269322064901915,0.20445686044223468,0.24414234882650174,1.0011205461412593,1457.2457413859695,2256.1813268167707,0.746367405538128,0.6011461044566595,0.9161647789641005,1.1575071101618972,1.0447519829873435,1.289763200303419,15.750711016189722,4.475198298734351,28.976320030341896,15.750711016189722,1.3398227100753466,1.0915067059559866,1.663489112856917,33.982271007534656,9.150670595598665,66.34891128569168,653,21
alpha,player,3387,Orbelín Pineda,Mexico,-0.29314096164838604,0.15677722579480882,0.95,-0.6053275364415719,0.006522803471878146,0.029,0.971,1.004185879086418,8319.06896155678,2770.9984082642222,alpha_1|player_id_sigma,0.2238064787730614,0.010269322064901915,0.20445686044223468,0.24414234882650174,1.0011205461412593,1457.2457413859695,2256.1813268167707,0.7459169875979875,0.5458955966534419,1.0065441232842185,1.1578565346255285,0.9967439108576326,1.3534593118956686,15.785653462552851,-0.3256089142367413,35.34593118956686,15.785653462552851,1.3406317547750377,0.9934984238317681,1.8318521089570965,34.06317547750377,-0.6501576168231882,83.18521089570964,654,20
alpha,player,13946,Pedro Miguel,Qatar,-0.2967592311680338,0.11635131462271067,0.95,-0.5320007950945305,-0.0697383124465183,0.00425,0.99575,1.0006458262054696,8437.16450867062,2664.6916508428717,alpha_1|player_id_sigma,0.2238064787730614,0.010269322064901915,0.20445686044223468,0.24414234882650174,1.0011205461412593,1457.2457413859695,2256.1813268167707,0.7432229357396177,0.5874284691031749,0.9326378476916853,1.1599531490864123,1.0354842132702233,1.3047355773808855,15.995314908641234,3.548421327022333,30.47355773808855,15.995314908641234,1.3454913080754847,1.0722275559318535,1.7023349268834325,34.549130807548465,7.222755593185348,70.23349268834325,655,19
alpha,player,17,João Cancelo,Portugal,-0.2983703830620071,0.08276820386169073,0.95,-0.4609479442870956,-0.13836027035375545,0.0,1.0,1.0018224723073168,6827.18515121206,3103.5249965259713,alpha_1|player_id_sigma,0.2238064787730614,0.010269322064901915,0.20445686044223468,0.24414234882650174,1.0011205461412593,1457.2457413859695,2256.1813268167707,0.7420264548141308,0.6306855073272565,0.8707849172371877,1.1608879559213445,1.0716292298837846,1.2591966926683815,16.088795592134453,7.162922988378462,25.919669266838152,16.088795592134453,1.3476608462032376,1.1483892063413133,1.5855763108269902,34.76608462032375,14.838920634131325,58.557631082699025,656,18
alpha,player,13983,Mehdi Torabi,Iran,-0.29935078125684184,0.14942643037657305,0.95,-0.5994190678175682,-0.017301774907162486,0.01875,0.98125,1.004012603210195,8630.488982153078,2963.4520170820224,alpha_1|player_id_sigma,0.2238064787730614,0.010269322064901915,0.20445686044223468,0.24414234882650174,1.0011205461412593,1457.2457413859695,2256.1813268167707,0.7412993299115239,0.5491305510605413,0.9828470413027598,1.161457161650209,1.0086884145165238,1.3494667763031252,16.145716165020897,0.8688414516523801,34.946677630312514,16.145716165020897,1.3489827383485598,1.0174523175798587,1.821060580345949,34.89827383485598,1.7452317579858656,82.1060580345949,657,17
alpha,player,12862,Wajdi Kechrida,Tunisia,-0.3027359963401724,0.14361692435736242,0.95,-0.5985801840284307,-0.025396531001971846,0.0155,0.9845,1.0003700411741847,8527.776671247182,2597.8710443957693,alpha_1|player_id_sigma,0.2238064787730614,0.010269322064901915,0.20445686044223468,0.24414234882650174,1.0011205461412593,1457.2457413859695,2256.1813268167707,0.73879411497675,0.549591401050713,0.9749232480788711,1.1634247174815178,1.012779230817761,1.348900872092079,16.342471748151777,1.2779230817761,34.8900872092079,16.342471748151777,1.3535570732469495,1.0257217703758155,1.8195335627307712,35.355707324694954,2.5721770375815467,81.95335627307712,658,16
alpha,player,7649,Mohamed Drager,Tunisia,-0.3039727253534716,0.15166108857486912,0.95,-0.6069940947339777,-0.012343307712241897,0.01875,0.98125,1.0009659191318845,8877.779527348337,2718.5324530081607,alpha_1|player_id_sigma,0.2238064787730614,0.010269322064901915,0.20445686044223468,0.24414234882650174,1.0011205461412593,1457.2457413859695,2256.1813268167707,0.7378809916193629,0.5449865874888232,0.9877325584431519,1.1641443605108897,1.0061907377513128,1.3545875913360843,16.414436051088966,0.6190737751312847,35.45875913360843,16.414436051088966,1.355232092109308,1.0124198007365313,1.8349075426016945,35.523209210930794,1.2419800736531261,83.49075426016945,659,15
alpha,player,4021,Jérémy Doku,Belgium,-0.3098455866687194,0.16797887940970216,0.95,-0.6436558162313851,0.007231008477481434,0.0275,0.9725,1.0001396012587134,6264.265637849415,2907.0819657610064,alpha_1|player_id_sigma,0.2238064787730614,0.010269322064901915,0.20445686044223468,0.24414234882650174,1.0011205461412593,1457.2457413859695,2256.1813268167707,0.7335602189565303,0.5253682591801513,1.007257215348569,1.1675678136073784,0.9963910238269232,1.3796473294179221,16.75678136073784,-0.3608976173076761,37.964732941792214,16.75678136073784,1.363214599371914,0.9927950723628644,1.9034267535700042,36.321459937191406,-0.720492763713565,90.34267535700042,660,14
alpha,player,13861,Bruno Petkovic,Croatia,-0.315575966752893,0.1253658708253329,0.95,-0.5545746050069612,-0.07238806831631926,0.00475,0.99525,1.001163658513248,8656.661067136198,2747.116489865704,alpha_1|player_id_sigma,0.2238064787730614,0.010269322064901915,0.20445686044223468,0.24414234882650174,1.0011205461412593,1457.2457413859695,2256.1813268167707,0.7293686611668513,0.5743165206116742,0.9301698563117116,1.1709179143261617,1.036857012651321,1.3195454252848748,17.091791432616166,3.685701265132102,31.954542528487483,17.091791432616166,1.3710487620899285,1.0750724646842216,1.741200129390241,37.104876208992856,7.507246468422157,74.12001293902411,661,13
alpha,player,14019,Yassine Meriah,Tunisia,-0.32463656527694507,0.09360289139442063,0.95,-0.5112571633695246,-0.1381162139932882,0.0005,0.9995,1.0012130037481193,6731.14418782603,2606.441407263161,alpha_1|player_id_sigma,0.2238064787730614,0.010269322064901915,0.20445686044223468,0.24414234882650174,1.0011205461412593,1457.2457413859695,2256.1813268167707,0.7227899928939637,0.5997411320977729,0.87099746377045,1.1762345567869794,1.0714984688974016,1.291273036406414,17.62345567869794,7.1498468897401635,29.1273036406414,17.62345567869794,1.3835277325798618,1.1481089688494759,1.6673860545502401,38.352773257986186,14.810896884947589,66.73860545502401,662,12
alpha,player,13860,Marko Livaja,Croatia,-0.326081198690406,0.13524485518008758,0.95,-0.5975602475758784,-0.07117295627318034,0.005,0.995,1.0009697975958998,8660.458448839687,3152.7792427860495,alpha_1|player_id_sigma,0.2238064787730614,0.010269322064901915,0.20445686044223468,0.24414234882650174,1.0011205461412593,1457.2457413859695,2256.1813268167707,0.7217465801752165,0.55015223531369,0.9313008038811331,1.1770844775774203,1.0362272552555987,1.3482131508798036,17.70844775774203,3.6227255255598667,34.821315087980366,17.70844775774203,1.3855278673537084,1.0737669245345516,1.8176787002052484,38.55278673537084,7.376692453455158,81.76787002052484,663,11
alpha,player,1289,Mark-Anthony Kaye,Canada,-0.33428549159564874,0.1345177116638561,0.95,-0.6059262314247029,-0.07733868791257459,0.00475,0.99525,1.0002675694578795,7336.459801205206,3066.094351272637,alpha_1|player_id_sigma,0.2238064787730614,0.010269322064901915,0.20445686044223468,0.24414234882650174,1.0011205461412593,1457.2457413859695,2256.1813268167707,0.7158493840687167,0.5455688695131212,0.9255763190028907,1.181922967804295,1.0394267340902315,1.353864527192686,18.19229678042951,3.9426734090231452,35.38645271926859,18.19229678042951,1.3969419018233127,1.0804079355414848,1.8329491579906751,39.69419018233127,8.040793554148484,83.29491579906751,664,10
alpha,player,4795,Woo-yeong Jeong,South Korea,-0.33925525099625836,0.17082077982098065,0.95,-0.6827405151618178,-0.013721695267774697,0.02225,0.97775,1.0006431085632073,7664.193129920423,2632.0816345901912,alpha_1|player_id_sigma,0.2238064787730614,0.010269322064901915,0.20445686044223468,0.24414234882650174,1.0011205461412593,1457.2457413859695,2256.1813268167707,0.7123006104424803,0.5052305015341109,0.9863720180677739,1.1848635561854173,1.0068844371662191,1.406874050221891,18.48635561854173,0.6884437166219115,40.687405022189104,18.48635561854173,1.4039016467763537,1.013816269807534,1.9792945931877484,40.39016467763537,1.381626980753392,97.92945931877483,665,9
alpha,player,14027,Naim Sliti,Tunisia,-0.35725517058888395,0.13937834324007126,0.95,-0.6422184376610784,-0.09058807486402713,0.00375,0.99625,1.0010332970269595,7932.117404676061,2694.8283256755826,alpha_1|player_id_sigma,0.2238064787730614,0.010269322064901915,0.20445686044223468,0.24414234882650174,1.0011205461412593,1457.2457413859695,2256.1813268167707,0.6995939591541454,0.5261239552379665,0.9133938833160914,1.195575411383989,1.0463354764776358,1.3786561478834165,19.557541138398893,4.633547647763581,37.86561478834165,19.557541138398893,1.4294005643059942,1.0948179293356812,1.9006927740967408,42.94005643059941,9.481792933568123,90.06927740967407,666,8
alpha,player,8419,Gonzalo Montiel,Argentina,-0.358238481080008,0.1340749352641816,0.95,-0.6277039444221725,-0.10254248370472362,0.00325,0.99675,1.0042395057829498,8195.173520991373,3264.75379411939,alpha_1|player_id_sigma,0.2238064787730614,0.010269322064901915,0.20445686044223468,0.24414234882650174,1.0011205461412593,1457.2457413859695,2256.1813268167707,0.6989063791822837,0.5338160663350746,0.9025398057038259,1.1961633668303069,1.052608366008386,1.3686871178233786,19.61633668303069,5.260836600838603,36.86871178233786,19.61633668303069,1.430806800146815,1.1079843721908442,1.873304426495667,43.080680014681505,10.798437219084423,87.3304426495667,667,7
alpha,player,8564,Pepe,Portugal,-0.36418929144837897,0.07804597021466145,0.95,-0.5148683343071772,-0.2136994236778732,0.0,1.0,1.0008511100148048,6007.034655799746,3007.332909358787,alpha_1|player_id_sigma,0.2238064787730614,0.010269322064901915,0.20445686044223468,0.24414234882650174,1.0011205461412593,1457.2457413859695,2256.1813268167707,0.6947596702308174,0.597579270127309,0.8075910913049802,1.1997277376071254,1.112767006204868,1.2936066463693652,19.972773760712535,11.276700620486801,29.36066463693652,19.972773760712535,1.4393466443839116,1.2382504100981448,1.6734181555309955,43.93466443839116,23.825041009814484,67.34181555309955,668,6
alpha,player,4142,Dylan Bronn,Tunisia,-0.38286736476134314,0.11559907266838469,0.95,-0.6182473147170554,-0.15775056689099712,0.0005,0.9995,1.001825960739315,5759.920245948619,2820.983928612147,alpha_1|player_id_sigma,0.2238064787730614,0.010269322064901915,0.20445686044223468,0.24414234882650174,1.0011205461412593,1457.2457413859695,2256.1813268167707,0.6819033377001344,0.5388881116337155,0.8540627869383611,1.2109845208664953,1.0820693616920711,1.3622308099524825,21.098452086649534,8.206936169207113,36.223080995248246,21.098452086649534,1.4664835097782554,1.1708741035126864,1.8556727795837964,46.64835097782554,17.087410351268637,85.56727795837963,669,5
alpha,player,13995,Abdulelah Al-Amri,Saudi Arabia,-0.39030426414218017,0.11706809107640234,0.95,-0.6250907637539412,-0.1670277119256064,0.00025,0.99975,1.0039702536477215,7169.523514517592,2585.0629231801886,alpha_1|player_id_sigma,0.2238064787730614,0.010269322064901915,0.20445686044223468,0.24414234882650174,1.0011205461412593,1457.2457413859695,2256.1813268167707,0.6768509017056948,0.5352128483870888,0.8461761618414276,1.2154958883315174,1.0871002780095385,1.3668999722526143,21.549588833151745,8.710027800953846,36.68999722526143,21.549588833151745,1.4774302545508247,1.1817870144484155,1.8684155341441975,47.74302545508247,18.17870144484155,86.84155341441975,670,4
alpha,player,8022,Jurrien Timber,Netherlands,-0.4166385416990707,0.07672458337105693,0.95,-0.5690389163320669,-0.26581076566100675,0.0,1.0,0.9999183495391935,6053.356176688388,3358.2593999081137,alpha_1|player_id_sigma,0.2238064787730614,0.010269322064901915,0.20445686044223468,0.24414234882650174,1.0011205461412593,1457.2457413859695,2256.1813268167707,0.6592591715825428,0.5660692172289472,0.7665841778265088,1.2316063227813123,1.142141926981978,1.3291231753477766,23.16063227813123,14.214192698197792,32.91231753477766,23.16063227813123,1.516854134314906,1.3044881813701057,1.7665684152465566,51.6854134314906,30.44881813701057,76.65684152465566,671,3
alpha,player,4590,Exequiel Palacios,Argentina,-0.4220608469447987,0.151832772729044,0.95,-0.7303792201669179,-0.12873282847334772,0.00275,0.99725,1.002236091251964,8335.559327558743,2674.734074179435,alpha_1|player_id_sigma,0.2238064787730614,0.010269322064901915,0.20445686044223468,0.24414234882650174,1.0011205461412593,1457.2457413859695,2256.1813268167707,0.6556941411943982,0.4817262751293298,0.879208833735495,1.2349499259548598,1.066483101769222,1.4407871700268309,23.494992595485975,6.648310176922201,44.078717002683085,23.494992595485975,1.5251013196159138,1.137386206359301,2.075867669313924,52.51013196159138,13.738620635930099,107.58676693139239,672,2
alpha,player,1593,Óscar Duarte,Costa Rica,-0.5145736838614094,0.11753805706316214,0.95,-0.7515955398492956,-0.2932139848993566,0.0,1.0,1.0008751895968457,7113.108728034674,3154.9341746986397,alpha_1|player_id_sigma,0.2238064787730614,0.010269322064901915,0.20445686044223468,0.24414234882650174,1.0011205461412593,1457.2457413859695,2256.1813268167707,0.5977553730687646,0.4716134740259541,0.7458625203033126,1.2934160795198613,1.1578988106214645,1.4561526261376312,29.341607951986127,15.78988106214645,45.61526261376312,29.341607951986127,1.6729251547605277,1.340729655638602,2.12038047060752,67.29251547605277,34.072965563860194,112.038047060752,673,1
